customer_id,persona,upi_monthly_inflow_avg,upi_inflow_volatility,upi_active_days_per_month,gst_monthly_turnover,gst_filing_consistency,utility_payment_regularity,utility_avg_delay_days,telecom_recharge_frequency,telecom_recharge_consistency,ecommerce_txn_frequency,ecommerce_return_rate,mobility_active_days,mobility_distance_trend,existing_bureau_flag,existing_bureau_score_partial,months_of_data_available,num_sources_available,default_label
3883f45e-40f0-4f1e-b630-03b54e1555d8,Small Merchant,126075.78,0.3841,22,232627.94,0.5861,0.5788,11.23,,,4.48,0.1389,,,True,703.0,23,4,0
a0fa6dd5-de4c-427c-9693-a54ec327af38,Gig Worker,28990.72,0.3001,21,,,,,2.63,0.705,6.45,0.1327,20.09,0.1022,False,,21,4,0
89e1d365-f8b4-4619-aaba-3de30b76c13f,Informal/Rural Worker,24456.0,0.4391,15,,,0.7504,5.23,2.37,0.8431,,,,,True,674.0,24,3,0
a6d0bdc7-d0b6-4962-8bcc-b9b07fee24e9,Small Merchant,127960.02,0.3927,24,304157.88,0.8086,0.7632,6.59,,,7.41,0.1395,,,False,,19,4,0
b98c3a68-b2b1-4ef6-95a5-4f57ee8a2841,Informal/Rural Worker,21308.78,0.4533,13,,,0.8585,4.81,2.71,0.7396,,,,,False,,23,3,0
09b032b9-43ae-4e23-a73e-e41787913a5e,Small Merchant,150320.6,0.3561,25,323463.7,0.8457,0.7718,4.97,,,7.37,0.0994,,,False,,26,4,0
849b208b-dca7-4677-84ee-900f2f405a8c,Small Merchant,134646.07,0.389,23,262042.08,0.7853,0.6411,10.87,,,,,,,False,,21,3,1
870d939f-ad2f-4248-9b69-83919478d45a,Informal/Rural Worker,19199.28,0.3479,13,,,0.5631,13.1,1.61,0.5725,,,,,False,,16,3,0
38934e0f-f862-4dbe-9a47-7c6b4f19cffb,Informal/Rural Worker,22004.6,0.5391,17,,,0.7448,7.35,2.29,0.7451,,,,,False,,23,3,0
e2654431-b473-4f01-89bc-51cc80c3bedc,Informal/Rural Worker,31976.94,0.2699,20,,,0.8226,5.2,2.54,0.6424,,,,,False,,25,3,0
5fe6cce9-b36b-43fd-83ba-8e50311cc7ad,Gig Worker,30514.55,0.4673,21,,,,,1.87,0.7068,2.92,0.1818,17.19,-0.11,False,,16,4,0
4a728107-c314-4f6a-b2b0-cce52f9064a2,Small Merchant,125008.08,0.2919,26,,,0.6609,9.1,,,5.64,0.17,,,True,612.0,23,3,0
119d32d8-d36b-43f2-9f47-fecb32a8f4af,First-time Borrower,80416.15,0.1688,22,,,0.881,2.41,,,7.0,0.1016,,,False,,24,3,0
9ca43b5b-82e9-4388-98a6-67143a3abf93,Small Merchant,123261.73,0.3201,25,232581.12,0.6623,0.8259,5.07,,,6.33,0.1827,,,True,576.0,18,4,0
5c2591f9-85c3-4d25-9528-507eaa6444e6,Informal/Rural Worker,26493.1,0.4451,15,,,0.8396,3.72,2.56,0.7808,,,,,False,,18,3,0
94df4a5b-e069-4396-be45-f7c68ff6c2c9,First-time Borrower,38379.54,0.1952,21,,,0.7392,10.2,1.58,0.5832,2.61,0.1557,,,False,,17,4,0
3e11b3ab-c05c-4d10-9db3-b70ab2eb2ec1,Small Merchant,94826.92,0.3108,20,178009.64,0.6849,0.601,13.4,1.62,0.5353,4.75,0.1881,,,True,529.0,12,5,0
df8c59f5-adc0-4944-bf31-5a8e3f2b4512,Gig Worker,37311.69,0.4129,22,,,,,2.2,0.6144,,,17.0,0.0829,False,,15,3,0
21673030-e07f-4c7c-ae96-16048a97b896,Gig Worker,33813.74,0.4175,24,,,0.9161,7.24,2.67,0.8374,,,21.57,-0.0105,False,,18,4,1
f2705f8d-cc4e-4a17-8d05-139876df9774,Gig Worker,35049.96,0.3972,23,,,,,,,,,15.98,0.0869,False,,16,2,0
50008119-4eac-4b37-bb67-808b68bd97cf,Informal/Rural Worker,28752.01,0.4496,16,,,,,2.49,0.8434,,,,,False,,20,2,0
436f856e-cf2c-40a1-9851-0870f6a087dc,First-time Borrower,53147.88,0.2408,15,,,,,,,4.42,0.2044,,,True,562.0,12,2,0
18bfaaf9-9afb-4e6c-902a-bf4bb37a6993,First-time Borrower,65633.29,0.1395,20,,,0.7457,4.2,2.45,0.7619,5.53,0.0985,,,True,668.0,23,4,0
cf5858e2-091f-4599-aa68-3258dfe6b5c6,First-time Borrower,51283.6,0.2539,19,,,0.6462,7.9,1.68,0.6786,,,20.24,0.0703,True,605.0,19,4,0
dad2f32d-46ad-4c45-a2e7-fa269b96b0e9,First-time Borrower,56406.23,0.1915,23,,,0.8745,8.86,2.76,0.6954,6.75,0.1614,,,True,667.0,21,4,0
d1a7cdf0-cb07-41f5-8d76-f605f87c34e6,Informal/Rural Worker,23461.47,0.3545,19,,,0.7662,8.59,2.68,0.7429,,,,,False,,22,3,0
5fe91a38-f979-44f3-b04d-295778b25c4e,Gig Worker,11610.96,0.4171,17,,,0.6252,9.69,1.16,0.5378,,,12.03,-0.0395,False,,19,4,0
fe0924a8-90cb-46ca-a679-3460028b09d3,Gig Worker,48286.85,0.4874,25,,,0.8362,3.9,2.87,0.8452,,,21.75,0.0804,False,,25,4,0
eed23905-c83a-49e6-b678-57841b446b89,First-time Borrower,51256.14,0.1644,18,,,0.7159,9.11,,,5.24,0.1992,,,True,581.0,16,3,0
e9576ce2-de1e-430e-bb51-f6e2061aff33,Small Merchant,176845.04,0.3417,26,391104.6,0.8163,0.9174,5.7,,,8.49,0.0939,25.32,0.1668,False,,30,5,0
9e2fd9fd-de34-42b8-ad09-a757f40bf810,Small Merchant,110801.41,0.328,25,184296.88,0.7364,0.6155,10.29,,,5.58,0.1353,,,False,,14,4,1
dbb8591f-fd4e-461f-bd46-cd11f1bcac9d,Gig Worker,45120.76,0.3476,24,,,,,2.42,0.9032,,,24.55,0.118,False,,26,3,0
9bb8f9dd-a22f-48cc-9df0-8abfdb0202fb,Small Merchant,112221.94,0.3003,22,200526.79,0.7289,,,,,2.46,0.2653,17.75,0.0247,False,,13,4,1
5caba8a0-6dd8-4118-b0af-2b7f6bcc0fc2,Gig Worker,21766.68,0.5022,18,,,,,1.62,0.5636,2.96,0.2214,,,False,,11,3,1
11471475-a05e-424e-9aa1-737e0592f6c7,Gig Worker,38398.74,0.3009,26,,,,,3.39,0.8593,6.75,0.1608,24.4,-0.0304,False,,20,4,1
15ec245d-e91b-445a-8571-8479b3e05c6b,Small Merchant,66230.31,0.3462,21,125885.3,0.5603,0.5268,17.04,,,,,,,False,,12,3,1
2c27d835-13d4-4447-9e0a-261ecaf063c0,Gig Worker,25125.25,0.4353,23,,,,,1.84,0.5849,2.53,0.1838,16.27,-0.072,False,,17,4,1
9e701736-bdbd-40fa-b618-91f85fdb18ac,Informal/Rural Worker,32170.2,0.4778,18,,,0.8269,3.56,2.94,0.7727,,,,,False,,31,3,0
47a19dfd-66ea-47dd-bb0e-63c0b3920d5b,Informal/Rural Worker,26364.71,0.5032,13,,,0.755,12.25,2.58,0.6724,,,,,False,,18,3,0
ba2952d6-b71a-4057-b653-831a1861d690,Gig Worker,46229.9,0.4051,23,,,,,,,,,18.87,-0.023,False,,21,2,0
f8ab7e1f-c43c-4b17-ae36-b8171ecd56e9,Informal/Rural Worker,28161.19,0.4771,17,,,0.7936,2.85,2.98,0.7721,,,,,False,,26,3,0
5e972d10-f724-4165-a6c7-51bf52db50cd,First-time Borrower,67830.9,0.1681,19,,,0.7189,4.03,2.14,0.8308,,,,,False,,25,3,0
856e700e-4616-41e4-8752-f4f2b74f4ff8,Informal/Rural Worker,21716.51,0.4991,16,,,0.6679,9.14,2.01,0.7356,,,,,False,,18,3,0
c6f86ea7-5c76-4683-898c-be2b8a07a01f,Informal/Rural Worker,10252.5,0.5346,7,,,0.4675,13.81,1.32,0.4901,,,,,False,,14,3,0
e52849d1-6f4b-40d9-a998-ddd2170b449e,Gig Worker,17019.72,0.4443,17,,,,,2.07,0.529,5.13,0.2189,14.39,-0.05,False,,16,4,0
e7035b90-197d-4931-82ba-4a1777336c33,Informal/Rural Worker,18060.01,0.431,10,,,0.5223,9.73,1.71,0.6159,,,,,False,,13,3,1
46659966-65d8-464d-baf0-6c8cbc7422c8,First-time Borrower,70085.09,0.2007,24,,,0.8416,2.24,2.29,0.7956,,,,,False,,28,3,0
b06569be-7eb5-4ad3-a2bd-6a4c349d8eef,First-time Borrower,73426.5,0.1545,24,,,0.9131,2.0,,,,,,,True,792.0,23,2,0
143a87df-8b80-4159-995d-304024f54de3,First-time Borrower,41170.08,0.1836,17,,,0.5156,12.68,,,1.87,0.1949,,,True,482.0,12,3,1
b0ef89ff-a207-4b77-ac43-741d8aec3f9b,Small Merchant,120049.25,0.3882,24,234993.29,0.6835,,,,,3.68,0.23,,,False,,20,3,1
592f3cd5-6b2a-4478-acf7-d821e0124fbc,Gig Worker,52345.37,0.2893,29,,,0.8807,0.0,2.78,0.779,,,24.52,0.1493,False,,29,4,0
165762c2-cc3f-4cdf-b7c5-bfdc49bf527a,Informal/Rural Worker,18998.87,0.402,16,,,0.6177,10.35,2.69,0.6226,,,,,False,,16,3,0
c66d1b50-9e05-4f2a-af05-f1191b80b0d3,First-time Borrower,65115.19,0.1599,20,,,,,,,,,,,True,654.0,22,1,0
ee0bfaff-67be-4da4-b8e1-96f804e5b64e,Small Merchant,145834.96,0.3025,24,298443.94,0.6454,0.8089,9.39,,,5.69,0.1233,,,True,647.0,20,4,0
ef06bfc1-753c-4165-8808-f162a2aed8a3,First-time Borrower,55184.11,0.2229,22,,,0.7729,7.61,3.13,0.6961,,,22.52,0.0641,True,677.0,19,4,0
a2146822-b669-4969-8b58-056b43af376e,Small Merchant,101693.76,0.3665,23,250029.97,0.5976,0.5787,13.14,,,4.47,0.1186,,,False,,19,4,0
045f68b8-2649-4247-b953-0127ee80679c,First-time Borrower,39834.54,0.2194,16,,,0.5671,13.4,,,,,,,True,531.0,12,2,1
86074d04-e6b7-45fc-8eda-6ee784070a62,First-time Borrower,65149.11,0.1827,22,,,0.8822,4.94,,,,,,,True,689.0,21,2,0
fe8832b3-8deb-4a84-b581-9fb1465b2338,Gig Worker,48032.89,0.3218,23,,,,,2.98,0.8345,6.47,0.0991,24.46,0.1182,False,,26,4,0
0ac47af2-f189-45e1-b1f1-4c85bfaba3e0,Small Merchant,67568.87,0.3498,20,169904.65,0.6006,0.5564,13.08,,,3.41,0.2015,18.02,-0.0006,False,,14,5,1
c37d6d51-8c9f-4fc9-bc1e-d0e86bca30b2,Small Merchant,205275.88,0.2544,27,425917.88,0.8435,,,,,,,,,False,,30,2,0
a9255efc-a5e5-4036-80dc-3c05b451d086,Small Merchant,72019.32,0.4423,19,,,0.3314,14.19,,,0.5,0.1953,,,True,503.0,7,3,1
4cfaa654-e77f-43a3-9e9d-c65cc43865de,First-time Borrower,33453.88,0.2547,16,,,0.5061,16.41,,,2.4,0.1883,,,True,474.0,4,3,1
f36c791c-77da-47f6-9206-b93874b4a953,Small Merchant,80550.19,0.4586,21,186612.47,0.5419,0.5785,14.84,1.21,0.5829,5.67,0.1819,,,True,530.0,9,5,1
62da4206-c1f0-4ead-8a54-48b20f48f2ed,Informal/Rural Worker,22342.69,0.5371,12,,,0.7025,14.22,1.63,0.5421,,,,,False,,14,3,1
cb225e1b-1975-4f7b-9f8f-3be3abbbb507,First-time Borrower,57484.38,0.2145,22,,,0.6993,9.59,,,,,,,True,643.0,19,2,0
5a6a7f95-d53a-463a-803d-2d5b2b2578c1,Gig Worker,34619.09,0.4935,21,,,0.6975,12.93,2.26,0.6665,,,21.63,0.0843,True,614.0,17,4,0
ae3813cf-adcb-4901-9f56-92a68294eb64,Small Merchant,105350.29,0.3463,22,278124.8,0.7434,0.6473,10.79,,,7.19,0.1159,,,False,,20,4,0
3f1ac6c0-e4fa-49d7-bcf3-b5e0551c2f1a,First-time Borrower,42519.09,0.1887,18,,,0.6191,12.86,,,,,,,True,557.0,12,2,0
b622c3ce-ba06-45f6-a9e3-75c714a78060,Gig Worker,48741.95,0.4618,26,,,,,3.4,0.8038,,,25.24,0.1995,False,,29,3,0
2505d7ba-5dbe-4411-9014-a360e8f0fed2,Gig Worker,31152.33,0.499,19,,,,,2.4,0.6336,,,18.88,-0.1036,True,563.0,14,3,0
d867dea6-573b-4243-9ba4-d190c2847500,Small Merchant,106271.96,0.3856,23,178069.16,0.7823,0.7338,9.34,,,3.98,0.1948,,,False,,20,4,0
be63a4f6-f0b3-468c-a54f-3d80c4f85855,First-time Borrower,37233.69,0.2274,19,,,0.5607,15.86,,,,,,,False,,8,2,1
7b0dc938-c8b9-4354-b9af-2d75c48a006d,Gig Worker,37279.33,0.3724,23,,,,,2.03,0.6738,,,17.15,-0.0154,False,,18,3,0
7b82266a-4d6b-4f82-b2b0-f07731e75a4f,Small Merchant,171182.03,0.2827,28,332927.38,0.8959,0.8288,8.97,,,6.77,0.1114,,,False,,29,4,0
0769be94-82a6-473f-979a-b1f22af3c7aa,First-time Borrower,81804.74,0.05,26,,,0.8778,5.18,3.38,0.8101,,,,,True,787.0,25,3,0
62e1f447-fe30-42b1-b7d3-18f8d070ccc3,Gig Worker,46025.71,0.2986,24,,,,,2.73,0.8783,,,21.23,0.1414,False,,23,3,0
0eba92c7-7ba7-4637-a6e7-d32ecb66bf8f,First-time Borrower,50330.35,0.1812,18,,,0.6666,7.09,2.31,0.6895,,,18.52,0.0225,False,,13,4,1
a1f4ca47-24d1-4c1e-a18a-c9e8c0586058,Small Merchant,145256.11,0.3896,23,225609.02,0.6115,0.5439,7.97,2.54,0.5671,2.98,0.1816,19.08,-0.1161,False,,15,6,0
f8d124cd-bfa9-4bbb-984b-b3240e880b30,Gig Worker,45019.68,0.3485,21,,,,,1.96,0.7359,,,23.55,0.0682,False,,20,3,0
7149a695-2ae2-419f-b607-e946c4ca4427,Small Merchant,98271.21,0.4391,22,197085.15,0.6574,0.611,10.94,,,3.03,0.1388,,,False,,19,4,0
885137a1-ef38-433c-95de-6f2cd2ffdf60,Informal/Rural Worker,20201.65,0.4259,16,,,0.8272,8.57,2.6,0.6471,,,,,False,,24,3,0
fff6165a-28c8-4a66-9b9a-7663db3dd790,Small Merchant,129150.34,0.3023,23,283666.54,0.8299,0.7156,7.48,,,3.31,0.1802,,,False,,16,4,0
fc47a789-772d-4f09-98e0-433d36c72b81,Gig Worker,39637.59,0.3886,20,,,,,2.59,0.7279,,,19.01,0.0695,False,,21,3,1
bf954dba-5ee5-4e07-b31a-2ccfb97f2218,Gig Worker,45569.63,0.3763,25,,,,,3.42,0.7447,,,28.25,0.1673,False,,25,3,0
485dd6a3-7ba2-4238-bb59-30e7948e6cb1,Informal/Rural Worker,15556.62,0.6148,10,,,0.3461,12.45,1.77,0.5908,,,,,False,,11,3,0
98e45dca-49b3-4fcf-8387-440bdcd6ced8,First-time Borrower,64406.98,0.2458,22,,,0.8681,8.32,,,7.68,0.1773,,,True,662.0,26,3,1
664ab015-61ab-438a-a9b4-f3a8e7b363e6,Small Merchant,162026.5,0.3176,25,241629.59,0.6597,0.6897,10.07,,,5.93,0.1496,,,False,,13,4,0
dbd4ccb8-07e3-42b6-829e-c8f7a1f02804,Informal/Rural Worker,23227.77,0.3885,17,,,0.6252,6.67,2.17,0.6976,,,,,False,,27,3,0
ca66da00-ff71-4530-a671-a93cabf6f47f,Small Merchant,149027.01,0.2991,27,279907.63,0.8191,0.7783,8.01,,,6.95,0.1522,,,False,,20,4,0
67a1edd4-1981-4c64-948b-3be48b3710a4,Gig Worker,37090.52,0.3407,24,,,0.7403,5.66,,,,,19.13,0.0746,False,,18,3,0
4a07e576-4129-4acb-ac65-d77b2a7aee0a,Gig Worker,46816.55,0.2774,26,,,,,3.12,0.8383,,,24.26,0.1838,False,,27,3,1
14cc86da-5d6c-4c21-a681-c075cebbe427,Small Merchant,178035.55,0.3442,27,381207.91,0.8225,0.9051,2.1,3.16,0.8024,7.93,0.1238,23.35,0.3038,False,,31,6,0
e5e694c9-d93f-40a3-a5fa-dff26950d1dd,Small Merchant,111657.9,0.396,23,215775.53,0.6644,0.6835,13.48,,,5.0,0.1968,,,True,616.0,14,4,0
d75a0843-8baa-4540-9412-3f4642bc5e27,First-time Borrower,38593.77,0.2659,15,,,0.5946,12.13,,,4.06,0.2088,,,True,538.0,16,3,0
574448f0-7031-4c15-a0e0-9e6c30af1e48,First-time Borrower,38951.14,0.2652,13,,,0.4343,12.14,,,2.36,0.21,,,False,,14,3,0
90b10604-359e-4ed4-892a-a3803886afe0,Small Merchant,172361.08,0.2248,28,376150.76,0.8813,0.9478,1.17,3.26,0.9743,10.91,0.0866,,,False,,34,5,0
3afee39d-6af8-427e-9d22-a73eb80e5797,Gig Worker,25551.09,0.5294,22,,,,,1.72,0.4964,,,16.55,-0.0384,False,,21,3,0
279137ba-7c92-4307-9421-a23bb16a965c,Small Merchant,114434.34,0.4231,24,,,0.6497,9.27,2.21,0.629,4.9,0.1657,15.51,-0.0154,False,,20,5,0
8d56a11e-0285-4015-8d6d-d63f7b7c4357,First-time Borrower,51718.87,0.2551,19,,,0.7483,6.86,,,,,,,False,,21,2,0
d650ae88-4e7e-48d0-92ef-14dbe76bad61,Informal/Rural Worker,16537.65,0.5391,11,,,0.6377,13.01,1.45,0.5597,,,,,False,,14,3,0
90508287-b664-4e03-b91d-57d9efef163c,Small Merchant,118732.11,0.3299,24,241028.5,0.7793,0.6608,11.53,2.37,0.6902,5.32,0.2025,,,False,,14,5,0
ea846e10-e1c4-479a-82d2-615fc0ed3e69,Informal/Rural Worker,27255.34,0.3168,17,,,0.8886,1.23,3.36,1.0,,,,,False,,27,3,0
9cdb676f-cc4c-4ba0-b5e5-3dcd8e2e5f92,Small Merchant,34564.67,0.4042,19,58762.96,0.5243,0.4872,18.6,,,2.42,0.2461,,,False,,12,4,1
7e59539c-8fa8-45cf-a529-f8c8f6e1282c,Small Merchant,114535.32,0.4644,25,200682.26,0.6809,0.6187,13.35,,,2.37,0.1497,,,False,,17,4,0
a4a7ab56-bed7-417e-93c5-1cef15165c9b,Small Merchant,82523.81,0.4428,21,169053.9,0.7004,0.6225,13.39,,,4.08,0.1414,,,True,544.0,11,4,0
3fcb4bd0-b924-40cb-8942-5dea9efbaa84,Small Merchant,140672.0,0.3044,25,286669.37,0.7655,0.715,3.46,,,5.17,0.1299,,,False,,23,4,0
679a4643-6e32-4769-9a85-ae0188c10baf,Gig Worker,22550.22,0.4999,19,,,,,1.56,0.4495,4.62,0.2215,17.14,0.1115,False,,12,4,0
892c909d-b0a2-452a-b6a6-197e8ef951b7,First-time Borrower,54606.51,0.1623,15,,,0.6439,9.04,,,3.67,0.1495,,,True,554.0,14,3,0
338a69c7-35c8-41c6-b35c-f518aaf2a85f,Small Merchant,108693.95,0.3932,22,167766.48,0.6685,0.5422,13.07,,,6.06,0.199,,,True,560.0,12,4,0
8e306f98-b857-421a-8f01-eb32409a62f1,Gig Worker,26789.25,0.379,24,,,0.7197,11.72,2.3,0.7055,,,17.94,0.0202,True,584.0,17,4,0
65c0bc83-397e-4a94-82bf-8728249f4da2,Informal/Rural Worker,20391.2,0.4818,12,,,0.7569,11.76,2.12,0.6537,,,,,False,,16,3,1
07488fe9-bc2e-4af5-8e40-eb2e429bd038,Informal/Rural Worker,15531.57,0.5503,13,,,0.5417,13.67,1.34,0.621,,,,,False,,16,3,1
9a393893-5234-43e3-bda2-6f01779fa639,Informal/Rural Worker,23477.12,0.3161,18,,,0.7298,6.13,2.67,0.7698,,,,,False,,21,3,0
c15a0c28-dc42-41ca-a65d-d47f9429e9b6,First-time Borrower,70104.31,0.0923,25,,,0.8237,7.04,,,,,,,False,,28,2,0
83767c0a-b6af-4921-9fcd-f38a85567e6b,First-time Borrower,64595.92,0.2339,21,,,0.7081,11.77,3.23,0.7181,5.38,0.1455,,,True,645.0,24,4,0
cd83302f-d2b0-4742-9e79-feb9305d8403,First-time Borrower,78729.89,0.2145,24,,,0.8841,1.01,,,5.2,0.1009,23.93,0.2244,True,782.0,23,4,0
dd5948de-6bec-4228-b611-30c2b76935a1,Small Merchant,83996.51,0.4722,22,252589.21,0.6208,0.4733,12.49,,,5.77,0.1649,,,False,,16,4,0
90593a10-c5df-42c3-a18b-107f2685114d,Gig Worker,38839.02,0.311,22,,,,,2.52,0.7163,4.88,0.0493,23.6,-0.0723,False,,22,4,0
7116761c-c771-4b1d-a6ff-b76816f7674b,Small Merchant,77416.21,0.4252,24,243851.3,0.7144,0.6036,11.63,2.38,0.5842,2.87,0.2186,,,False,,18,5,0
ce8decd6-293d-4b8a-977b-890a07f47fe0,First-time Borrower,64532.09,0.1228,24,,,0.7826,5.98,,,,,,,True,724.0,24,2,0
08446c40-b8cb-439b-a017-9ad36ff8fbaa,Informal/Rural Worker,14083.91,0.4286,13,,,0.7123,9.25,2.85,0.7796,,,,,False,,19,3,1
55deea67-6812-4901-a843-403cd468c791,Gig Worker,41999.79,0.3482,25,,,0.8159,6.7,2.29,0.7379,6.7,0.0694,22.44,0.1807,False,,21,5,0
06900cf3-3b15-4f09-a3f1-dd27f6e2b35b,Gig Worker,30715.08,0.4619,21,,,,,1.93,0.5874,2.61,0.16,14.2,-0.0312,False,,8,4,0
6035e2c9-8a8b-44f3-b07e-962d08cb9a94,Informal/Rural Worker,26828.07,0.5139,19,,,0.823,7.26,2.76,0.8135,,,,,False,,25,3,0
fd948af6-69fe-4fff-83f6-3bc9876755c7,First-time Borrower,80782.3,0.1525,23,,,0.8055,2.67,2.85,0.9125,,,,,True,764.0,21,3,0
a104c446-74ef-4a4f-a024-cefb29f26c9f,Informal/Rural Worker,9661.54,0.5743,5,,,0.3822,17.25,1.27,0.4246,,,,,False,,11,3,1
1f3a4d1d-2d99-4111-938a-0edc253d3621,Gig Worker,19811.86,0.4711,17,,,,,,,3.22,0.2531,,,False,,11,2,1
e7cd0db3-f01a-4d52-b9af-832c73883b1d,Informal/Rural Worker,26388.64,0.3885,18,,,0.8018,4.06,2.61,0.8069,,,,,False,,22,3,0
edfede8b-ab7c-42cd-a381-0d03e7a12eb4,Informal/Rural Worker,16630.22,0.4891,14,,,,,1.91,0.6549,,,,,False,,17,2,0
e87eb892-a165-47cb-964a-0b9578e04220,Informal/Rural Worker,21641.9,0.5679,14,,,0.6675,6.87,2.07,0.6682,,,,,False,,17,3,0
8e2c9568-3b42-4ffc-b4e9-0cd30c46f659,Gig Worker,23738.86,0.4794,18,,,,,1.1,0.6068,,,15.26,-0.0145,False,,12,3,1
e16f45ee-9f9d-4201-a39e-a4885c4f20c6,Gig Worker,34186.96,0.4329,22,,,0.6778,8.48,2.55,0.5361,,,18.06,-0.0418,False,,28,4,0
743888ac-5c00-4e2d-84cf-562508ca58be,Small Merchant,120948.12,0.3548,24,279653.84,0.6912,0.7033,4.93,2.62,0.6915,,,,,False,,15,4,0
2d5a83ff-138c-4fc3-8564-a0dbc91d10e9,First-time Borrower,72100.0,0.2496,25,,,0.7445,8.13,,,,,27.55,0.1201,True,712.0,25,3,1
9c7bf3f2-0552-4bca-ab37-2fc7dfe92aca,First-time Borrower,79007.39,0.1842,25,,,,,,,,,,,True,760.0,31,1,0
d084aa52-66a9-4a8a-911d-c038bf10e787,Informal/Rural Worker,17047.48,0.4614,10,,,0.4555,10.68,1.29,0.4609,,,,,False,,9,3,0
0c04d482-2686-4711-bd3a-251520d064f3,Small Merchant,101716.98,0.2949,22,240854.42,0.7643,0.6698,12.49,2.57,0.6607,2.74,0.1922,,,False,,15,5,0
f1f9438d-4915-4308-8f13-b35ed79f2be4,First-time Borrower,59097.02,0.1357,17,,,0.7922,10.73,,,,,,,True,599.0,11,2,0
bee159ba-7b99-45d2-b05d-2da0b8954cb3,Gig Worker,35240.2,0.3638,24,,,,,2.99,0.7597,,,18.43,0.1446,False,,23,3,0
3cf11b3f-3f80-46d7-bed8-c2bbd2bd473d,Informal/Rural Worker,25056.66,0.4339,15,,,0.881,5.17,2.83,0.7764,,,,,False,,17,3,0
b018a54f-d612-41c4-9bbd-a33ff21b48ab,Gig Worker,26794.77,0.3675,22,,,0.6657,10.96,1.47,0.5028,,,14.12,0.009,False,,17,4,0
9a53266b-a09c-4f49-9914-692852b7bbb8,First-time Borrower,46471.65,0.2481,17,,,0.7089,13.83,,,2.75,0.1951,,,True,602.0,18,3,1
a6b03d53-cba1-428e-8370-85423b64b825,Gig Worker,34164.6,0.5004,19,,,,,2.37,0.6902,5.78,0.1739,14.91,-0.0113,False,,19,4,0
7f179005-c92e-4ff0-b93a-064d6a287d93,First-time Borrower,39208.42,0.2774,15,,,0.4231,11.97,,,,,,,False,,16,2,0
ee648277-469a-415e-bebb-69d4dccc2de9,Small Merchant,112430.94,0.4062,23,197989.05,0.6839,0.6304,5.34,1.94,0.5085,4.69,0.1484,,,False,,12,5,0
96b5332e-330d-4107-b5c4-cf53f290621a,Gig Worker,37850.51,0.3504,23,,,,,2.54,0.6581,,,21.32,0.0788,False,,20,3,0
060b8507-0cc9-45ce-b24a-3a1349900412,First-time Borrower,81418.37,0.0973,24,,,0.8469,8.62,,,,,,,True,717.0,27,2,0
a3582a5b-755a-4591-8a4e-fb7f2ca9e8be,Small Merchant,166112.35,0.2655,25,406271.13,0.7998,0.8017,7.22,,,7.01,0.17,24.34,0.0893,False,,26,5,0
f3188ebf-40e0-4e04-90c5-5fc3bc8aef0a,Small Merchant,175210.32,0.3013,24,348885.98,0.8754,0.8421,2.45,,,7.22,0.118,26.1,0.2178,False,,26,5,0
7582fae9-42a8-4f4e-b153-65e82c6ccdff,Informal/Rural Worker,21646.93,0.583,10,,,0.6141,13.59,1.6,0.6393,,,,,False,,16,3,0
15e2fb19-288b-4661-be78-af1c03c8edf7,Small Merchant,115669.38,0.2848,26,209113.12,0.707,0.6886,11.49,2.22,0.6165,6.83,0.1881,,,True,625.0,14,5,0
f9b62d7f-9782-48d6-93bf-e796be8b05d9,First-time Borrower,65854.61,0.0867,21,,,0.9492,2.66,,,8.27,0.1152,,,True,713.0,24,3,0
e8550f99-4232-490c-8599-7c7c874aa2a7,First-time Borrower,79470.47,0.1605,24,,,0.9152,2.81,,,8.23,0.0522,,,True,716.0,27,3,0
91e02ffb-8c99-45d5-9eeb-4a8295784fce,First-time Borrower,59057.64,0.3084,23,,,0.7145,7.0,,,6.78,0.203,,,True,662.0,19,3,0
1c8a70ef-a503-4de0-851c-fafc4405fc5b,Gig Worker,29304.2,0.3956,21,,,,,1.61,0.568,,,12.97,-0.0169,False,,13,3,0
5e6bab71-4a2e-4b03-9a5f-3e22f5250ad1,Gig Worker,37871.16,0.3783,24,,,,,,,6.29,0.1578,19.91,0.0634,False,,19,3,0
855d6f53-a0bf-4a70-9e44-c95b781a3bed,Gig Worker,33037.94,0.4124,19,,,0.6881,11.67,2.43,0.5734,,,18.84,0.0737,False,,17,4,0
267669e3-2593-4abd-afca-31f630c7f48b,Small Merchant,154252.81,0.278,24,278566.74,0.8716,0.7398,10.0,2.6,0.8165,6.32,0.1552,,,False,,24,5,0
ce736e2b-e843-4aa2-ab8b-2305bc3b776b,Small Merchant,178614.58,0.2045,26,346973.29,0.8323,0.8071,1.57,,,8.96,0.1315,25.0,0.1714,False,,25,5,0
a155a6d4-0799-422e-9e6e-038f7511fdc6,Small Merchant,132003.64,0.3328,24,258119.95,0.6535,0.617,9.75,,,6.14,0.195,,,False,,15,4,0
07d34cc0-27e7-4697-9d65-e854aed9f43d,Informal/Rural Worker,32533.05,0.2837,17,,,0.9708,5.12,2.87,0.841,,,,,False,,27,3,0
7ac09428-9df1-45bc-94c8-c043c9925da6,Small Merchant,159492.37,0.3204,29,327326.19,0.8233,0.8521,2.71,,,10.32,0.0653,,,False,,27,4,0
4d24690c-3fad-404a-90d4-c662e27fdbc5,Small Merchant,171547.04,0.2757,26,372514.29,0.9683,0.8449,5.24,,,8.72,0.1294,,,True,754.0,30,4,0
c5ee6619-9579-4878-a4bb-b976de3a4f52,Gig Worker,26075.66,0.4211,17,,,0.6133,9.49,1.96,0.5488,4.8,0.2033,13.62,-0.0221,False,,9,5,0
6ff999cc-a5e7-47fa-8480-310c09f5afee,Small Merchant,139903.87,0.3275,25,331125.86,0.814,0.7136,9.3,,,7.45,0.1528,,,False,,21,4,0
c6f28ee5-b89a-46d7-b6e9-861fe9084d63,Informal/Rural Worker,12412.8,0.5078,13,,,0.635,15.98,1.91,0.485,,,,,False,,16,3,0
ee5beea7-dbeb-4434-a7c0-933db22a2a90,First-time Borrower,51725.15,0.293,18,,,0.7048,12.82,,,,,,,True,512.0,18,2,1
ca8f4cd8-a686-4b29-9a6e-a60233c2f6fe,Gig Worker,49031.2,0.283,24,,,0.937,6.96,2.98,0.8445,,,23.94,0.159,False,,29,4,0
f307e06b-06ca-4013-8037-3ff635d8f945,Gig Worker,34792.05,0.5387,22,,,,,1.47,0.5909,,,17.5,-0.0229,True,520.0,9,3,0
84aae61c-2c71-42ab-8596-b9c2a8c76620,First-time Borrower,35584.66,0.2976,20,,,,,,,,,,,False,,9,1,1
a1a103ba-0dfc-4b60-8470-b551f509b4aa,Informal/Rural Worker,31156.47,0.4307,19,,,0.8495,8.47,2.91,0.8015,,,,,False,,26,3,0
d0f3790f-f154-452b-8ebd-45d57d6f51fc,Small Merchant,94556.44,0.3817,25,243191.02,0.695,0.7154,11.0,,,6.16,0.1873,,,True,600.0,19,4,0
f320a6e7-d873-45c8-9c83-b920249b104f,Informal/Rural Worker,13173.56,0.4185,12,,,0.7055,10.94,,,,,,,False,,14,2,1
243e0bd9-097e-4eb6-8220-4ed518522969,Informal/Rural Worker,14098.81,0.4392,13,,,0.6666,13.94,2.29,0.5491,,,,,False,,11,3,0
77c5b793-e8e9-41bc-9f89-95c87170cab9,First-time Borrower,66119.01,0.0728,23,,,0.8134,0.56,,,8.83,0.1212,,,True,747.0,26,3,0
b6491b0a-0228-4833-bb74-057f88baf2b2,First-time Borrower,29320.19,0.2746,16,,,0.5368,17.99,,,4.5,0.205,,,True,483.0,5,3,1
d9c68cf7-03f2-4d4d-8e85-74c6125906aa,Small Merchant,181101.96,0.3185,25,368525.42,0.8656,0.8615,6.5,3.18,0.8688,8.69,0.094,,,False,,23,5,0
b474a444-1a2d-462c-9ebd-9f9fc9390454,Informal/Rural Worker,23034.34,0.2234,17,,,0.8035,3.26,2.81,0.9752,,,,,False,,23,3,0
2eaa6936-f89a-4737-a438-dd38d9006017,Small Merchant,102737.68,0.3539,23,222979.92,0.672,0.665,11.08,,,4.13,0.1407,,,True,572.0,16,4,0
61f87830-6c64-49f9-82a2-a23045d0a868,First-time Borrower,49359.29,0.2876,19,,,0.5649,11.89,2.09,0.6446,,,,,True,547.0,17,3,0
f589d17f-688d-4db3-86f3-4e4f63fca9d3,Small Merchant,98339.61,0.4858,22,197275.04,0.554,0.5665,13.65,1.32,0.6321,3.31,0.2217,,,False,,12,5,0
285928c7-d8c5-4a82-9581-e4e4f79b2b59,First-time Borrower,74231.39,0.1332,29,,,0.9493,0.66,3.06,0.9368,,,,,True,805.0,28,3,0
acc2d27c-d979-4999-bc03-fa30d1f0f714,Gig Worker,32949.86,0.4216,17,,,,,1.64,0.5687,4.16,0.2375,14.01,0.0166,False,,10,4,0
33de7cff-fa18-480c-854e-0a0c09cafc19,Informal/Rural Worker,14968.25,0.6975,9,,,0.45,13.55,2.2,0.475,,,,,False,,13,3,1
d578b58c-c6b5-4e44-aded-3a38586641dc,Gig Worker,46646.93,0.3879,23,,,,,2.69,0.7372,,,21.21,0.0116,False,,15,3,0
ef530af0-078b-4ee0-acca-30533a84d615,First-time Borrower,82354.01,0.1571,27,,,0.8339,0.0,,,9.35,0.1461,,,True,755.0,31,3,0
525042f5-6fe9-448b-8080-09f928c5d62a,First-time Borrower,76489.32,0.1296,21,,,0.8814,4.27,,,,,,,True,771.0,28,2,0
8fcc66f1-ebfa-454f-a703-f0cac50e301c,Informal/Rural Worker,13389.04,0.5706,12,,,0.66,11.74,2.11,0.4781,,,,,False,,10,3,1
444ec0bd-3b71-4279-8ed0-e8f358c7d225,Small Merchant,101246.81,0.3549,21,187528.3,0.7321,0.6544,10.09,,,6.13,0.1249,,,True,607.0,11,4,0
ff6e4239-cb96-4ea2-96c2-55cf6a8b67e3,First-time Borrower,33544.88,0.2253,17,,,0.6223,14.85,1.21,0.4482,0.87,0.2329,,,True,526.0,13,4,1
6c8a0d1d-6125-4701-8d08-a45c54f6f718,Gig Worker,28721.41,0.5037,19,,,,,1.17,0.465,,,16.6,-0.0586,True,501.0,14,3,1
0574de66-cee8-4c7a-a3b6-cdfe7aad8c08,Gig Worker,40718.91,0.3161,22,,,,,2.58,0.7132,6.21,0.1098,22.65,-0.0159,True,699.0,20,4,0
d8862b52-228d-4b56-be04-038e8f220552,Small Merchant,141352.77,0.3839,25,287050.61,0.7515,0.7096,7.12,,,,,,,False,,21,3,0
c8722ca2-430d-40d9-a5da-86adaa5919a9,First-time Borrower,30992.57,0.379,17,,,0.5256,13.51,0.89,0.4293,2.04,0.2053,,,True,483.0,13,4,1
412bc21e-97b6-47e3-a9e7-228fe03c392a,Gig Worker,35633.82,0.4398,22,,,,,2.35,0.7666,,,18.46,0.0592,False,,22,3,0
981e7da2-8ca2-437c-85d9-41e70103cea5,Informal/Rural Worker,13424.16,0.5367,14,,,0.4282,11.47,1.78,0.5052,,,,,False,,12,3,1
c82d11f5-05f7-4cf9-a8be-2a3cd2d0c14a,Gig Worker,18736.28,0.4424,21,,,,,2.19,0.4846,,,16.22,-0.0661,False,,16,3,1
6090e435-3d61-4b3b-8bff-09af4b37fbf2,First-time Borrower,48624.47,0.2501,22,,,0.6128,8.31,,,5.8,0.151,,,True,598.0,16,3,0
f2cb4e7d-9f48-46ce-8166-5abef3e9c442,First-time Borrower,44751.54,0.2683,18,,,0.5511,9.75,1.81,0.5935,,,,,True,627.0,15,3,1
167535d9-a56b-4d7a-b73a-bc02e8ab2fb7,Informal/Rural Worker,27091.08,0.42,19,,,0.92,2.2,2.79,0.8358,,,,,False,,25,3,0
6c7bf4e0-2b7d-4b3e-b589-f343c30b7bbb,Small Merchant,122801.11,0.4283,25,233376.77,0.6856,0.708,11.62,2.12,0.6719,6.05,0.1583,,,False,,18,5,0
a3652af8-ef9d-4f42-a3a6-256e4a44ddad,Gig Worker,28382.0,0.4104,19,,,,,1.42,0.6567,,,13.9,-0.024,False,,12,3,0
79ff39da-daae-4c08-84f8-2e33c53bdde4,Informal/Rural Worker,25510.98,0.304,12,,,0.809,5.86,2.98,0.8824,,,,,False,,24,3,0
2db07086-aa5d-49c2-85a5-331001784617,Informal/Rural Worker,20394.13,0.4981,10,,,0.7137,6.06,2.12,0.6607,,,,,False,,18,3,0
eca91ebc-b375-4c60-b774-2df1e069526e,First-time Borrower,80696.0,0.1661,21,,,0.7211,6.85,,,,,,,False,,20,2,0
57e9d6d7-ca9a-418b-bc9e-2bae3a6e5ca7,Informal/Rural Worker,16032.24,0.39,7,,,0.536,14.53,2.21,0.6344,,,,,False,,15,3,0
26ba721e-fc07-43cb-aac9-e4fbfccb0f63,First-time Borrower,69879.71,0.2065,23,,,0.8,5.29,2.95,0.6753,,,,,True,642.0,24,3,0
54ec0d58-d1e6-4398-a966-fda173f21962,Small Merchant,73956.51,0.4388,22,164695.4,0.492,0.3908,14.54,1.0,0.3959,3.11,0.2441,15.6,-0.1572,False,,11,6,0
e405e245-1bb9-46f8-8662-cbd34f7d6592,Small Merchant,145867.33,0.3766,24,295376.93,0.8031,0.7511,4.97,2.79,0.7512,6.56,0.1634,,,False,,20,5,1
6327e060-ba05-465a-9a70-0364183ccc97,First-time Borrower,48622.72,0.2359,16,,,0.7225,8.24,,,,,,,False,,20,2,0
639a2501-7add-41a8-942c-4993c7e90325,Gig Worker,8911.46,0.5113,18,,,,,1.61,0.5575,,,16.58,-0.0666,False,,11,3,0
a5f12f40-a5a3-4546-b655-feebf5db4bef,Small Merchant,121708.61,0.3176,25,299923.78,0.7473,0.7163,6.81,,,6.58,0.1815,,,False,,17,4,0
03837cc8-f96b-4fae-b0fd-baf379e501bc,Informal/Rural Worker,15917.54,0.6857,10,,,0.5725,14.19,1.32,0.5165,,,,,False,,8,3,1
f058c663-f140-455b-a424-67a90a4f9e68,Small Merchant,95342.96,0.3094,22,232450.57,0.6459,0.7722,12.69,,,3.91,0.1835,18.72,-0.0482,True,631.0,18,5,0
474ba973-5bff-4af8-a956-cae8c9883d9b,Gig Worker,34640.63,0.285,23,,,,,2.45,0.7032,6.12,0.1555,23.6,0.0873,False,,17,4,0
c6c70253-8e9e-4971-9942-1a54ae78466b,Informal/Rural Worker,26803.72,0.3698,19,,,0.9066,3.07,2.99,0.7988,,,,,False,,26,3,0
8179ae5d-d92c-4771-bb1d-6f7f0d3a86a4,Informal/Rural Worker,22129.15,0.4659,12,,,0.7621,7.25,2.53,0.7718,,,,,False,,24,3,0
e99141e3-9f21-4387-ad96-1c35e5e36d2f,First-time Borrower,35932.68,0.1409,20,,,0.5017,11.55,,,4.89,0.1828,14.37,-0.1616,False,,14,4,0
611dbca6-5a78-40ff-b837-534ecfaa9816,First-time Borrower,40038.39,0.2492,15,,,0.6995,10.73,,,,,,,True,575.0,14,2,0
78492915-93d3-4946-a5dd-22f427d0d8c7,Gig Worker,25568.56,0.6036,21,,,,,1.22,0.5968,,,13.59,-0.1139,False,,13,3,0
d4d128c9-5bf9-4455-b881-b7f317fb5968,Small Merchant,131438.83,0.3082,26,219022.19,0.8501,0.6209,10.52,2.26,0.7261,,,,,False,,15,4,0
b5127866-f605-47f0-9575-c9c1a800f049,Small Merchant,122432.2,0.2879,24,,,0.65,8.05,,,6.62,0.1952,,,False,,23,3,0
536db1a6-cb42-4159-9ae9-779e77b81d23,First-time Borrower,83503.67,0.1527,24,,,0.826,0.65,,,8.19,0.0899,,,False,,28,3,0
7e284f0a-1943-4bf6-b0d6-5c123b1dba66,Gig Worker,38522.31,0.2902,25,,,,,1.46,0.6946,,,19.0,-0.0026,True,573.0,19,3,0
0fbefc31-c6da-4403-a452-e9bf91d77748,Informal/Rural Worker,19191.81,0.6195,12,,,0.7104,13.81,1.4,0.5881,,,,,False,,20,3,1
1f2860cc-3d93-488c-ba44-b0a58d872dab,Informal/Rural Worker,20432.48,0.4017,14,,,0.7777,7.42,2.74,0.6382,,,,,False,,22,3,0
136a2b31-10f8-4374-8bec-11c7eefdf53b,First-time Borrower,46747.49,0.2316,19,,,0.7325,12.75,,,6.47,0.199,,,True,608.0,14,3,1
59450c1d-6a0b-426a-aab7-dee496d76752,Gig Worker,38054.71,0.4057,25,,,0.7306,8.33,3.13,0.7189,,,22.43,0.1018,False,,24,4,0
6b8e8062-6f07-4420-906b-22ba3ded6856,Gig Worker,37045.5,0.4038,19,,,,,1.56,0.6123,,,17.9,0.059,False,,13,3,0
2c07642b-cfcc-4f1a-98d1-745054bc1534,Small Merchant,152180.54,0.3473,25,209690.86,0.7226,0.7653,6.0,,,6.26,0.1482,,,False,,17,4,0
da38ca7e-0b01-496d-971e-117fe660e85d,Small Merchant,88146.58,0.3573,22,190767.26,0.5925,0.6052,10.41,,,5.76,0.1351,,,True,587.0,15,4,0
3d15e218-6500-48c6-a7a0-5e8ce647342f,Small Merchant,123202.92,0.3623,22,298709.49,0.7214,0.7188,9.52,,,4.77,0.1932,,,True,641.0,20,4,0
80ed3a13-1ad9-40f0-914a-76ec0f385130,Gig Worker,27468.99,0.4424,22,,,,,1.82,0.6574,,,19.82,0.152,False,,18,3,0
d5f3f86b-f80e-4695-b97b-6770b6be18d6,First-time Borrower,74265.7,0.152,22,,,0.7955,10.46,2.68,0.7184,,,,,False,,19,3,0
08d9b593-20a0-4143-9ed5-1bc88fbdf3df,First-time Borrower,28443.21,0.3644,12,,,0.4576,14.87,1.72,0.4171,3.04,0.2558,,,True,556.0,16,4,0
0109cd11-cf0a-42d9-825e-f6b34e29f7ea,Small Merchant,125311.56,0.321,19,199753.47,0.6999,0.7849,12.34,,,5.78,0.1265,,,True,682.0,19,4,0
a88c18e9-25aa-4c0c-b132-6f7048474d12,Small Merchant,101490.96,0.3208,24,243294.6,0.7653,0.759,8.53,,,6.74,0.1547,,,False,,20,4,0
ca5b6503-c10c-40ea-a48b-533f480b8a0f,First-time Borrower,77360.79,0.2072,24,,,0.7986,3.25,,,,,,,True,744.0,27,2,0
ca63e8f0-3088-4468-b587-361e1dd33b41,Gig Worker,59424.76,0.3429,25,,,,,3.09,0.8333,9.83,0.1276,,,False,,21,3,0
fb2d7c03-4ae2-43ad-b485-94efa4d02064,Small Merchant,83314.11,0.3504,23,202855.85,0.6209,0.6825,10.83,1.53,0.6302,3.3,0.2076,,,False,,15,5,0
0e41efdc-f767-4f57-9540-dc757d51c536,Small Merchant,168856.24,0.3039,26,368341.93,0.9054,0.8351,0.92,3.01,0.9776,9.03,0.0964,27.19,0.2065,False,,30,6,0
1d916101-62f3-4629-8efc-719521966919,Small Merchant,105041.24,0.3512,24,356180.2,0.6555,0.7006,8.14,,,4.95,0.1662,,,False,,20,4,0
814e17d1-e030-43ea-97ef-3b49539d4145,Gig Worker,49092.02,0.3697,25,,,,,2.94,0.7463,7.5,0.215,21.61,0.124,False,,27,4,0
1b64382c-d17b-4268-87b6-97e76f4ee963,Gig Worker,43746.3,0.398,22,,,,,2.66,0.6963,,,21.8,0.1668,True,693.0,21,3,0
95d196c4-cf05-4b52-9973-b5726a22557e,Small Merchant,173620.9,0.2944,29,398670.53,0.8232,0.9325,2.82,,,9.99,0.0555,,,False,,32,4,0
5c0cafe7-2d1d-497f-b81c-b09b617ab1da,Gig Worker,41138.91,0.4473,22,,,,,2.29,0.6833,,,17.57,0.0589,False,,17,3,0
43caaff1-896b-4ce5-bac2-681a48b3ae1c,First-time Borrower,78615.64,0.1693,23,,,0.9036,1.54,2.93,0.8292,,,23.18,0.1678,True,731.0,31,4,0
8ee3b86f-9cd5-4c59-af26-e1ad45bda36e,First-time Borrower,59056.02,0.3207,17,,,0.6541,12.44,2.38,0.5081,4.98,0.255,,,True,589.0,13,4,0
a1f66b68-9b6a-4017-9442-8a597b724892,Informal/Rural Worker,24262.39,0.2593,17,,,0.9112,1.36,2.85,0.8303,,,,,False,,29,3,0
9e4c07b2-0c07-492b-b455-0e9babb1a992,First-time Borrower,63571.79,0.188,20,,,0.8262,12.64,,,,,,,False,,17,2,0
687c5448-8a8c-41e3-901c-aa71a2979143,Gig Worker,38650.23,0.4451,22,,,0.8033,9.28,2.51,0.6643,,,23.63,0.0082,False,,21,4,1
8c7af7b4-7614-4b30-bfe6-7ca0301ba2ae,Gig Worker,32197.44,0.3872,17,,,,,1.78,0.5917,,,19.81,0.0348,False,,24,3,0
4488f973-cc1b-4134-b1ac-8f422630c138,Informal/Rural Worker,25437.62,0.4161,18,,,0.8791,3.03,3.51,0.8917,,,,,False,,26,3,0
8aae551d-2bd3-49ff-a3b7-15d79c3c9885,Small Merchant,147105.3,0.3077,26,237604.28,0.8605,0.7839,5.64,,,5.58,0.1896,,,True,701.0,20,4,0
001200d2-e28c-4aa8-8d67-019d3b989bb7,First-time Borrower,63266.64,0.2624,21,,,0.8114,3.09,,,,,,,False,,21,2,0
a67a4392-2bef-4f8f-b082-e622bfa4419c,First-time Borrower,45102.82,0.244,19,,,0.7229,7.3,,,7.17,0.2013,,,False,,17,3,0
83ff5c72-5915-4b3e-b498-de7bd1f458d5,Gig Worker,17133.08,0.4586,18,,,0.5017,14.32,1.19,0.4179,,,11.19,-0.1785,False,,6,4,1
694a1f76-1ef5-4679-aeb6-f93dd07251ce,First-time Borrower,80721.19,0.128,23,,,0.7469,2.89,,,,,,,True,770.0,22,2,0
7d1fb21f-88a9-4fd6-b6cb-6eee761a692d,Informal/Rural Worker,12106.85,0.6521,14,,,0.615,12.25,1.49,0.4554,,,,,False,,11,3,0
589a6c8e-9ccb-4f95-9659-d1dc0cbf7b53,Small Merchant,151051.1,0.3071,24,348127.35,0.9556,0.9026,1.89,,,8.69,0.115,,,False,,23,4,0
ff3607ac-b43b-4e19-9bc1-ffd1bbb909c2,First-time Borrower,74621.31,0.1657,26,,,0.7759,5.6,,,,,,,True,719.0,29,2,0
4a9e4b37-6f10-4420-940e-251b64ed4cd4,Informal/Rural Worker,23009.83,0.4144,14,,,0.6942,7.0,2.61,0.6683,,,,,False,,20,3,0
689a269d-ada9-445f-91f9-a18c4155f38e,Gig Worker,22312.93,0.4283,21,,,,,1.45,0.5388,4.37,0.1994,20.26,-0.1301,False,,17,4,0
c6ceb118-5a8c-4770-92da-7d9cd4b07b9b,First-time Borrower,35957.93,0.2875,12,,,0.6125,14.14,2.11,0.5766,,,9.98,-0.0411,True,540.0,12,4,1
eef0902e-7690-48ed-8ed5-b01b2767b2dc,Gig Worker,36957.98,0.378,21,,,,,2.09,0.7032,5.67,0.2141,20.38,0.0585,False,,19,4,0
57f037fc-f9cc-4fc0-996d-438e554d5831,Small Merchant,126392.71,0.3027,22,,,0.8057,6.82,2.98,0.6116,4.61,0.1539,18.99,-0.0682,False,,21,5,0
d4a06b54-2f81-408c-a92f-1a19c72d2db5,Gig Worker,16255.52,0.3541,17,,,0.5692,14.71,1.23,0.506,2.69,0.219,16.65,-0.1077,False,,8,5,1
9552aeea-5221-4ebe-a0de-4cf18e056b79,Informal/Rural Worker,20875.21,0.4081,17,,,0.7973,7.78,2.39,0.6752,,,,,False,,16,3,0
4dd3c741-9e51-4b04-84cd-5d6f6dc6831d,First-time Borrower,34821.92,0.2729,16,,,0.4879,13.9,1.51,0.5812,3.84,0.2106,,,False,,11,4,1
219b42a5-f7d3-4fcd-b5c5-741c1bd83a84,Gig Worker,27801.68,0.4194,22,,,,,1.75,0.6408,,,20.44,-0.0527,False,,16,3,0
0c087689-7489-4a4f-adeb-f83721b7aeb6,Gig Worker,31562.45,0.4505,23,,,,,2.28,0.8036,,,20.51,-0.0008,False,,20,3,0
58e4aa39-1c61-4c08-a13f-629ab9264811,Small Merchant,66962.96,0.5001,22,130620.01,0.6494,0.5004,12.25,1.68,0.4678,2.16,0.2866,,,True,489.0,7,5,1
3311614f-56ee-4016-83ee-e38c95afb437,Small Merchant,80685.02,0.3198,24,195262.92,0.5894,0.5747,15.06,1.72,0.6182,4.54,0.1997,15.56,-0.1202,False,,14,6,0
12b22643-1dff-4666-8536-d97c997a17b8,Gig Worker,40318.05,0.4016,23,,,0.6505,8.88,2.41,0.5935,,,18.06,0.0304,False,,14,4,1
f4baa6ee-c2ce-489a-b7f5-167cebf77895,Gig Worker,42220.67,0.3232,26,,,,,2.53,0.7233,,,,,False,,20,2,0
4d8f5880-975b-4e01-a3c4-2a7e20c771be,Informal/Rural Worker,17462.19,0.636,13,,,0.7242,10.01,2.25,0.7222,,,,,False,,16,3,0
9bac47db-534c-4c17-a473-86aea63d381c,Small Merchant,71244.01,0.3309,22,190216.49,0.599,0.5648,13.1,,,4.13,0.2063,16.42,-0.0759,False,,12,5,0
330fd707-29bd-440b-b73d-321e73f58115,Gig Worker,29264.42,0.3625,24,,,,,1.98,0.7356,6.3,0.166,19.38,0.0082,False,,23,4,0
e173f093-445e-48eb-9a36-9bc28ff725bb,Gig Worker,41888.74,0.3464,24,,,0.7054,4.93,2.85,0.6865,,,19.47,-0.0141,False,,25,4,0
d12cf41d-8317-40f0-a07d-b68010640508,Gig Worker,25733.06,0.4057,20,,,,,1.75,0.494,,,17.16,-0.0376,False,,13,3,0
78917aa4-cfef-44b4-a9fa-9a66b23324b7,First-time Borrower,58491.98,0.2335,19,,,0.6983,8.18,2.41,0.6846,,,,,True,574.0,17,3,0
8aaf89b1-6870-4594-aa5c-b6576581a6ff,Gig Worker,51747.88,0.2508,25,,,0.9086,3.8,3.17,0.8843,,,25.89,0.2441,False,,34,4,0
a2277e9f-6860-4676-8f97-05c44472233e,First-time Borrower,41219.46,0.3068,16,,,0.6156,14.93,,,3.3,0.1727,,,True,559.0,9,3,0
656ab0f4-71de-42bc-9da2-8ea37d103244,First-time Borrower,68703.1,0.1628,22,,,,,,,7.35,0.1256,,,True,754.0,25,2,0
111c015a-7745-48f3-b439-a3b8a7ed741c,Gig Worker,50516.08,0.3104,28,,,0.8964,7.83,3.6,0.8751,8.26,0.0607,,,False,,35,4,0
185ff2cd-749b-411e-849a-256aff70c16a,First-time Borrower,42812.98,0.2594,16,,,0.6194,12.19,2.12,0.5356,,,,,False,,11,3,0
3631d15c-da68-427e-bb24-082794c849a9,Informal/Rural Worker,18913.03,0.498,6,,,0.6248,10.42,2.07,0.6463,,,,,False,,16,3,1
944b49ad-4a08-47da-84f2-e271551ed987,First-time Borrower,76007.9,0.1537,21,,,0.8822,7.07,,,9.45,0.1248,,,False,,25,3,0
914d0622-cb1a-4f58-9ca9-bb8fc1c19e6a,Small Merchant,105947.74,0.3241,22,185389.34,0.7187,0.6902,14.04,1.53,0.5158,3.7,0.1844,,,True,509.0,12,5,0
17b268fd-13cc-4e46-adf0-230dfefe12de,Gig Worker,31876.67,0.321,23,,,,,1.52,0.4816,,,13.44,0.0521,False,,8,3,0
1b03f983-c78c-4f12-8744-92ef9a5b1a35,Informal/Rural Worker,10919.84,0.5566,8,,,0.7293,11.99,1.76,0.5974,,,,,False,,16,3,0
005f89f5-77ad-4458-a118-7b57f1513436,Gig Worker,53218.1,0.2794,24,,,,,2.93,0.8546,,,26.16,0.0952,False,,27,3,1
be60ee2b-7018-46cc-98c0-b46b31dc6e8e,Gig Worker,23585.43,0.4259,18,,,,,1.7,0.5182,,,15.81,-0.0421,False,,11,3,0
9f1d8b51-4175-416c-95bf-8a7be640754f,Small Merchant,89820.53,0.5284,23,120699.27,0.6156,0.4806,11.84,1.25,0.363,3.53,0.1838,,,False,,14,5,0
c8d79098-b9b4-4377-af65-abc4979c0ec7,Informal/Rural Worker,20876.73,0.4433,15,,,0.7185,12.16,2.42,0.5968,,,,,False,,14,3,0
832358a2-7ed1-481a-a0ac-5de43ab010b2,First-time Borrower,85076.4,0.1052,29,,,0.8606,2.29,,,,,,,True,742.0,28,2,0
c98157bc-ec10-4da6-8614-c684bb9a5290,Small Merchant,128913.28,0.3165,27,279022.38,0.6965,0.7574,6.45,,,6.92,0.1676,,,False,,20,4,0
24658a1e-f4ab-46eb-98bd-c2cdce6fd8e8,Informal/Rural Worker,18624.9,0.534,17,,,0.6597,9.23,3.16,0.6385,,,,,False,,19,3,0
b394d3b6-3d1b-4643-9c2f-0f561100e5dd,First-time Borrower,74907.0,0.0935,27,,,0.8422,1.41,3.5,0.9365,,,,,False,,23,3,0
328d613b-8c05-439d-b2e6-77a8b0b8e12e,Informal/Rural Worker,18258.13,0.5903,13,,,0.5893,9.95,2.07,0.586,,,,,False,,18,3,1
c4d08f15-60d9-4c08-ba47-89c96140724a,Small Merchant,148720.79,0.3283,23,307902.01,0.7781,0.8247,5.41,2.6,0.7466,7.04,0.1283,,,False,,22,5,0
8d1d153a-423f-46e8-aafd-ed97f24a3f06,Small Merchant,77577.14,0.4472,21,179964.97,0.6372,0.6023,12.71,,,,,,,False,,20,3,0
e63cb64d-94ca-4779-a668-2c7a6b2da0c8,Informal/Rural Worker,24386.36,0.5054,14,,,0.5903,11.3,2.36,0.7569,,,,,False,,17,3,0
6d0df6cc-917e-4d08-b7aa-7a493532b699,Gig Worker,44694.76,0.3423,25,,,,,2.96,0.9237,8.15,0.0929,21.25,0.1462,False,,25,4,0
a8a17808-21b8-4c92-aeff-cf13cd38b092,Gig Worker,30713.25,0.4454,23,,,,,1.83,0.8176,,,20.21,-0.0194,False,,23,3,0
c0cb1013-734c-4abd-9d52-82751be686f3,Informal/Rural Worker,18531.05,0.4407,15,,,0.656,8.08,2.14,0.6844,,,,,False,,20,3,0
1be65115-d1c6-46de-abb0-a469cf9bd57c,First-time Borrower,48119.49,0.1832,16,,,0.6763,15.13,2.03,0.4979,,,,,False,,15,3,0
28a5a6b2-3a7f-449f-ba12-3fe1703fd9d4,Informal/Rural Worker,15109.89,0.6596,12,,,0.6172,14.65,2.02,0.5859,,,,,False,,15,3,1
aac0af38-6645-4346-884e-6de0657660cf,First-time Borrower,48570.67,0.2551,15,,,0.486,12.67,2.24,0.5069,3.88,0.2071,,,True,597.0,16,4,0
95b763fa-55eb-48ea-8562-2ea0f37d61f6,Small Merchant,186633.83,0.2673,28,374871.19,0.8557,0.8058,1.51,3.08,0.7666,9.2,0.1035,,,False,,27,5,0
c77cbabc-5017-41e3-b757-a87b30fe20f7,Gig Worker,32501.06,0.4845,21,,,0.7381,6.49,2.41,0.5789,,,17.34,-0.0519,False,,19,4,0
aa3c2913-1ddb-4ce8-b4aa-bef56b7002ca,Informal/Rural Worker,17250.2,0.5339,11,,,0.7097,10.04,2.58,0.5819,,,,,False,,18,3,1
0afefcf1-c55f-4f6b-bc62-a152138a4722,Small Merchant,132049.68,0.2161,23,266957.54,0.7818,0.8056,7.03,,,7.95,0.1098,24.08,0.1439,False,,18,5,0
db151c32-200c-45dd-8f9a-c3101ecc3f33,First-time Borrower,54306.58,0.2362,18,,,0.6642,10.8,,,,,18.62,-0.0235,False,,13,3,0
c20d717f-9055-425c-aaa8-bdecdf1c9f07,Gig Worker,28201.45,0.4617,21,,,,,1.69,0.5289,,,19.61,-0.031,False,,15,3,0
38227b0a-9652-4345-a366-8e9cfd951d5b,Small Merchant,115848.71,0.3932,23,189770.44,0.7206,0.6419,5.3,,,5.59,0.1887,,,True,564.0,11,4,0
3364e7d5-681a-4218-a52e-3461bff929a6,Informal/Rural Worker,21113.84,0.6048,14,,,0.697,8.55,2.4,0.6792,,,,,False,,25,3,0
8e82aa9c-84b5-4584-bcbe-9d7179551318,Small Merchant,146798.66,0.3898,24,290815.46,0.8677,0.6841,7.03,2.86,0.7223,8.66,0.112,,,False,,14,5,1
ea06be10-ade1-4b0d-9e5a-24810ab68be2,Informal/Rural Worker,16951.43,0.6756,13,,,0.5303,13.01,2.22,0.6535,,,,,False,,12,3,0
147fcc16-b08e-4110-bd28-5aaf0b661e80,Informal/Rural Worker,27861.13,0.3916,22,,,0.8883,6.61,2.64,0.8836,,,,,False,,28,3,0
748d624f-8afe-4504-8fd5-70cd82bdc7a8,First-time Borrower,69156.85,0.1787,19,,,0.7748,4.81,2.77,0.6444,,,,,False,,20,3,0
00ff4796-d1ce-423b-ad2c-5eefffab1310,First-time Borrower,45784.04,0.2018,17,,,0.6402,15.6,,,,,,,True,571.0,10,2,0
fbaedcbc-b3dc-46ba-9b00-90b9fa96189a,First-time Borrower,76913.34,0.1703,28,,,0.8813,3.84,3.02,0.813,,,,,True,681.0,27,3,0
c21afb4d-6c92-4a74-a475-2171da60c4dd,Informal/Rural Worker,29956.22,0.4336,15,,,0.8133,6.37,2.94,0.8493,,,,,False,,27,3,0
af96ddbe-db63-4179-ba8a-d5b873782ef8,Gig Worker,49259.53,0.284,24,,,,,2.4,0.9136,,,23.62,0.1906,False,,26,3,0
d0e939b1-ca9e-495b-a214-0902a076d9e0,Small Merchant,205512.69,0.2415,25,415595.25,0.9065,1.0,0.64,,,8.05,0.1039,,,False,,36,4,0
502e6f04-cd05-4482-b081-4511849224e1,Gig Worker,40175.24,0.2939,20,,,,,3.27,0.7608,6.11,0.0878,24.0,0.0189,False,,32,4,0
d9da1508-b2e8-4bae-976f-d9c5aabd87bb,Gig Worker,35491.65,0.3321,24,,,,,2.36,0.6881,,,21.23,0.0306,False,,20,3,0
5849018c-9f0f-4197-bfd5-4081b431d3c1,First-time Borrower,69259.2,0.1691,24,,,0.7913,5.18,,,8.45,0.1121,,,True,714.0,25,3,0
dcd7e915-be59-4ee3-94b6-4dc65c64faf7,Informal/Rural Worker,26737.71,0.501,18,,,0.9354,2.86,,,,,,,False,,24,2,0
a1a5c417-5832-4935-a4c8-c8386be69869,Informal/Rural Worker,6193.44,0.5093,10,,,0.4535,18.94,1.32,0.364,,,,,False,,8,3,1
b608a4d1-a278-48c9-8abc-4cb15f826965,Gig Worker,22687.01,0.5455,18,,,0.4736,16.53,1.64,0.5838,,,12.76,0.0863,False,,8,4,1
8680b517-3fe7-45b1-9fb7-ea1264de3e34,Informal/Rural Worker,13443.46,0.5558,11,,,0.6046,15.6,1.65,0.5362,,,,,False,,12,3,1
19301068-5fee-4cc6-8e03-789a054a8e1a,Small Merchant,155022.76,0.3286,28,322569.73,0.7501,0.9336,5.95,,,,,,,False,,24,3,0
d4b62b3f-252f-47d9-81f3-cd9586e553a8,Informal/Rural Worker,17338.81,0.5652,6,,,0.747,8.07,2.21,0.6185,,,,,False,,18,3,0
66d6015c-b859-48d0-8e88-b096a4d1c414,Small Merchant,75892.02,0.4048,21,153581.17,0.5816,0.5103,13.12,,,1.98,0.162,,,False,,17,4,0
f024bbb9-e023-4549-9079-d9d7acf16aa3,Gig Worker,31824.72,0.4988,20,,,,,2.41,0.627,,,16.11,-0.0528,False,,15,3,0
0c032332-1bbb-4007-b074-ca1589780f3f,Gig Worker,36299.77,0.3403,25,,,,,2.6,0.5872,,,,,False,,19,2,0
aa294e1e-659d-4ea8-b056-562ae9cb4772,Informal/Rural Worker,28331.6,0.4402,11,,,0.7264,4.88,2.81,0.739,,,,,False,,24,3,0
c5e60853-178a-44a8-90a8-54070239f866,Gig Worker,27416.64,0.4851,19,,,,,1.67,0.7111,,,14.83,-0.0385,False,,18,3,0
f44021d5-32b3-493f-b5ad-5bd9216ffe2b,Gig Worker,35902.93,0.3753,20,,,,,2.23,0.7663,,,24.15,0.112,False,,31,3,0
e15691b6-5638-4348-b56c-425bcdb1a685,Informal/Rural Worker,18882.4,0.5883,14,,,0.6897,6.8,2.45,0.7365,,,,,False,,21,3,0
c17dedb4-f341-4386-926b-199384140c4a,Informal/Rural Worker,30249.77,0.2961,19,,,,,4.02,0.8999,,,,,False,,32,2,0
e6798fa9-2563-4212-b08c-7f168378d828,First-time Borrower,42546.38,0.293,18,,,,,2.67,0.8254,5.52,0.1054,,,True,580.0,22,3,0
6370eddf-873f-449c-a318-435934cd0da0,Gig Worker,53341.11,0.2754,29,,,,,4.05,0.9206,,,28.77,0.2641,False,,31,3,0
d7f2eb44-1dc1-4cbb-9167-0c641e1c699e,Small Merchant,134334.29,0.287,27,233088.72,0.7255,0.6268,10.47,,,3.77,0.1776,,,False,,16,4,0
3aed4e3f-9f99-4e09-bae1-81febc8a3ca7,Informal/Rural Worker,19446.07,0.5483,11,,,0.6038,11.12,2.36,0.6375,,,,,False,,18,3,1
4d536ea5-cb6b-4d9a-8537-7be596cac404,First-time Borrower,58284.96,0.2244,25,,,0.7261,6.56,2.98,0.746,,,,,True,652.0,23,3,1
237576f3-33cd-4a75-912f-cc9406b419f0,Small Merchant,153364.28,0.2863,27,334182.99,0.8895,0.9486,5.02,,,9.32,0.0449,,,False,,19,4,0
72c7eecc-78b7-4d59-b20b-c1e7c4ae4f15,Small Merchant,89734.05,0.3927,21,172412.49,0.6178,0.5975,12.13,,,,,19.55,0.002,False,,6,4,0
c4fa6626-8fe5-4d3a-a892-e744539c5fac,Gig Worker,28926.76,0.5504,22,,,0.5919,11.28,,,,,16.54,-0.0161,True,533.0,11,3,0
0335d066-a3d0-4cd9-a698-729fb89bf89a,Informal/Rural Worker,25008.23,0.4318,15,,,0.6273,8.13,2.43,0.8123,,,,,False,,22,3,0
921eafc4-0ac4-4f69-a532-5258fa9aaa1b,First-time Borrower,66878.7,0.1598,20,,,0.7489,6.27,2.35,0.672,5.95,0.1071,,,False,,27,4,0
db74bad7-9282-413b-8135-84a7e64362ca,Gig Worker,24627.24,0.4857,20,,,,,1.59,0.4635,,,11.51,-0.1919,False,,6,3,0
f0d63c5f-7ac3-4e29-aa42-43ae77374453,Gig Worker,34372.28,0.3313,23,,,0.7295,9.13,2.31,0.5466,,,20.59,0.0973,False,,21,4,0
4eef1eda-63dc-4b72-b8e9-005631cb20ba,Informal/Rural Worker,28567.73,0.387,16,,,0.8528,6.6,3.13,0.8219,,,,,False,,29,3,0
2d401163-bcf8-44cc-9607-1cb16b1c68e2,First-time Borrower,55800.07,0.2577,19,,,0.8244,5.85,1.44,0.6672,6.37,0.1646,,,False,,18,4,0
7ed3086e-72f2-4b16-8fa5-7b2d76634a01,Informal/Rural Worker,24737.4,0.4299,16,,,0.7725,4.71,2.34,0.7825,,,,,False,,23,3,0
049faada-2074-463e-a66a-98336dde289b,Gig Worker,30403.32,0.3873,22,,,,,1.8,0.6541,,,15.9,0.0271,False,,16,3,0
2e52103f-8071-48fa-a527-29dedca76b73,Informal/Rural Worker,14345.3,0.5934,9,,,0.6146,6.96,2.1,0.5233,,,,,False,,15,3,0
7e3957a4-1ca8-4663-b6de-7d6ea564017b,First-time Borrower,41572.66,0.2599,17,,,0.7395,11.33,2.4,0.6382,,,,,False,,16,3,0
0c42be61-fa7a-406f-8494-e82e6322dba6,First-time Borrower,47061.79,0.2432,19,,,0.454,13.97,,,2.54,0.182,,,True,530.0,8,3,0
c5f46211-7718-4de8-84e0-cfe8d8244135,Gig Worker,30874.58,0.3823,23,,,,,2.25,0.7617,,,23.59,0.0918,False,,13,3,0
9b74730b-82de-4d7a-9d32-ca0fe3564267,Small Merchant,108761.89,0.3815,22,279493.35,0.6839,0.7089,6.06,,,,,,,False,,20,3,0
0bbb89c0-deaf-404f-8e66-cce475bcb303,Informal/Rural Worker,16243.28,0.5037,12,,,,,1.97,0.6899,,,,,False,,12,2,1
fbb9afb5-1de3-4a80-83b9-f83d06231a6e,Informal/Rural Worker,25756.65,0.2395,15,,,0.8865,3.54,2.69,0.8809,,,,,False,,23,3,0
3f544945-949d-489e-9bdc-1cf651764d80,First-time Borrower,25118.65,0.2445,15,,,0.5264,16.11,,,0.5,0.2312,15.72,-0.0076,True,440.0,14,4,0
6f9b38b3-bb3c-419c-a5ff-ead38f4f0790,First-time Borrower,68682.25,0.1,19,,,0.7211,7.37,,,,,,,True,785.0,20,2,0
fe264572-1799-4d1e-a239-cac60c4bdfe5,Small Merchant,120125.74,0.376,21,313443.02,0.7188,0.7022,8.88,,,6.67,0.1055,,,False,,29,4,0
5bd713fb-57ac-4cba-b102-525be74812b4,First-time Borrower,71176.64,0.1323,26,,,0.8792,8.23,2.43,0.7544,7.0,0.1114,,,True,672.0,26,4,1
2eca0d52-6b39-48e6-929e-fe0afeb5f2e5,Informal/Rural Worker,9603.4,0.5131,11,,,0.5513,13.89,2.02,0.5946,,,,,False,,13,3,0
3282adbc-55b2-42e3-b38b-9c3d72921582,First-time Borrower,66242.95,0.2107,24,,,0.7379,2.8,,,,,,,True,654.0,26,2,0
87530041-2590-46b5-8d39-cba13b920bb1,First-time Borrower,46384.86,0.2259,20,,,0.6632,11.16,,,5.79,0.1742,20.6,0.0577,True,669.0,12,4,0
1bdc23bd-6c5d-420b-945c-50684583ab40,Small Merchant,98912.34,0.447,21,212546.5,0.7632,0.5727,12.12,,,5.08,0.1837,,,False,,15,4,0
937ccdf1-5087-4987-aaf0-6529d4ae6a64,Gig Worker,33721.73,0.3655,21,,,,,2.44,0.6495,,,20.06,0.1189,False,,21,3,1
b4680087-2c82-4853-8750-099e9da0eec4,Small Merchant,118519.75,0.3882,20,253541.27,0.6179,0.6907,10.29,2.72,0.6545,6.32,0.2092,,,True,683.0,17,5,0
adb30c9e-8720-4c94-956a-27a8c1e3a249,Informal/Rural Worker,35283.22,0.2551,15,,,0.8696,1.87,3.37,0.9408,,,,,False,,29,3,0
ab2c46a2-ee6c-420d-b605-adcab1df5161,Gig Worker,34523.78,0.3885,20,,,,,1.77,0.6172,,,13.67,-0.0324,False,,13,3,0
12af67d0-9ccc-4540-a537-3afa05f83585,Gig Worker,16770.29,0.3489,22,,,,,,,4.65,0.193,15.81,-0.0183,False,,16,3,1
c71290f0-7185-4b4a-b5f8-19857af3c5b6,Informal/Rural Worker,15324.56,0.3876,12,,,0.6318,9.49,2.17,0.6936,,,,,True,660.0,20,3,1
d8fab8b4-f5ae-4740-9890-0567675bf03a,Gig Worker,45421.78,0.3294,28,,,0.7792,1.85,2.7,0.8011,6.53,0.1577,22.9,0.2256,False,,29,5,0
4bd990a6-873f-436a-82e0-e701a2cfe94a,Gig Worker,16170.87,0.4703,20,,,,,1.4,0.5149,4.46,0.1989,15.22,-0.1619,False,,11,4,1
fa8d1a5e-6839-478f-92fa-1eea6fc7c6fb,First-time Borrower,74837.01,0.1837,23,,,0.6026,6.56,,,7.68,0.1638,,,True,713.0,23,3,0
0c07cdac-f978-49e7-bd72-6c0477173cdc,First-time Borrower,71019.59,0.1436,23,,,0.7888,3.92,,,,,,,True,670.0,22,2,0
b4ccce85-f593-435f-8edc-aa5d26f96c59,Small Merchant,128827.64,0.2296,26,325504.11,0.8202,0.7593,5.24,,,7.31,0.1662,26.83,0.2276,False,,23,5,0
3de80bcf-87fd-4875-b571-661d5637ade6,Gig Worker,47103.31,0.4197,24,,,0.6914,6.1,2.58,0.6895,,,20.21,0.0693,False,,17,4,0
e3dfa39a-7270-4464-933b-4ab6d2a7d459,Informal/Rural Worker,22296.19,0.5013,15,,,0.7006,9.89,2.36,0.6591,,,,,False,,23,3,0
26bb6f98-7c92-4602-b060-414676bb9757,Informal/Rural Worker,27720.67,0.5853,15,,,0.8319,3.98,3.05,0.771,,,,,False,,22,3,0
29860ecb-be59-46c1-b500-29cb41a58e7a,Gig Worker,36674.57,0.5098,19,,,,,2.55,0.7418,,,,,False,,10,2,0
81e2655c-e0a0-4087-9593-44446a1a5687,Small Merchant,63151.58,0.375,22,177727.88,0.6235,0.507,14.57,1.81,0.5171,3.46,0.1632,,,False,,16,5,0
0f07f5a9-a9f7-41f8-a26a-295e7c90fe1c,Gig Worker,48830.49,0.2718,25,,,,,3.0,0.8216,,,26.0,0.2482,True,714.0,26,3,1
f9cf6858-b9bb-42d3-a5cd-57730ddca56a,Small Merchant,155909.72,0.3169,28,362334.83,0.7853,0.7479,6.46,,,6.05,0.1212,,,False,,20,4,1
5a6c4575-ac7d-4940-9021-62d41889dfab,Gig Worker,40049.38,0.4701,25,,,,,2.37,0.6326,,,,,True,667.0,20,2,0
fef2ebf3-a605-4019-b381-a5b61941b014,Informal/Rural Worker,5664.38,0.7041,7,,,0.4796,18.68,1.36,0.4192,,,,,False,,9,3,1
dc879616-0277-40d8-9513-7956d3a5db50,Small Merchant,144536.9,0.2773,26,282341.89,0.9639,0.7948,6.36,2.85,0.8287,7.94,0.1516,25.33,0.1108,False,,28,6,0
74858a30-378c-451b-b9bc-cba90c0afa85,Small Merchant,94070.45,0.3547,22,166038.52,0.6543,0.5767,10.91,,,3.77,0.1788,,,True,578.0,11,4,0
d2c01f99-fb2a-4f27-941d-82fb897a0302,Gig Worker,45053.15,0.2926,28,,,0.7538,6.75,2.79,0.7595,8.79,0.069,19.94,0.235,False,,26,5,0
373b9c72-6b74-4a85-bd55-ff1ad56b2a94,Small Merchant,201951.58,0.2314,26,420783.5,0.951,1.0,0.22,,,7.51,0.0823,,,False,,28,4,0
c14f3099-c731-4587-8b0a-f05d15f912ee,Gig Worker,36054.98,0.3707,22,,,,,2.88,0.7374,,,21.48,0.1665,False,,23,3,0
eb5a902d-abba-40be-a01c-f95ef1722163,First-time Borrower,42815.68,0.2402,18,,,0.5664,9.99,2.17,0.6134,4.8,0.1969,,,True,641.0,17,4,1
dc9af93c-4df5-43ac-9b85-7c3213196d5f,Small Merchant,119546.82,0.3133,23,227054.78,0.7128,0.6182,11.72,,,4.3,0.1648,19.74,-0.0142,False,,17,5,0
73d9cf7b-4588-4902-9ddd-5ccfdab1d654,Gig Worker,20102.49,0.4067,22,,,,,2.37,0.568,,,15.98,-0.0922,False,,11,3,1
89ebbae2-c6cb-47a6-910d-a4423e7c82a9,Informal/Rural Worker,17038.61,0.6333,13,,,0.6073,13.86,2.38,0.5972,,,,,False,,14,3,0
fedcca72-ff28-4c7c-8abc-c7d771221da4,Small Merchant,112823.98,0.3119,26,286147.12,0.59,0.6839,8.66,,,6.72,0.1303,20.07,-0.0185,False,,12,5,0
7af519fd-dca0-43ed-9726-95d9b6093c77,First-time Borrower,75028.0,0.0804,22,,,0.8093,6.46,,,,,24.53,0.1776,True,666.0,31,3,0
e923797e-43ae-47e1-a63a-c1de7447de5e,Informal/Rural Worker,14006.78,0.5121,12,,,0.5768,13.89,1.73,0.6023,,,,,False,,14,3,0
7786e5b4-aba8-4e99-b758-0f1dbf86941f,Small Merchant,160845.77,0.2504,24,261866.83,0.8533,0.7722,7.41,,,8.83,0.1413,23.96,0.0642,True,687.0,27,5,0
994c8a15-5304-4541-9901-afefaf773151,First-time Borrower,71243.94,0.2107,22,,,0.8114,4.78,2.71,0.7442,6.54,0.1266,,,True,743.0,25,4,0
0d41a8ec-1767-4f70-ba73-577567538641,Small Merchant,78685.78,0.3129,25,139153.96,0.6733,,,,,3.28,0.216,,,False,,15,3,1
9c596da9-9dea-4b96-8ad8-064e12fceac8,Informal/Rural Worker,21854.32,0.6989,15,,,0.6912,4.05,2.94,0.7642,,,,,False,,18,3,0
1ddd8eb3-e6ee-4eb6-a722-3972c26eb6a5,Informal/Rural Worker,25801.18,0.3949,14,,,0.8694,5.83,2.79,0.6988,,,,,False,,19,3,0
91283659-8b2f-47ff-8472-cb7018ae2b46,Small Merchant,134688.94,0.3097,24,211183.3,0.763,0.5508,10.83,,,6.14,0.186,15.98,0.0912,False,,13,5,0
8f319f74-2366-4ef0-90b1-58f14d8f0b5b,Informal/Rural Worker,21346.29,0.3495,16,,,0.8704,7.1,3.1,0.8122,,,,,False,,24,3,0
b1138ee2-97f0-414e-bf6c-c631cd02bf38,First-time Borrower,75260.53,0.1801,21,,,0.7687,5.23,,,,,22.09,0.171,False,,21,3,0
a2ac4947-74ff-414a-82d4-a34c80192162,Informal/Rural Worker,22548.28,0.5089,17,,,0.7369,9.88,2.49,0.6793,,,,,False,,22,3,0
5e48f602-71c9-4c60-8f47-ca8722319366,Informal/Rural Worker,25596.48,0.3564,13,,,,,2.05,0.8429,,,,,False,,18,2,0
9aad917b-0919-4039-bbf6-e51f368c75e6,First-time Borrower,73676.02,0.1357,24,,,0.7382,3.2,,,,,,,True,717.0,28,2,0
333580fd-2df9-4e68-8497-e3c2f369f923,Small Merchant,90303.19,0.2896,21,214416.99,0.602,0.5113,12.51,,,3.61,0.1676,,,False,,15,4,0
18c6de2e-1806-4185-a198-90b4b60890b3,First-time Borrower,45728.45,0.2261,21,,,0.6085,7.06,,,,,,,True,579.0,22,2,0
54c33357-1e14-4ae0-9e4c-02a254501251,First-time Borrower,66812.47,0.2064,19,,,0.6882,9.02,,,5.96,0.2104,,,True,684.0,20,3,0
74177278-6ce0-414c-8930-8c237be17901,Informal/Rural Worker,20747.35,0.3635,18,,,0.5599,8.37,2.45,0.638,,,,,False,,21,3,0
0a3ec875-f604-4801-8121-31f6e49baae0,First-time Borrower,41592.14,0.3154,16,,,0.5483,15.09,,,,,,,True,577.0,14,2,1
b67b85bf-1fb2-4fc0-83b1-67a0377f82bb,Gig Worker,34054.8,0.3784,26,,,,,2.69,0.7595,6.98,0.1539,18.04,0.1104,False,,21,4,0
8d60f1d7-e744-4c83-8211-27d4c268c33c,First-time Borrower,12000.0,0.3372,11,,,0.3656,13.45,,,,,,,True,431.0,8,2,0
fe5461e3-f770-4fb4-a93c-de1b3530972e,Informal/Rural Worker,22153.62,0.505,12,,,0.7963,9.13,2.51,0.698,,,,,True,600.0,22,3,0
61ac2321-b715-413e-b756-84cca26d9bd3,Small Merchant,74647.57,0.464,20,53675.96,0.5033,0.3768,16.35,,,,,,,True,492.0,9,3,0
dfbecefe-d234-4c20-96d7-02904aa956d2,Gig Worker,41498.23,0.3726,22,,,,,2.73,0.7533,,,25.26,0.0511,False,,22,3,0
ca23daf6-6a73-4119-b335-aea9a5607714,First-time Borrower,47337.12,0.2403,23,,,0.6877,9.51,2.51,0.762,,,,,True,613.0,20,3,0
f176d715-ea3a-43d5-99ea-1eed2333742f,Gig Worker,35510.76,0.4353,24,,,,,2.5,0.7913,9.39,0.1247,21.24,0.2575,False,,25,4,0
e1a0d6d6-87c3-4ee9-9c55-2d89abfde02b,Small Merchant,84304.81,0.3944,22,228342.52,0.6832,0.6297,10.39,,,3.98,0.1693,,,True,632.0,20,4,0
88aa70be-e85f-488c-a96f-ff5920867edd,Small Merchant,153475.23,0.39,27,369501.92,0.8786,0.7665,3.41,3.23,0.9132,8.06,0.0954,,,False,,24,5,0
cec6a39d-f546-4943-8b0e-ca6990d8254f,Small Merchant,152720.09,0.2095,26,387791.97,0.7699,0.8414,7.55,,,6.03,0.2132,,,False,,26,4,0
df33f286-c0fe-4045-9823-f5a28f05b772,Small Merchant,70039.86,0.3698,20,149080.94,0.6733,0.6572,13.27,,,4.6,0.1974,15.07,0.0161,False,,11,5,0
7b63ca0d-b390-4201-abfd-9418f0df1f29,First-time Borrower,46814.02,0.1491,19,,,0.6834,11.56,,,5.3,0.2088,,,False,,16,3,1
a3fb1815-0f8f-49a9-a34c-4d980a1c6005,First-time Borrower,50987.73,0.2663,20,,,0.7058,9.84,,,5.98,0.2108,,,True,560.0,19,3,1
2852b469-2331-434b-b8f4-03802993cc95,Informal/Rural Worker,18572.51,0.3389,13,,,0.5219,8.04,2.4,0.6989,,,,,False,,17,3,1
d0711280-8a6b-4766-8948-5c0a767ae3ca,Informal/Rural Worker,12111.27,0.5793,12,,,0.5718,13.66,2.0,0.5281,,,,,False,,11,3,1
a283cacb-be11-4fdc-af49-60b3021bd053,Gig Worker,44671.75,0.4065,24,,,,,2.54,0.6806,,,24.62,0.162,False,,28,3,0
2b481ab0-86b2-47e6-93ab-c40883bfd581,Informal/Rural Worker,13292.57,0.6185,12,,,0.5113,12.79,1.21,0.6309,,,,,False,,10,3,0
5bffd6a6-5e8a-4ffc-b400-1e80e9f02ae1,First-time Borrower,40349.55,0.3221,16,,,0.5156,12.6,,,,,,,True,572.0,12,2,1
ab8fb4c2-d75b-49ca-b591-cc180e211381,Informal/Rural Worker,19087.69,0.5287,12,,,0.7186,10.43,2.36,0.7633,,,,,False,,24,3,1
664b28bf-cf1c-4d1f-9c32-31f6c44d2caf,Informal/Rural Worker,21916.83,0.4271,17,,,0.7712,0.0,,,,,,,False,,27,2,0
413fdad9-2552-4fa1-9f5c-e8e4347772e6,First-time Borrower,44353.43,0.2467,17,,,0.6354,14.0,,,,,,,True,545.0,11,2,0
14b06713-daad-40ef-bdb6-96870dda217d,Gig Worker,39042.56,0.3261,22,,,,,2.77,0.6827,,,25.13,0.1173,False,,26,3,0
6145253f-e5f2-4067-8e23-808b7d256588,Gig Worker,63193.84,0.3547,29,,,,,3.34,0.8857,,,25.7,0.149,False,,27,3,0
92bce2b4-e5fb-4fad-aedf-2fbfa2b21694,First-time Borrower,66053.97,0.1281,22,,,0.7142,6.41,2.56,0.7379,,,,,True,651.0,22,3,0
be3bd9fd-a9c2-46e0-bf02-27f552e45fb9,Informal/Rural Worker,18898.16,0.4776,15,,,0.728,13.24,2.05,0.665,,,,,False,,17,3,0
0277453f-fea9-43f6-88c3-65ea3d77f84b,Informal/Rural Worker,23914.71,0.3287,15,,,0.7925,10.09,2.88,0.732,,,,,False,,24,3,0
33c34ee2-8bf5-4885-8d1d-33b9316b9657,Informal/Rural Worker,25039.29,0.4086,21,,,0.7556,3.66,2.77,0.7202,,,,,False,,19,3,0
a7d9f541-1467-4066-a228-3130d3932924,Informal/Rural Worker,12739.47,0.5639,10,,,0.5174,16.73,1.46,0.4794,,,,,False,,8,3,0
b0f6836f-8b32-41f2-85b0-ff092e7bc153,Small Merchant,57486.86,0.4567,23,98068.52,0.5683,0.5471,15.43,,,3.75,0.223,,,True,486.0,10,4,0
7fc0ae48-f7ee-4a35-a556-c912061a002d,Informal/Rural Worker,13884.64,0.6677,12,,,0.6659,11.82,2.03,0.6676,,,,,True,551.0,9,3,0
38204686-f109-4c6d-990a-d69dc17d37db,Gig Worker,34680.51,0.3731,20,,,0.5645,8.01,1.91,0.68,,,17.09,0.027,False,,15,4,1
34827e1c-c9e2-4d54-8f0c-badf077d5e3c,Small Merchant,124015.18,0.3514,25,,,0.7117,5.29,,,3.77,0.1534,,,False,,17,3,0
ffdbc718-6e0e-403d-be08-6e6554928141,Gig Worker,30786.67,0.4413,24,,,,,2.41,0.6888,,,18.93,0.0316,False,,23,3,0
15554080-cd68-4034-86f1-0595feb39bdd,Small Merchant,136710.7,0.3641,22,288174.83,0.7413,0.7146,6.15,,,6.28,0.1526,,,False,,20,4,0
6de4b051-b052-488a-97ac-8cb69b58fc10,Small Merchant,129338.52,0.3597,26,311718.42,0.6742,0.8034,4.54,2.66,0.9223,7.12,0.1217,,,False,,17,5,0
415b6357-02c2-42a2-b650-b04012d47069,Informal/Rural Worker,21853.13,0.2977,20,,,0.8663,6.23,2.94,0.8584,,,,,False,,27,3,0
465f0374-0507-41ef-84e9-091dda8959a2,Small Merchant,81299.35,0.4238,24,157456.18,0.5852,0.5205,14.37,,,3.76,0.2618,14.93,-0.0775,False,,10,5,0
602456f7-73d6-46e7-b432-d38c8c706063,Gig Worker,44778.73,0.3248,26,,,,,2.5,0.7896,,,20.54,0.0893,False,,20,3,0
09b5e024-1782-4f42-af1e-cbcb10bede06,Informal/Rural Worker,27647.83,0.3019,20,,,0.7749,5.81,2.89,0.8074,,,,,False,,26,3,0
2bca6ab8-66a9-49ed-8ead-356e9aaa20cf,Small Merchant,167897.71,0.2696,28,360340.06,1.0,0.8634,2.53,,,7.65,0.0783,,,True,718.0,27,4,0
00e0d3fb-91b2-40c3-854e-28801b6a7590,Informal/Rural Worker,15478.24,0.5376,9,,,0.4796,20.75,1.51,0.4897,,,,,False,,9,3,1
56e27636-2053-4121-b0b8-8fcae37cfb84,Informal/Rural Worker,17201.67,0.6156,12,,,,,1.51,0.6959,,,,,False,,20,2,0
1a0fc2ed-3a82-4fbe-9ae1-2a4387376ff6,Small Merchant,144013.56,0.2804,24,287111.09,0.8154,0.7016,5.63,,,8.81,0.1459,21.11,0.0785,False,,20,5,0
1076b801-69a8-4b18-a2c7-f99bbdfdb29a,Small Merchant,159251.3,0.3726,25,298698.25,0.809,0.7245,4.37,2.36,0.6344,6.92,0.1111,,,False,,21,5,0
ff7897bb-fcd3-46a5-b561-c74224710326,Gig Worker,50501.36,0.393,26,,,,,3.14,0.8782,,,24.74,0.2321,True,729.0,31,3,0
ca29b2f6-40b6-4856-ab46-ea2a1b46b511,Informal/Rural Worker,25012.38,0.39,17,,,0.8045,7.62,2.89,0.7501,,,,,False,,23,3,0
ba9a18cd-4423-4dd8-bfdc-55e0b7834ada,Gig Worker,35891.97,0.2874,21,,,,,1.81,0.652,,,19.52,0.0849,False,,20,3,0
6d12bf2b-d4ad-4c03-9711-58807286fe81,First-time Borrower,68806.56,0.1326,24,,,0.8016,7.75,3.45,0.6622,6.49,0.0958,,,True,700.0,21,4,0
79132e07-60a3-4ee0-83d8-52a4f82086ae,First-time Borrower,37514.34,0.2353,18,,,0.4945,18.79,,,,,,,True,461.0,12,2,0
1311e68b-f0d0-4ffe-a8d3-3cc7add80794,Informal/Rural Worker,30871.04,0.2495,16,,,0.775,5.68,2.99,0.9128,,,,,False,,27,3,0
8abb5380-f493-41d5-b328-985adc436ddc,Gig Worker,41184.23,0.3296,23,,,,,2.71,0.8211,,,18.5,0.1158,False,,20,3,0
e8ebfc22-8158-4709-9c29-130d50f7d35d,Informal/Rural Worker,10888.4,0.689,14,,,0.5847,14.62,1.27,0.4667,,,,,False,,16,3,0
24896187-2464-43e5-a9fc-3beb9f790308,Gig Worker,33812.87,0.43,22,,,,,2.67,0.6907,,,21.95,0.0706,False,,23,3,0
79e418c4-8a70-4833-bf8e-a3648b68badb,Small Merchant,23966.23,0.4632,20,69170.66,0.5271,0.4143,17.01,,,0.53,0.2594,,,True,488.0,8,4,1
c575d5fb-9324-45cb-85a1-1a2f60abb809,Gig Worker,18684.29,0.4167,20,,,,,1.45,0.5116,,,16.07,-0.0568,True,464.0,7,3,0
799c64ff-ba17-443c-ab2d-ea3a5af68d85,Small Merchant,173271.97,0.1698,26,380657.69,0.8925,0.8362,0.58,3.23,0.8762,10.03,0.1262,,,False,,27,5,0
d05f102b-64b4-45aa-a9aa-bbdbd2399a58,First-time Borrower,38773.86,0.2777,17,,,0.5586,15.04,1.42,0.4691,2.18,0.1933,,,False,,13,4,0
bec80678-8301-4ae6-9bc7-50e4e164eb17,Informal/Rural Worker,10160.56,0.5886,15,,,0.4329,14.08,1.61,0.5662,,,,,False,,14,3,1
cb907fbf-3b07-4d05-a175-1f28eb1698a0,First-time Borrower,80561.59,0.1474,25,,,0.8854,3.61,,,8.38,0.0738,,,True,787.0,26,3,0
f66d361f-71c3-4b2f-ac4b-5f725f57696a,Small Merchant,90745.81,0.4149,23,199577.62,0.6065,0.552,10.59,,,5.72,0.2219,,,False,,18,4,0
0c67c18f-a877-41eb-89c2-576caa61664e,Informal/Rural Worker,20376.41,0.6269,11,,,0.5829,16.35,2.38,0.625,,,,,False,,16,3,1
35e54436-d825-41e0-a212-b037f3350b01,Gig Worker,25486.16,0.5145,22,,,,,1.52,0.4791,3.07,0.2148,13.47,-0.2183,False,,12,4,1
b7658982-58d2-4fbb-b31f-a9036cd9faa2,Informal/Rural Worker,24003.22,0.2875,16,,,0.7561,5.67,2.89,0.7177,,,,,False,,22,3,0
5ae85e70-a4a3-4ac6-a670-81087666a9e5,Informal/Rural Worker,25058.84,0.4269,12,,,0.7414,9.1,2.1,0.6553,,,,,False,,21,3,0
1dc585df-35fe-4eaf-b0a2-bf9e2ae13fb4,Gig Worker,33357.5,0.281,20,,,,,2.42,0.6041,4.58,0.1503,22.06,0.0785,True,592.0,19,4,0
e41a0229-f648-47e5-a9ca-c0c49d0d59c1,Informal/Rural Worker,13103.93,0.5614,12,,,0.5269,11.21,1.71,0.6279,,,,,True,587.0,18,3,1
ad1a1c7e-fbd0-4124-9aab-bd8259a7828b,Informal/Rural Worker,13924.77,0.5301,12,,,0.667,10.75,1.99,0.5364,,,,,False,,14,3,0
bc8e9141-e6c1-47ec-ac38-cd645db43bf4,First-time Borrower,23555.7,0.2291,15,,,,,,,3.28,0.2289,,,False,,16,2,0
1ab2cee0-17fb-4413-88ed-ae25611b8364,Informal/Rural Worker,18952.26,0.5496,14,,,0.7042,10.7,2.4,0.7854,,,,,False,,27,3,0
b644ab9f-d8b6-411d-bdb6-863798f833db,Gig Worker,46820.02,0.2963,27,,,,,2.55,0.8126,5.55,0.1598,23.76,0.047,False,,21,4,0
feb2de71-7605-448e-b614-7488a62512f8,Gig Worker,37194.98,0.3097,22,,,0.6497,8.08,2.39,0.6756,,,19.93,-0.0209,False,,19,4,0
9e9c2d1f-00dd-4485-b840-1914d916e60b,Informal/Rural Worker,24316.56,0.3924,17,,,0.799,7.08,3.14,0.7563,,,,,False,,20,3,0
8d4eeb7b-1099-4ce7-9ebe-ca68c51690b7,First-time Borrower,50588.66,0.2705,20,,,0.7489,8.07,,,,,,,True,595.0,21,2,0
505ac6eb-8d7b-4301-ade0-afb2a00f05e6,Informal/Rural Worker,23470.21,0.3644,19,,,0.7288,6.16,2.57,0.6377,,,,,False,,26,3,0
f28195e5-0e23-40bc-b25d-a5ed876c1a9a,Small Merchant,194455.26,0.2531,25,366874.58,0.9815,0.8301,2.32,3.27,0.9835,7.77,0.0944,,,True,830.0,32,5,0
7f7ae104-daec-44fb-b194-3ee1693fad30,Gig Worker,33610.39,0.4177,21,,,,,1.92,0.5758,5.2,0.0844,12.28,0.0806,False,,13,4,1
31ae5ef5-7bfb-40a6-9368-e0732b058ed1,Informal/Rural Worker,7846.85,0.6991,10,,,,,1.95,0.439,,,,,False,,16,2,0
c915d0a2-d87d-48c9-8af8-915839f3ca63,Small Merchant,169507.26,0.2556,27,307477.41,0.8063,0.8695,5.25,,,7.0,0.1172,,,False,,22,4,0
769f4119-7f31-45e3-8311-3a430fe23123,First-time Borrower,73383.85,0.1937,18,,,0.7568,6.41,3.27,0.8383,,,26.1,0.0311,True,644.0,18,4,0
a38a9e14-9506-4562-9952-9e7cc653a0d5,Informal/Rural Worker,27745.53,0.2852,16,,,0.7489,8.8,3.16,0.7149,,,,,False,,25,3,0
ca7951a7-2432-40ce-bc7f-5601d5ef7d07,Gig Worker,43718.49,0.2957,23,,,0.7582,1.81,2.77,0.8775,7.98,0.1185,22.91,0.0396,False,,29,5,0
0fce963a-0c9c-4c62-b67e-e212561523de,Small Merchant,55804.88,0.4365,20,118531.76,0.5439,0.5231,18.75,0.96,0.5939,3.93,0.2699,,,False,,5,5,0
d0e83af7-176f-427c-8ab3-98cdb458d030,Small Merchant,129064.52,0.2999,23,251463.47,0.74,0.7694,9.22,,,5.82,0.1854,,,False,,15,4,0
6ce5ee07-3502-4fe6-ae82-61d0dd09f6c1,Gig Worker,33440.99,0.3045,22,,,,,1.85,0.6798,5.42,0.1854,13.67,-0.0293,False,,20,4,0
c176c7d3-a7a8-43b5-9e31-24ce6f3f9af7,Gig Worker,30172.16,0.4287,23,,,,,1.98,0.6189,,,18.93,-0.0065,False,,23,3,0
f015e0e0-972a-41e3-9fc3-ea77896889d1,Informal/Rural Worker,19087.26,0.4815,12,,,0.7835,6.39,2.63,0.6909,,,,,False,,17,3,0
e0324a3d-93cc-4250-9fad-d5dec8d9085d,First-time Borrower,80731.87,0.2404,24,,,0.7885,3.84,,,,,,,True,790.0,32,2,0
5e6aabd5-c17e-457e-a65a-5346e3e15f69,Small Merchant,46655.41,0.4028,20,124248.54,0.4915,0.4614,15.92,,,0.91,0.2635,,,False,,10,4,0
bb04aa94-f5aa-4910-ba86-938e8a02e71a,Small Merchant,111767.52,0.2925,25,277823.74,0.8398,0.7915,10.63,2.6,0.7665,7.0,0.1297,,,True,647.0,24,5,0
5caace7c-445a-4352-b606-ce9b1083d0d6,First-time Borrower,68190.93,0.263,21,,,0.7778,3.22,,,,,,,True,670.0,25,2,1
4d097f15-23dc-4715-bd89-6374da2bffc0,Gig Worker,43377.82,0.3096,24,,,,,2.72,0.7191,,,20.05,0.0707,False,,22,3,0
a3afa547-176e-42c8-a97e-9b000e5b804b,Small Merchant,128275.75,0.3629,25,310248.69,0.7123,0.7872,6.69,2.08,0.6932,6.58,0.1413,,,True,685.0,18,5,0
fca3e884-cfd9-4aa0-8739-5d5da547cde1,Gig Worker,35917.93,0.3673,25,,,,,2.74,0.8374,,,23.9,0.0164,False,,31,3,0
e99b656e-e9c4-4fa2-9b79-811cb54de6ed,First-time Borrower,52006.82,0.2284,18,,,0.7043,5.82,1.89,0.7434,5.51,0.1597,,,True,576.0,16,4,0
e1587081-33cc-4978-95f8-2645adeb909b,First-time Borrower,22030.53,0.1936,14,,,0.4061,18.93,1.5,0.4988,,,,,True,477.0,6,3,0
95252600-99a1-4f73-88cd-aec7882217c7,Gig Worker,23469.78,0.485,17,,,,,1.57,0.464,1.37,0.2925,11.76,-0.0463,False,,12,4,1
ae08baa0-a803-4f5f-8f80-2587dc95412b,Small Merchant,149406.11,0.3675,23,252643.86,0.7545,0.689,11.7,2.01,0.777,4.34,0.1679,,,False,,18,5,0
11203f9f-62de-4c37-8bd0-db528fdaeebb,Informal/Rural Worker,23159.01,0.4491,17,,,0.6832,4.19,2.9,0.8166,,,,,False,,17,3,0
58557f1f-6627-4e54-b391-5f5b61dd40f2,First-time Borrower,47786.46,0.2474,18,,,0.5581,8.43,,,,,,,True,529.0,13,2,0
63f1f3c9-9c6c-4a5f-9752-b79bdcef6b3d,Informal/Rural Worker,22734.99,0.4736,17,,,0.7246,6.06,2.51,0.7962,,,,,False,,23,3,1
81e28eca-a2ee-4258-8feb-fbe6002810e4,Informal/Rural Worker,13620.36,0.4752,9,,,0.5399,9.63,1.96,0.5743,,,,,False,,9,3,0
b88be93f-ba9d-4468-87f3-17eaad7c9a18,Informal/Rural Worker,15554.02,0.6131,15,,,0.5178,13.58,1.78,0.5293,,,,,False,,16,3,0
1217a0a9-5dae-4884-a928-8f8fef288792,Gig Worker,41373.78,0.3499,26,,,,,2.11,0.6124,,,25.21,0.0674,False,,18,3,0
cf56d280-4b92-4357-b10c-fe775f6c6ffa,First-time Borrower,55546.76,0.2186,17,,,0.6684,11.66,,,,,,,True,666.0,16,2,0
8cf9ea12-7d25-4829-87ea-fc0def1126a0,Gig Worker,46495.74,0.3042,26,,,,,2.93,0.9352,,,23.9,0.1723,False,,24,3,0
8dcbba54-2da6-4f0b-8430-1c343ddc9542,Informal/Rural Worker,15822.89,0.5466,13,,,0.5452,13.43,1.47,0.5514,,,,,False,,8,3,1
962c2c16-7ea5-49c4-9285-4106bcfafde1,Informal/Rural Worker,22704.15,0.4384,14,,,0.7069,4.64,2.37,0.773,,,,,False,,12,3,1
22a177fa-c56c-49ea-acca-4b3626b4773a,First-time Borrower,57154.01,0.2641,23,,,0.704,9.01,,,6.79,0.1677,,,True,664.0,20,3,0
efa214fc-1ceb-469f-bd76-648b00ff64dd,First-time Borrower,63282.95,0.2865,19,,,0.6699,9.38,,,,,,,False,,18,2,0
78ef1b31-3d99-4867-9f74-3225f93189cc,Informal/Rural Worker,10926.1,0.59,11,,,0.5661,12.83,1.51,0.5207,,,,,False,,11,3,0
8aed6733-ebc1-4821-a38c-205d35be7c90,First-time Borrower,58648.63,0.2362,20,,,0.764,11.07,2.85,0.6879,6.91,0.1258,,,True,642.0,19,4,0
14537a34-afb2-47e6-9737-f9d3c6a77eeb,Small Merchant,114732.37,0.3511,23,217603.19,0.647,0.5538,8.6,2.1,0.6508,7.23,0.1801,,,False,,23,5,0
0bd0f55d-4da9-4963-8ee1-e586a2e1dfe8,Gig Worker,21575.99,0.3985,19,,,,,1.83,0.5533,,,16.85,0.0029,False,,13,3,1
b4aa5080-3bf1-4163-896d-d7a86d61f221,Gig Worker,38286.53,0.2734,23,,,0.6867,13.27,1.35,0.5852,6.95,0.1633,,,False,,16,4,1
bdb355ff-e278-40b0-b756-8d71db371c17,Small Merchant,92597.17,0.4599,18,152802.56,0.5578,0.5505,10.79,1.78,0.4655,1.78,0.1876,,,False,,12,5,1
80329952-e4f5-4192-b713-5df96cc9b37c,Informal/Rural Worker,19979.44,0.3145,19,,,,,2.75,0.8609,,,,,False,,24,2,0
bb3264ff-b7ae-4684-bf35-ebc715771819,First-time Borrower,51717.56,0.2294,18,,,0.617,9.06,,,3.75,0.1621,,,True,635.0,18,3,1
1a1834cc-f8fb-4b3d-b065-466897e0c952,Small Merchant,131453.13,0.3254,23,216701.46,0.7422,0.6362,10.79,2.58,0.7659,5.5,0.2055,,,True,594.0,19,5,1
ec7ff589-05c4-4d9d-9749-105ae291ae0e,First-time Borrower,49217.22,0.2102,14,,,0.6496,13.19,,,2.93,0.2475,,,True,501.0,15,3,0
19196d9e-23e0-4b6b-a1ab-63d34d86fab1,Gig Worker,22666.39,0.3961,23,,,0.4691,13.19,1.41,0.4698,,,11.78,-0.1152,False,,8,4,1
3dcac25f-06e5-480d-8a6d-02894be187cb,Small Merchant,163081.61,0.2608,24,353056.17,0.716,0.8503,4.99,,,6.31,0.1059,22.46,0.0791,False,,21,5,0
3a6e64c6-f4de-4555-bd07-78351e99d212,First-time Borrower,36397.99,0.2559,17,,,0.605,14.16,,,,,,,True,546.0,14,2,0
5c05419c-1ea3-4543-ad12-98c61d64d798,Gig Worker,35671.18,0.376,22,,,,,2.49,0.7116,,,19.65,-0.0327,False,,25,3,0
d48f590d-8eae-4cb0-a435-f34064af3ddf,Informal/Rural Worker,20878.1,0.493,14,,,0.7346,10.74,1.77,0.6097,,,,,False,,17,3,1
69487706-9da2-455d-9946-a401b32212a2,First-time Borrower,77517.64,0.2276,24,,,0.7638,3.95,,,6.46,0.1038,,,False,,20,3,0
191e457a-6246-4388-9e67-5fb349435ce5,First-time Borrower,52153.1,0.2432,22,,,0.6147,13.87,,,6.77,0.1548,,,True,633.0,21,3,0
a9de0e62-27b5-4e91-b397-ff9e68bba0e1,Gig Worker,51227.66,0.4188,23,,,0.8101,2.91,3.21,0.9217,,,26.07,0.172,False,,29,4,0
2f450531-68be-4786-98ec-1fd6a1390b48,First-time Borrower,66685.43,0.2232,21,,,0.6941,8.83,2.07,0.785,,,,,True,673.0,23,3,0
eebdd25c-ff74-4272-bb8c-0bb51e5ba8ab,Small Merchant,117299.56,0.4149,23,264097.17,0.6754,0.7894,8.89,,,6.57,0.168,,,False,,18,4,0
6ae24321-e817-4b34-a287-6fd157ae75ac,Gig Worker,29373.07,0.5536,19,,,,,1.76,0.5933,,,14.46,-0.1459,True,549.0,15,3,0
01969f84-3a97-4d6b-b07d-63f89bc7e9e1,Informal/Rural Worker,28103.08,0.4372,16,,,0.7346,7.44,2.82,0.8012,,,,,False,,25,3,1
6462c667-8079-4f59-95e6-7cdf1e878f58,First-time Borrower,59612.78,0.2272,18,,,0.6295,11.55,1.96,0.6946,,,,,True,637.0,16,3,0
f1597f69-e4b7-4aea-b0d4-9e1b4e6b15b4,Small Merchant,137056.45,0.3227,25,264233.83,0.8052,0.7183,3.71,,,,,,,False,,19,3,0
eace08b0-a3c9-4161-b2dc-d62e57b76bdc,Gig Worker,49076.77,0.2086,27,,,,,3.37,0.8675,9.44,0.0971,21.52,0.1483,False,,32,4,0
8f1ec3cc-44cf-47db-90a9-b955129080f6,First-time Borrower,76683.19,0.1085,26,,,0.8677,0.0,3.04,0.957,7.74,0.0967,21.15,0.215,True,760.0,27,5,0
cc0aa5c1-3918-4f3d-94ab-3f7b51ae0251,First-time Borrower,77031.72,0.1986,20,,,0.8633,6.79,,,9.61,0.152,,,True,699.0,22,3,0
01297989-7862-4530-bad2-10bc8333a375,First-time Borrower,58391.53,0.2811,21,,,0.6704,8.67,,,,,,,False,,18,2,0
511841aa-3864-48a4-8302-0aaa63908ec2,Informal/Rural Worker,19058.56,0.5224,13,,,0.6775,9.96,1.71,0.6468,,,,,False,,17,3,1
cda0b0a8-965c-4e83-9e40-d495897590a1,Gig Worker,18870.37,0.5193,19,,,,,0.9,0.4648,,,,,False,,8,2,1
6233a3ce-baae-4c79-961d-ce4cb1b3a340,Informal/Rural Worker,18640.89,0.4913,12,,,0.6824,5.76,2.49,0.6667,,,,,False,,21,3,0
edf97a2e-11c5-4a9a-bc72-33bc44ef2d51,Small Merchant,42542.89,0.4253,19,114820.7,0.5562,0.478,14.16,1.4,0.4171,2.98,0.2536,11.98,-0.1825,False,,4,6,1
1437328a-d266-415f-8a7b-8ee67c07f9e7,First-time Borrower,63130.52,0.1285,20,,,0.7178,7.47,,,,,,,True,670.0,15,2,0
3dd60ff7-3577-4edc-847e-fcdd97a5a68e,Informal/Rural Worker,17219.61,0.6444,13,,,0.5674,11.6,2.04,0.6422,,,,,False,,13,3,0
b5d22c8c-7630-474d-b055-0ec16aefec51,Small Merchant,106153.71,0.348,24,244629.51,0.683,0.7659,11.82,,,4.72,0.1882,,,True,631.0,18,4,0
95da9655-d4fc-46f2-8268-c703768d3e1e,First-time Borrower,57196.97,0.2409,20,,,0.611,9.46,,,5.05,0.117,,,True,615.0,17,3,0
7cdeccc7-ecee-45af-ac3f-10c831908477,Gig Worker,36513.46,0.423,24,,,,,2.04,0.6866,,,23.06,0.1187,False,,17,3,1
3dcf0e02-b52e-494c-97b4-14dddd6883aa,First-time Borrower,62074.8,0.1635,19,,,0.6443,7.26,,,,,,,True,637.0,17,2,0
2ff5a5e1-cd4d-4702-aed1-155281cbdfaf,Small Merchant,189352.45,0.2565,24,403829.53,0.8915,0.919,0.0,,,9.17,0.0914,,,True,793.0,30,4,0
f43f6a04-eb7a-4773-ace0-42e08be36229,Small Merchant,206581.94,0.1336,28,432413.3,0.9309,0.8649,5.24,3.14,1.0,9.42,0.0867,,,False,,30,5,0
b7780d12-a18a-41a3-acbf-713b29c7142f,Small Merchant,71324.79,0.4098,22,215933.61,0.5828,0.5401,12.1,1.75,0.5378,2.11,0.1915,,,False,,18,5,0
8228e68a-502d-4e9b-a868-08d1166c9f1a,Small Merchant,115116.8,0.2603,24,260745.86,0.6552,0.7699,6.68,2.75,0.5727,6.23,0.0776,,,False,,16,5,0
413125c8-bfc1-40ab-8893-61ae80ec143d,Informal/Rural Worker,24739.36,0.4456,17,,,0.7369,4.87,2.1,0.6803,,,,,False,,26,3,0
780e24d4-8748-4a1f-b06e-78af5bf47322,First-time Borrower,40951.06,0.3364,11,,,0.5388,13.75,,,,,,,True,529.0,11,2,1
7f943fa3-9c58-4a73-9542-ee2a2f55c631,First-time Borrower,52817.33,0.196,18,,,0.6206,5.5,,,,,,,True,591.0,18,2,0
2fb59e70-e43b-4a5d-90ca-8d73d187e66e,Informal/Rural Worker,17937.48,0.3757,9,,,0.5931,8.45,1.51,0.5512,,,,,False,,18,3,0
334fbc04-c381-4a6d-9918-d067e6672564,Small Merchant,125788.2,0.2649,26,290921.71,0.7166,,,3.02,0.8601,,,,,False,,24,3,1
607e223a-776b-4f31-a277-f416fd9dfe9f,Small Merchant,173495.29,0.4733,25,294268.84,0.7923,0.9177,6.97,,,6.02,0.0902,26.35,0.1422,False,,23,5,0
77b0db8b-4b7b-45cf-90cd-ac3ce9da6a68,First-time Borrower,84292.84,0.1752,21,,,0.8334,6.34,2.83,0.6482,7.8,0.1383,,,True,667.0,21,4,0
62a1bc30-9d16-49f0-a067-6bc9be001526,Small Merchant,196003.49,0.2832,30,444395.09,0.8623,0.9051,2.86,,,8.51,0.1165,,,False,,27,4,0
eb4462cf-a294-4cec-86eb-2da9c76c9dfd,Gig Worker,42964.97,0.2732,22,,,,,2.69,0.8658,6.83,0.1461,18.89,0.0767,False,,23,4,0
4a228e30-067c-4b49-bb33-f8a1cc74d389,Small Merchant,133531.22,0.3305,24,,,0.6796,10.79,2.8,0.7383,,,,,True,711.0,20,3,0
4f4c9cb6-6fe1-48f7-b232-ba3b3cb355df,First-time Borrower,66024.01,0.1406,27,,,0.8298,5.55,,,,,,,False,,23,2,0
fb950822-d029-4c75-84a6-fb6efbe268ce,Small Merchant,103421.24,0.3894,25,174282.12,0.5631,0.5219,14.02,,,4.94,0.2523,14.66,-0.0413,False,,17,5,1
af609f6c-acf0-43d4-8ddd-3e27d3864efe,Small Merchant,176950.36,0.2448,25,323709.21,0.8082,0.883,3.99,3.16,1.0,7.46,0.112,,,False,,25,5,0
f83a1431-6d71-4997-84e9-e67fe0092d17,Small Merchant,159546.41,0.1861,25,342854.99,0.7744,0.7924,2.93,,,4.75,0.1261,,,False,,21,4,0
5f2c0587-bcb5-4adf-8c1a-b189c687ecb3,Gig Worker,39453.31,0.4247,23,,,0.8149,8.57,2.46,0.6985,,,,,True,665.0,22,3,0
748d66fb-4694-4d4d-83bf-230a77f36ab0,First-time Borrower,58986.78,0.202,19,,,0.6418,7.18,,,,,,,False,,21,2,0
3d554ac9-2b06-4224-a016-105a661cc05b,Informal/Rural Worker,23252.34,0.3818,15,,,0.7357,7.44,2.26,0.7108,,,,,False,,25,3,0
3d8abec0-e13d-4be0-90cd-45bc9c83ee4b,Gig Worker,42202.62,0.2622,24,,,,,2.69,0.8197,,,23.8,0.2315,False,,27,3,0
782fae9e-9464-4244-b051-93a17c6210f7,Small Merchant,215132.37,0.2617,27,427012.68,0.8395,0.8147,1.07,,,9.31,0.0645,,,False,,25,4,0
c676e1a9-d6d9-4dc8-8fd5-62bf863dfc79,Small Merchant,175550.22,0.1459,28,411663.49,1.0,0.9168,4.14,,,,,,,True,859.0,33,3,0
80d9b121-47cb-44f9-8def-5f5c7cc5f2e2,First-time Borrower,46274.12,0.2606,20,,,,,1.88,0.5254,,,,,True,620.0,13,2,1
b0e08dd7-9953-4eaf-8a23-428c5c421e46,Gig Worker,32643.11,0.4508,23,,,,,2.6,0.8108,,,19.44,0.0998,False,,18,3,1
12380e23-3601-40df-8b9c-2ef6d1bf47ac,First-time Borrower,62586.81,0.2394,17,,,0.6317,10.47,,,3.71,0.2222,,,False,,16,3,0
fad9e2fc-4670-4a37-94d0-3e836057b22c,Gig Worker,29503.87,0.3512,19,,,,,,,2.88,0.2094,16.47,0.0484,False,,10,3,0
15687f88-f3b1-49e4-9e15-c24adfa5c66b,Gig Worker,19566.06,0.4908,18,,,,,1.18,0.412,,,11.72,-0.0451,False,,8,3,1
742e2384-07af-4d76-9447-02f84ff4286d,Small Merchant,36954.47,0.4274,21,84873.27,0.5432,0.5345,16.81,,,1.58,0.2447,,,False,,3,4,1
d16b2b41-0c85-4853-ab5e-fb4d2a3ca650,First-time Borrower,44789.59,0.2387,17,,,0.5452,9.76,,,4.32,0.2712,,,True,583.0,8,3,1
ada0c2e5-11a1-4483-81ba-67623a1c3024,Gig Worker,19636.1,0.5483,14,,,,,1.44,0.4022,,,10.62,-0.1697,False,,7,3,1
9d8cf7f8-bcb2-4827-a2a3-7e5905f107b3,Small Merchant,148018.84,0.369,21,284527.73,0.7388,0.7728,7.67,,,,,,,False,,16,3,0
80952f01-32b7-4a50-925f-27f48add2706,First-time Borrower,53811.85,0.2056,17,,,0.5412,13.29,,,3.99,0.1804,,,True,566.0,13,3,0
f644ab3c-4a82-4916-82e1-b1b1dfe7f802,Informal/Rural Worker,27371.45,0.4102,20,,,0.7426,5.87,2.64,0.7732,,,,,False,,20,3,0
d953210c-dfb0-4b78-8580-8dbfffce92e7,First-time Borrower,70001.57,0.2004,18,,,0.8144,7.04,,,,,,,True,662.0,24,2,0
28715638-0a8f-4392-9945-ddccd799c3ba,Gig Worker,21524.65,0.5755,20,,,,,1.31,0.5311,,,18.66,-0.101,False,,11,3,1
dd1873f7-a656-4313-86f5-930bd3e6a3af,First-time Borrower,43540.66,0.276,12,,,0.5708,12.57,1.78,0.5976,6.2,0.1701,,,True,542.0,15,4,0
7eba345e-a66d-4bbd-bb42-3db7b89c4971,First-time Borrower,38452.52,0.2086,16,,,0.6,15.95,,,1.56,0.1519,,,False,,14,3,0
866116ff-c23d-4ae1-a67f-f05c7dc15801,Gig Worker,27966.48,0.4359,20,,,0.5797,12.53,1.75,0.5328,,,18.74,-0.0279,False,,10,4,0
fafeb6fe-8970-42f7-9dfd-30e664144e0e,Gig Worker,30479.26,0.3824,20,,,,,1.48,0.6558,,,15.34,0.0176,False,,12,3,0
05d224b8-4fa3-48f5-81fd-c3617ef223c1,First-time Borrower,65684.83,0.1945,22,,,0.7938,5.43,2.32,0.7025,,,22.44,0.1136,True,682.0,20,4,0
bf437389-7328-4b76-98a5-68b8e7a89194,First-time Borrower,52156.03,0.2754,17,,,0.5642,12.4,,,,,,,True,537.0,14,2,1
1ced8baf-c0a7-4539-9995-d449b0f5d6a3,First-time Borrower,51388.83,0.2727,21,,,0.6379,8.32,,,4.98,0.1889,17.12,-0.0246,True,561.0,19,4,0
94cfa58e-8244-4962-af2e-c4d50c8e6857,Gig Worker,39045.89,0.3191,24,,,,,2.97,0.7768,,,24.66,0.2027,True,711.0,30,3,0
e68d9e79-42d2-4850-a349-f5903cf1f68f,Small Merchant,122690.77,0.3737,23,269719.37,0.6837,0.6248,8.48,2.36,0.5589,,,,,False,,11,4,0
a64fd953-d79c-4ec6-a57c-fc28c5db23c5,Gig Worker,29661.54,0.2539,25,,,,,2.66,0.8334,,,17.85,0.0435,False,,20,3,0
760ae410-332a-4b40-b542-f367c4466c6c,First-time Borrower,42514.38,0.2482,17,,,0.6741,10.75,1.87,0.5263,,,,,True,649.0,19,3,0
e2aabba1-78da-41f0-af48-90c249b2598b,Small Merchant,109736.68,0.3934,24,223908.73,0.8469,0.6192,10.73,,,5.0,0.1991,,,False,,20,4,0
da958415-ad91-41fe-876a-885175b8bd9e,First-time Borrower,55479.43,0.2595,18,,,0.6449,10.42,2.81,0.665,,,,,True,611.0,20,3,0
e9e1d2ce-0178-42b3-89c4-bc1c49427d42,Small Merchant,148801.63,0.2943,24,279595.84,0.7814,0.7067,4.32,,,5.87,0.1583,,,True,645.0,19,4,0
21a247fe-03fc-45c4-a9e2-f7a17e012f72,First-time Borrower,58969.87,0.2768,20,,,0.5757,9.76,2.34,0.5677,,,,,True,639.0,14,3,0
4afea4f0-853f-46ba-92b5-f3baee2092ea,Gig Worker,31853.13,0.4732,25,,,,,2.39,0.6574,4.87,0.16,19.32,0.0089,False,,17,4,0
28b1c0f6-0175-48dc-9c40-53aa0ce68b3a,Gig Worker,43024.46,0.3359,24,,,0.859,6.26,3.38,0.7014,,,24.87,0.1181,False,,27,4,0
17a9a044-2679-4027-a79b-decc6e0fa555,First-time Borrower,57355.26,0.2175,20,,,0.6057,11.43,,,4.66,0.1984,,,True,614.0,24,3,1
64b5df39-c750-45b9-b137-a490378af53e,Gig Worker,28787.66,0.3632,21,,,,,2.6,0.6018,,,18.62,0.078,True,627.0,17,3,1
879e7f5f-c614-447b-835f-92cc1e57b501,Small Merchant,131976.01,0.4331,23,239251.75,0.7902,0.6752,11.12,,,5.03,0.1461,,,False,,22,4,0
c8ec6dc2-2004-4d14-8e2d-28dd22a72e1e,Small Merchant,149172.8,0.2717,29,339925.68,0.8994,0.7785,0.77,,,6.99,0.1155,22.73,0.0765,True,707.0,25,5,0
dbef373f-ffc9-415e-bfda-5fff5213ee65,Informal/Rural Worker,18933.42,0.5036,19,,,0.675,10.09,2.67,0.7162,,,,,False,,20,3,0
cec62cce-db7a-4541-b9fa-fe62e91b6484,Informal/Rural Worker,20708.83,0.531,15,,,0.6498,6.3,2.66,0.8303,,,,,False,,20,3,0
3392ae20-03a2-4207-bcf3-7359cb2746c9,Gig Worker,37307.24,0.4165,25,,,0.8483,6.76,,,,,19.89,0.2306,False,,22,3,0
ebc52e1b-c046-41d1-8b08-899da4f02e46,Small Merchant,117448.2,0.3234,24,,,0.6865,8.81,,,7.47,0.1455,18.55,0.1192,False,,17,4,0
6b7be81c-eba3-478c-a113-366e974ed41b,Small Merchant,168046.53,0.2767,27,313848.57,0.8152,,,,,,,22.82,0.1231,False,,19,3,0
5db3e5aa-df07-4dd6-9f70-fc73868e9173,Informal/Rural Worker,26555.99,0.3791,16,,,0.7375,4.41,2.9,0.7659,,,,,False,,29,3,0
19dbb3e1-de69-4c63-b4b0-b13d7ff1ddd8,First-time Borrower,80940.03,0.1563,21,,,0.9213,1.98,,,,,,,True,772.0,29,2,0
5bc91d86-89cd-40f0-bb36-c6e96c3e98cf,First-time Borrower,41366.31,0.2241,16,,,0.5646,12.5,2.09,0.5355,,,,,True,618.0,11,3,0
854d6b5a-cbe0-4bb7-b97d-0379ffcaa7c3,First-time Borrower,69288.02,0.2068,19,,,0.705,5.5,,,,,,,False,,21,2,0
7ee9ceee-0e0b-49bb-9c04-d37f67331bfe,Small Merchant,159738.77,0.2986,27,362157.44,0.8606,0.881,3.32,,,7.73,0.0855,,,True,792.0,25,4,0
eee63edd-d2a2-4b3e-8e02-c2f09676cc7a,Informal/Rural Worker,24426.97,0.413,16,,,0.7114,8.42,2.43,0.709,,,,,False,,21,3,0
fbeb8f41-6580-4d4b-96dc-2cc993429e62,Gig Worker,39223.15,0.4536,22,,,,,3.22,0.7654,6.8,0.1499,23.13,0.0476,True,662.0,19,4,0
627c5ca7-60d1-4d71-b6a0-99fc948ef122,First-time Borrower,69453.45,0.0989,18,,,0.783,4.28,,,8.47,0.1525,,,False,,29,3,0
95f8e795-bfbe-4f5b-bf70-f3ca2fc265f1,Informal/Rural Worker,21406.61,0.5283,11,,,0.6657,5.13,2.5,0.8475,,,,,False,,20,3,0
6d567f58-efe3-4fe8-9378-3c9bbb521b0e,Informal/Rural Worker,20167.94,0.4681,12,,,0.7565,10.87,1.84,0.5582,,,,,False,,17,3,0
9a0a51c7-6786-4a8d-b6a1-87f738417e75,Small Merchant,156677.8,0.2657,25,283302.62,0.6907,0.8263,5.36,,,6.48,0.1678,,,False,,22,4,0
31a57840-1dbb-4c2c-8872-3214955b9cb4,Informal/Rural Worker,29863.9,0.3991,17,,,0.8309,5.21,3.25,0.8484,,,,,False,,22,3,0
041beff9-9ea1-4ca5-81b9-469a435a3b07,Informal/Rural Worker,13850.95,0.4634,10,,,0.5402,13.47,1.45,0.6123,,,,,False,,15,3,0
628d6a04-765f-467f-b808-1e8509f7f76c,Small Merchant,101332.24,0.2982,23,249062.94,0.6265,0.7494,12.25,,,4.05,0.1502,,,False,,12,4,0
7388a0ef-9e4a-4c54-a141-03fcc5477543,First-time Borrower,72811.03,0.2099,22,,,0.7449,4.58,2.48,0.8747,,,,,False,,26,3,0
8fce6153-6583-4c4c-9231-2bc8e8d4bf54,Small Merchant,128821.31,0.2405,25,337971.05,0.7329,0.7616,5.99,,,6.95,0.1064,,,False,,27,4,0
c6446d75-9741-4b1c-bcf8-e36535403133,Informal/Rural Worker,24157.52,0.3814,17,,,0.8295,4.85,2.24,0.7193,,,,,False,,24,3,0
1ff718c2-40b1-45d0-9098-1c459a4af5fc,Gig Worker,24394.55,0.3748,19,,,,,,,3.92,0.2442,16.17,0.0307,False,,15,3,0
d10f276d-c97b-46d5-8fb5-1c3f72bde6db,Gig Worker,48437.63,0.2514,26,,,0.893,5.32,2.84,0.831,,,25.46,0.2336,False,,25,4,0
1fe68324-877c-4b5c-b9bb-196178f3ad2f,Gig Worker,38863.89,0.3664,20,,,,,2.68,0.7789,,,22.2,0.0334,False,,20,3,0
e0fd8ff5-3150-464b-accc-3b6b96fa4504,Small Merchant,158906.79,0.2589,27,323382.09,0.8863,0.7933,7.07,3.08,0.8657,7.01,0.0991,,,False,,17,5,0
0dcfe7ae-8b98-462d-b688-fa48b56cc6ea,Small Merchant,66089.59,0.2843,21,224417.39,0.5525,0.6181,13.22,,,3.52,0.1661,14.41,-0.0478,False,,18,5,1
260a88dd-023b-401d-a278-f99faede51bf,Small Merchant,147844.0,0.2224,26,365699.48,0.8381,0.8477,6.02,3.02,0.7695,7.22,0.0627,,,False,,28,5,1
50f450f3-1635-4a3d-b898-71538f92a53c,First-time Borrower,48338.26,0.2961,19,,,0.704,12.52,2.25,0.7101,,,19.67,-0.0108,True,618.0,19,4,0
7391bc89-28da-4a9a-8c5e-e830f06fce05,Gig Worker,34131.71,0.3812,20,,,,,2.21,0.5785,,,17.87,0.0558,False,,16,3,0
2b4fc922-92ee-4c35-8321-da95130c4c33,Informal/Rural Worker,8173.62,0.5889,9,,,0.5267,13.61,1.62,0.5798,,,,,False,,9,3,1
49b8accd-be7d-48a4-a7bb-25334f7e92fd,Small Merchant,86955.99,0.4359,22,193008.5,0.5644,0.5753,12.6,1.51,0.6012,,,,,False,,10,4,0
ca55f2b3-6353-49de-9405-ebab040d07a9,First-time Borrower,75031.67,0.1591,19,,,0.6798,8.96,,,6.57,0.1194,,,False,,23,3,1
f851887b-aad7-43a7-9954-54c431607ffc,Gig Worker,33759.28,0.3722,23,,,,,2.82,0.9067,5.94,0.1915,22.92,0.2431,False,,24,4,0
b9400a98-b072-44c0-9ad1-4df274fb449c,Informal/Rural Worker,10049.98,0.5599,7,,,0.5372,13.8,1.79,0.507,,,,,False,,10,3,0
bb3582c3-dcf3-4930-bec6-f7e2d9039efa,First-time Borrower,56765.76,0.1982,18,,,0.6698,5.93,,,6.56,0.1104,,,False,,16,3,0
229f825c-74dd-4fe3-afa4-9dcf3527a43b,Small Merchant,150782.73,0.2929,25,296380.36,0.6837,0.7774,7.02,3.36,0.8523,5.48,0.1801,,,False,,21,5,0
184cf5fd-35d6-4b95-a1d4-d8294ecfab1b,Small Merchant,116224.71,0.2573,24,227080.69,0.7696,0.7275,9.18,1.85,0.6084,7.25,0.1832,22.13,0.0185,False,,18,6,0
f8a7dc82-3555-4885-8d0d-c2dc26eaac82,Gig Worker,40863.98,0.281,24,,,,,2.54,0.7398,,,23.12,0.1663,False,,22,3,0
3a4e8965-3727-4251-bc91-1b82eb371944,Informal/Rural Worker,23627.84,0.4731,10,,,0.6605,12.93,1.63,0.6439,,,,,False,,15,3,0
b08164bf-ac3c-4122-ab5f-1fd397f65237,Gig Worker,48862.96,0.3223,28,,,,,3.03,0.7868,,,,,False,,31,2,0
046e1433-ab17-4df9-b2c8-1f64d65e16ae,First-time Borrower,48474.23,0.2339,16,,,,,,,,,14.59,0.0433,True,580.0,14,2,0
0e4bfe64-7553-49fb-bb7d-1f27d1233d77,Gig Worker,42096.13,0.3383,25,,,,,2.91,0.8896,7.54,0.1789,22.02,0.0766,False,,25,4,0
03b75517-d6a6-4d92-a747-a4be2a9cee77,Gig Worker,36182.39,0.2624,24,,,,,2.32,0.6072,,,18.37,0.027,False,,16,3,0
e92c1cda-7f08-47c4-8ff0-b0f30683e9fe,Small Merchant,170326.76,0.2212,25,322598.62,0.8591,0.7873,0.69,,,6.94,0.1473,24.83,0.1462,False,,23,5,0
a8bfcff4-4b5c-426e-919f-a3fec47937a9,Informal/Rural Worker,10477.68,0.6371,5,,,,,,,,,,,False,,7,1,1
100a3f15-6df9-4415-b183-94654494738e,Informal/Rural Worker,29756.98,0.2884,16,,,0.8233,5.77,3.13,0.7922,,,,,False,,26,3,0
602e0815-7841-4d93-9132-8aad4a3c81b1,Small Merchant,120774.16,0.3802,25,278814.52,0.7338,0.7256,7.18,,,5.68,0.215,,,True,632.0,20,4,0
47a7eef8-381a-415d-bd19-6409333432f5,Small Merchant,73326.64,0.4566,21,149609.03,0.4188,0.4673,16.82,,,1.52,0.1955,,,False,,8,4,1
da8abd86-f0a5-42a1-96f2-83886022a37c,Small Merchant,161014.91,0.3658,25,310035.4,0.8477,0.7082,6.44,,,5.97,0.1384,,,False,,25,4,0
8b62cc29-f664-4290-8b32-5ed542bc001d,Informal/Rural Worker,21060.77,0.4409,16,,,0.7352,5.5,2.96,0.7528,,,,,False,,27,3,0
8d8d0c65-7f5c-44ef-9091-a36b35c06229,First-time Borrower,46086.6,0.1757,18,,,0.5714,11.31,1.95,0.6672,,,,,True,560.0,18,3,1
9be642f6-4a47-4c23-a089-543f87cb0c77,Small Merchant,118353.95,0.4454,25,231229.14,0.7504,0.6665,7.69,1.94,0.726,6.15,0.126,,,True,654.0,16,5,0
3608ae62-353b-486a-8b92-28c5e8cd868e,Gig Worker,38462.67,0.3807,22,,,0.7559,3.31,2.52,0.6484,,,19.59,-0.038,False,,24,4,0
a222e07a-2e24-4fb4-b6bb-799a4545f4a0,First-time Borrower,29919.56,0.315,15,,,,,,,,,,,True,405.0,6,1,1
37f6517a-e922-4e8d-bd05-8848e7b1e669,Informal/Rural Worker,20338.18,0.5173,12,,,0.5921,14.02,1.7,0.5491,,,,,False,,14,3,1
a87ca829-e908-4a15-9364-a2d969099bce,Gig Worker,27109.0,0.4814,16,,,0.6312,10.6,2.47,0.6411,4.05,0.1603,18.45,0.1077,False,,13,5,1
a1567446-b910-4276-b877-53ffccbfef87,Gig Worker,26375.27,0.4636,17,,,,,1.22,0.4648,,,16.62,-0.0931,False,,9,3,0
02939302-2f51-4c93-944c-c7e1f0340e3b,Informal/Rural Worker,31163.79,0.3424,19,,,0.8244,1.99,2.39,0.8136,,,,,True,794.0,25,3,0
a2ba86f2-b8e9-4dc3-8b49-070fe2ecdbfc,First-time Borrower,71337.7,0.1734,26,,,0.8761,3.54,2.95,0.8033,9.26,0.1318,,,True,710.0,21,4,0
83a5a8a0-c4b6-4037-8fa8-5dc806b644d2,Gig Worker,43215.59,0.393,24,,,0.7248,6.08,2.48,0.7372,,,20.51,0.123,True,674.0,22,4,0
2075889d-3ade-42f6-be78-4fe1866fc64f,Informal/Rural Worker,25325.98,0.4899,15,,,0.7517,6.26,2.76,0.8221,,,,,False,,26,3,1
143aea21-7128-42ce-9bbc-e1f206ca584b,First-time Borrower,80534.63,0.1603,21,,,0.9056,6.42,,,10.25,0.1041,,,True,765.0,27,3,0
671dee8c-5ade-4882-8fd4-2858b7e6c789,Informal/Rural Worker,20582.45,0.4422,13,,,0.5775,9.91,1.56,0.7093,,,,,False,,11,3,0
3c7e7286-29b0-4efc-a05a-dd56a00c2226,Small Merchant,117668.47,0.2767,28,301861.49,0.7979,0.8182,6.13,2.99,0.6609,5.76,0.1162,,,False,,30,5,0
1feb9774-53d1-4124-9cdb-0d2875c891a2,Informal/Rural Worker,24175.5,0.4094,15,,,0.6395,6.96,,,,,,,False,,25,2,0
c7cf3ad8-63c3-4e1d-bd16-be63b2e7e82e,Gig Worker,36977.93,0.3821,23,,,0.7958,7.24,2.88,0.7703,,,18.79,0.1772,False,,17,4,0
2c128e77-4d39-4897-a3f7-d9e8f401efe4,Informal/Rural Worker,21979.24,0.4127,19,,,0.8058,4.92,3.07,0.8099,,,,,False,,22,3,0
e84831e8-53b2-446c-adc0-bfc94d1f684a,First-time Borrower,33044.89,0.2906,16,,,0.5382,13.54,,,,,13.35,-0.0866,True,561.0,12,3,0
3819af07-09ec-4cee-b54d-08e8bc2c582e,Gig Worker,30221.18,0.4792,20,,,0.63,16.36,2.15,0.6927,,,19.08,0.0219,False,,12,4,0
a1fd5030-f7e2-43e8-a5e6-33705eb630ca,First-time Borrower,56109.4,0.258,18,,,0.7037,13.51,,,4.72,0.2182,,,False,,10,3,0
c5682ae7-70e4-488b-99ca-5418f1979a99,Informal/Rural Worker,22769.82,0.5673,13,,,0.7445,10.34,1.98,0.7576,,,,,True,622.0,25,3,0
780a1322-ea71-4db0-9684-78938893f16f,First-time Borrower,30630.17,0.2308,19,,,0.5466,11.28,,,3.66,0.2045,15.56,-0.0579,True,544.0,14,4,1
012fbc77-9305-42f6-9eda-c163938c56d9,Informal/Rural Worker,20344.29,0.4752,18,,,0.7672,9.77,2.82,0.5949,,,,,False,,18,3,0
c61e46cf-5283-4ffe-b9ba-09e559380c9f,First-time Borrower,53512.45,0.2782,15,,,0.5223,13.0,,,,,,,False,,23,2,0
7141cefd-adf0-4eb3-9263-7a1fce07aa18,Small Merchant,107388.63,0.4214,23,248786.31,0.699,0.7346,10.53,2.37,0.7493,4.06,0.2233,,,False,,16,5,0
58741ead-d050-4887-9b52-10dfa1a1bc89,Small Merchant,194992.53,0.2292,26,389293.16,0.8099,0.8177,4.77,,,7.78,0.0621,,,False,,26,4,0
a091923d-d178-4ddb-999e-e37a0dc13ef4,Informal/Rural Worker,21321.78,0.5353,12,,,0.689,11.51,2.74,0.6855,,,,,False,,16,3,0
d4c2d501-f9c9-4d04-9df9-7522a23302f5,Small Merchant,71152.88,0.3417,24,239358.9,0.6174,0.6325,11.35,1.66,0.7229,,,,,False,,11,4,1
f7fa2420-50e3-41b6-a2d5-22b580763fe1,Informal/Rural Worker,24409.18,0.4241,18,,,1.0,0.0,3.08,0.8049,,,,,False,,28,3,0
a1b94b9f-d489-4c05-bc0f-e80918259c03,Small Merchant,84521.45,0.4112,22,129045.65,0.6733,0.5733,13.84,,,3.3,0.2391,,,True,557.0,12,4,0
20707f98-e855-436e-9ace-71114c735605,First-time Borrower,72079.66,0.172,19,,,0.818,12.23,,,6.55,0.1124,,,True,696.0,29,3,0
fe60c333-fdcf-437a-85b4-bfe661e5c3d3,Informal/Rural Worker,21693.15,0.3807,19,,,0.8245,4.17,3.24,0.7698,,,,,False,,26,3,0
72dd7f72-15b9-4a49-bd4f-06c8ceafeaef,Small Merchant,96947.85,0.4422,22,156559.48,0.5671,0.551,15.05,,,3.86,0.1923,,,False,,9,4,1
c1ba7650-a5a8-417f-a6b5-5b1c73173421,Small Merchant,202086.61,0.2514,30,453840.85,0.8993,0.9463,1.34,3.82,0.9344,8.37,0.1007,,,False,,30,5,0
788760e3-4fa2-4e39-ae92-f0293e3aa951,Small Merchant,125693.4,0.2946,26,284172.8,0.7697,0.6441,7.78,,,7.33,0.184,,,False,,24,4,0
ab1b8259-fd42-4b34-9b1a-84b3545eed92,Informal/Rural Worker,29027.43,0.3395,17,,,0.8821,4.09,2.71,0.8029,,,,,False,,27,3,0
f8718097-0d09-49fc-88c1-90ed4d5b4248,Gig Worker,20472.58,0.4255,18,,,,,1.59,0.4545,2.89,0.2833,10.21,-0.1038,False,,20,4,1
00fad7fc-b8e4-4fad-8d9a-89255eeab351,Informal/Rural Worker,17420.53,0.3966,13,,,0.5805,11.04,2.13,0.623,,,,,False,,15,3,0
0398013a-5664-49cc-8830-a0a3049c6fc7,First-time Borrower,56479.01,0.243,26,,,0.7187,4.67,,,7.47,0.155,24.26,0.0647,True,632.0,15,4,0
dd349025-108e-4484-a2e0-ce8ab2c74fae,First-time Borrower,67912.28,0.1673,23,,,0.7276,7.94,2.03,0.6734,,,23.12,0.0275,True,667.0,19,4,0
02bb715f-6b0c-4e10-a77c-5ce3ca7c246d,First-time Borrower,70670.1,0.214,23,,,0.7377,5.49,,,7.17,0.1242,,,True,713.0,22,3,0
e54208eb-112d-4d6a-a8b0-42427656d476,First-time Borrower,34635.88,0.2857,17,,,0.3762,15.45,2.04,0.6215,3.35,0.1557,,,True,502.0,9,4,0
8db47d18-55e4-4c8f-a067-b7fde8a19741,Small Merchant,166465.31,0.1776,28,365469.59,0.9649,0.9614,4.08,3.26,0.8268,8.84,0.0976,,,False,,25,5,0
198c5f26-46de-4723-bd39-662ce4408b64,Gig Worker,30716.07,0.3987,21,,,0.689,10.06,1.85,0.5986,2.81,0.2141,,,False,,14,4,0
926d8e40-f35d-4fb6-9336-4257371df75c,Small Merchant,112510.98,0.3409,21,187065.96,0.7203,0.7227,11.52,2.03,0.6409,6.52,0.1782,,,False,,18,5,0
bcdad425-a3d3-4e92-88bb-7d521a80a5b4,Gig Worker,50916.61,0.2666,26,,,,,3.67,0.8709,,,29.56,0.1561,False,,29,3,0
f25da305-9456-4ea4-8244-0dcdbea539b6,Small Merchant,127873.68,0.3698,22,237442.14,0.7005,0.7039,10.05,,,5.97,0.17,,,False,,22,4,1
2e267843-92c5-4db2-b14f-5ad162f4dd86,Informal/Rural Worker,26247.32,0.4194,17,,,0.9049,8.95,2.39,0.6752,,,,,False,,17,3,0
26aa9ca5-f6cc-4cd0-a911-057bf3592426,First-time Borrower,49647.51,0.1797,14,,,0.5601,13.63,1.65,0.5885,,,,,True,518.0,15,3,1
032fe8f8-e60a-4053-9ed1-fc625963eb9c,Informal/Rural Worker,24364.56,0.433,12,,,0.6881,10.77,2.63,0.7737,,,,,False,,23,3,0
3ad9aa2d-14ef-4d58-8d0f-d393243bc6bb,First-time Borrower,52535.97,0.2913,20,,,0.6906,11.73,2.29,0.5794,,,,,True,626.0,22,3,0
45dae023-8aeb-4ed3-9969-dd46d922dee9,Small Merchant,186005.15,0.354,28,401129.93,0.7682,0.906,6.93,,,9.55,0.0724,,,False,,26,4,0
9e9761e8-a0ed-46b6-8081-64e4f819ee28,Gig Worker,40926.0,0.3324,26,,,,,2.77,0.6359,,,24.26,0.1425,False,,22,3,0
82c43977-827a-4624-8cf3-6f7ac9641095,Gig Worker,36410.84,0.497,23,,,0.5853,12.53,2.15,0.8144,,,20.82,0.097,False,,14,4,1
47bc1891-2809-4d13-83dd-8c15ba2287ff,First-time Borrower,69122.76,0.2642,19,,,0.7791,6.55,,,,,,,True,668.0,16,2,0
c8d5ce40-b210-4c7e-aaea-7994a7eac928,Small Merchant,189839.95,0.3028,26,370553.8,0.8277,0.9412,0.15,,,8.78,0.1157,,,False,,30,4,0
43f23752-b45e-4e99-86c7-a036c712deca,First-time Borrower,65119.74,0.2478,21,,,0.6668,10.53,2.41,0.6999,,,,,True,716.0,20,3,0
5470b9a5-7384-46fd-a5ef-0191d868e1cc,Gig Worker,20815.52,0.3644,19,,,0.5243,13.9,,,,,17.17,-0.1181,False,,14,3,0
500bbb53-1413-45b1-a3df-f8efbcf682d2,Informal/Rural Worker,19692.8,0.4464,9,,,0.6147,12.91,1.17,0.6605,,,,,False,,16,3,0
c0ab16c7-f37b-4573-babd-9c98dc73ba97,Informal/Rural Worker,24766.44,0.3876,17,,,0.7609,7.75,2.21,0.7387,,,,,False,,21,3,0
a4889f35-f090-4043-8ea9-e9a55d0004a3,First-time Borrower,54852.09,0.2489,23,,,0.6028,10.8,,,,,,,True,605.0,21,2,0
a0a10fb0-01dc-4a9a-bbe1-cd946f3a1e85,First-time Borrower,60170.68,0.2195,19,,,0.6781,8.85,2.63,0.5928,,,,,False,,15,3,0
945d51a3-5d49-425c-bece-872927274ead,Small Merchant,129944.01,0.4434,20,257639.88,0.7537,0.7272,5.39,2.3,0.7435,,,18.91,0.0765,True,633.0,18,5,0
491dc255-f4ed-4fc1-9adb-07e4bb202b64,Gig Worker,20331.57,0.59,23,,,,,,,,,,,False,,6,1,0
96c51923-fc6b-4f00-99ff-f596ead0dae1,First-time Borrower,64660.65,0.2079,23,,,0.6263,8.91,,,,,,,True,564.0,23,2,0
5abdcce5-023e-45e6-bfb6-9f030396eb0d,First-time Borrower,47945.04,0.2189,19,,,0.5513,10.97,,,,,,,False,,12,2,0
ca4695f7-acff-48ac-8eb3-22e2b433e3fa,Gig Worker,21646.53,0.5648,20,,,,,1.19,0.5256,,,14.94,-0.0721,False,,5,3,1
38880eb7-8ea7-4966-9fd9-89b58cdc69a0,Informal/Rural Worker,19180.74,0.5789,11,,,0.6685,10.44,1.79,0.4562,,,,,False,,18,3,1
421b23de-9e1f-4edc-a629-c62b64e670e1,Small Merchant,91906.54,0.4266,23,132401.51,0.6094,0.577,15.63,,,,,,,False,,13,3,0
79e72eb3-7357-44bc-89e6-eb57f7716b7c,Gig Worker,37251.03,0.3574,24,,,0.7342,9.93,2.49,0.7095,,,20.01,0.0031,False,,14,4,0
75dd29e0-9111-4d23-a062-8888d7f193f7,Gig Worker,32024.52,0.4515,21,,,,,2.08,0.5745,5.94,0.194,18.87,-0.0097,False,,18,4,0
17900cc4-35fb-4b26-a633-c22a81a8fb80,Gig Worker,21427.95,0.5079,20,,,0.5569,11.21,,,,,12.54,0.0032,False,,14,3,0
4750f63d-f168-4ae1-ba2f-92d6768632f4,First-time Borrower,85886.65,0.1332,26,,,0.9515,4.59,,,,,,,True,787.0,31,2,0
25162e65-ac65-4b49-b584-1f879197721d,Informal/Rural Worker,23994.68,0.4722,16,,,0.7433,5.13,3.35,0.7669,,,,,False,,22,3,0
11bcbcb9-00bb-4ede-8f95-702bfecaa132,Gig Worker,37887.23,0.4109,23,,,,,2.33,0.7626,,,17.49,-0.0683,False,,16,3,0
cd34724d-e251-47cd-a6b6-5d5360c5b1ba,Small Merchant,113044.25,0.4164,25,266684.56,0.6672,0.6986,13.58,,,6.32,0.2029,,,False,,19,4,0
f673abea-81e8-4f70-9f03-3923ef2f75ea,Small Merchant,121507.53,0.4296,25,235694.84,0.71,0.8233,11.03,,,5.81,0.1783,18.61,0.0186,False,,17,5,0
c1b60e5f-ac39-4c99-aec7-95f5ba05bae5,First-time Borrower,55509.75,0.1312,21,,,0.7865,8.43,,,8.19,0.2187,,,True,652.0,24,3,1
670abad5-a9c9-4d5a-aa8f-a3ab12348155,Small Merchant,108866.88,0.2921,21,218921.4,0.6625,0.6446,15.27,,,6.34,0.221,,,False,,15,4,1
74ce868c-73d0-4b56-810c-b7d649014dc0,Small Merchant,187525.55,0.2531,27,366960.61,0.9818,0.7482,10.18,,,8.11,0.1037,,,True,751.0,24,4,0
080947f2-4b03-4044-8ef3-8fec3bad5d3f,Small Merchant,114288.92,0.339,25,307384.13,0.8281,0.8527,5.75,3.54,0.8175,7.63,0.1389,,,False,,25,5,0
70a59da3-31e9-4c2c-aa31-56bac4ca62c6,First-time Borrower,59494.95,0.2456,21,,,0.57,7.95,,,4.48,0.1778,,,False,,14,3,0
8b787ac6-2d60-4d46-9f63-31cffb4fb728,Small Merchant,114173.34,0.3258,25,206649.79,0.8144,0.6967,9.16,2.48,0.5657,,,,,True,645.0,18,4,0
3b92aabb-749e-4b78-9a24-112e925469f9,Gig Worker,38084.81,0.3673,20,,,,,1.95,0.6568,,,16.51,-0.0066,False,,17,3,0
c0da73c2-c840-4025-a0c6-ef63bad0f7bc,Small Merchant,80876.79,0.3428,20,211852.59,0.6775,0.6293,12.41,,,4.03,0.2223,,,False,,16,4,1
fbfd2533-cf81-4779-878f-3f1a66afc205,First-time Borrower,70165.4,0.1721,23,,,0.8858,4.71,,,7.41,0.141,,,True,693.0,26,3,0
7536853d-4509-4cb6-a7e5-fb81dff30d4f,First-time Borrower,22778.19,0.3112,12,,,0.5721,16.81,,,,,,,True,451.0,12,2,0
0f74333f-11c9-42cd-b414-79aa4c4404dd,Informal/Rural Worker,20298.0,0.4822,12,,,0.7709,10.69,,,,,,,False,,18,2,0
9476e2f6-44ba-49a1-8ba4-460b9ecc1ff0,Informal/Rural Worker,30098.25,0.3963,18,,,0.8514,6.7,,,,,,,False,,24,2,0
6d837221-fd74-44b5-b2d3-4d3f55564bc4,Small Merchant,157282.2,0.2293,26,334907.66,0.8353,0.8044,4.17,2.95,0.7754,8.29,0.1931,,,False,,22,5,0
35a6eacd-672b-49cb-a9fa-71451eeb45a4,First-time Borrower,69470.52,0.2555,21,,,0.7749,6.99,2.07,0.6324,6.29,0.1708,,,True,673.0,22,4,1
c0fa0731-cfa3-4ae3-8a3e-2227479c66d7,Gig Worker,30359.62,0.4637,23,,,,,2.33,0.5089,,,17.03,-0.0864,False,,15,3,0
ad036126-c28f-4049-aa0b-46b8d1585ef5,Informal/Rural Worker,14959.07,0.5217,8,,,0.5165,15.82,1.74,0.6324,,,,,False,,17,3,0
7a8047b5-7cdb-4757-ad52-a64f2c786ba1,Gig Worker,31810.2,0.432,24,,,,,1.9,0.7119,,,18.04,0.0615,False,,17,3,0
cea40e73-fb7e-4035-9022-d1a072bd356f,Gig Worker,28126.06,0.5403,20,,,,,1.31,0.5934,,,14.86,-0.0301,False,,10,3,0
fc759df9-6758-4507-b5db-3ebee9a451cc,First-time Borrower,60178.8,0.2186,22,,,0.6461,2.24,,,6.3,0.2119,,,False,,22,3,0
795093cd-b3b7-49b3-a579-4cfa7c07304f,Small Merchant,164284.4,0.2978,23,334254.47,0.8905,0.7723,1.44,,,7.45,0.0819,23.52,0.1267,False,,24,5,0
c5948f61-0422-4def-b085-b011cad59cd3,Small Merchant,118432.1,0.3537,24,257199.77,0.8157,0.5644,8.37,,,5.27,0.1514,,,False,,17,4,0
88cc34bf-d049-4e96-ba2b-001f8f91759c,Gig Worker,34848.86,0.4599,25,,,,,2.51,0.7035,,,13.68,0.009,False,,18,3,0
c9c94770-73d9-4016-b90f-06bdd407facf,Gig Worker,43490.66,0.2672,27,,,,,2.94,0.6813,,,19.04,0.0308,False,,23,3,0
7d50f08e-6c1f-4429-9d3d-fd5d3c75698a,Gig Worker,38653.57,0.2887,24,,,0.7543,6.64,2.37,0.7713,,,19.75,0.053,False,,23,4,0
039eac83-2b1d-4097-a11a-c73eaf96d8cb,Gig Worker,24953.56,0.4534,24,,,,,2.26,0.6279,,,17.57,0.002,False,,15,3,1
66c0fa12-0ece-46fc-a3c4-986998cc3cd4,Gig Worker,41276.63,0.3189,29,,,0.8971,3.63,2.89,0.9034,,,25.25,0.2371,True,690.0,29,4,0
7cb4ed0e-bfc3-45ab-87c9-cafa3e2de4f5,First-time Borrower,53930.15,0.2012,19,,,0.6928,5.47,,,,,,,True,605.0,23,2,0
e7479872-da00-4f5f-9be1-e2e118883ea3,Gig Worker,49129.9,0.2952,26,,,,,2.66,0.7895,,,21.84,0.1941,False,,24,3,0
e55ca8f3-3f7f-4a3b-b0f0-097369491550,Informal/Rural Worker,21420.86,0.3677,15,,,0.7327,3.8,2.02,0.7267,,,,,False,,25,3,0
e2979c6b-eec7-41df-9f82-b7e43d1b6798,Small Merchant,155365.46,0.3466,24,279890.8,0.762,0.7923,8.49,,,7.11,0.161,,,False,,21,4,0
7ceae008-e1e6-4471-915e-b97cc838b6b6,Gig Worker,35074.03,0.3297,22,,,0.731,9.13,,,3.89,0.1432,20.16,-0.0325,False,,15,4,0
86edc344-a610-4194-8fc6-b4c0a7f1d291,First-time Borrower,54998.18,0.1602,19,,,0.7372,8.38,,,6.61,0.2054,,,False,,24,3,0
647633d6-5bcf-4840-8871-b89e2151a474,Small Merchant,54936.25,0.4337,21,131500.18,0.6034,0.5198,13.37,1.92,0.4246,2.4,0.1843,,,True,491.0,11,5,1
44da2c68-ea88-4a6c-887a-148e032f5a83,First-time Borrower,86262.3,0.1803,25,,,0.9168,4.12,,,8.03,0.0843,24.73,0.2616,True,801.0,27,4,0
2204fb92-b59f-4bf5-a528-98a2bae5fc8b,Gig Worker,33215.29,0.4344,23,,,0.8116,10.75,2.0,0.7124,,,19.99,-0.0347,False,,22,4,0
93d714ec-9f33-483c-938a-c63f164acd1d,Gig Worker,20625.54,0.5118,19,,,,,1.61,0.4042,,,14.68,-0.0634,False,,6,3,1
a6329a33-0833-4c13-879e-b2301b44dfa7,Informal/Rural Worker,18018.38,0.5589,14,,,0.5898,12.66,2.18,0.5919,,,,,False,,22,3,1
d9217fb2-1140-42a5-b4cb-a6e7850d87db,First-time Borrower,46222.98,0.2419,18,,,0.662,6.48,1.78,0.5686,3.41,0.1844,,,True,568.0,20,4,0
4678a853-0f7c-4530-814c-b16b9c036fed,First-time Borrower,37967.64,0.2606,14,,,0.4407,12.83,,,2.89,0.1969,,,False,,15,3,0
d722dbf7-63e4-4c34-9c1d-31259b35d3bc,Small Merchant,149687.17,0.2831,23,247527.38,0.7581,0.7435,10.14,,,4.25,0.188,,,False,,20,4,0
90812ae1-d856-40f3-92b7-93f5d07b6448,First-time Borrower,58846.87,0.1834,17,,,0.7439,8.61,,,,,,,True,625.0,16,2,0
4859accc-b415-49ac-80b1-1e56a6ed1604,Informal/Rural Worker,17836.31,0.5256,12,,,0.6451,11.33,1.97,0.6947,,,,,True,628.0,17,3,1
731751a7-aa80-495c-af7c-9a4af69b7202,Gig Worker,26443.77,0.4665,21,,,0.7048,8.09,2.01,0.6488,,,13.5,-0.0517,False,,11,4,0
da23ef1e-36fc-4b30-95ca-7c1bf3a72ef3,Small Merchant,76359.59,0.4353,23,146399.71,0.6679,0.5591,12.16,,,,,,,False,,13,3,0
c7556402-69af-4263-938f-75fa7f59171e,Small Merchant,139326.25,0.297,25,279182.24,0.7793,0.7721,11.61,,,4.29,0.1556,,,False,,15,4,0
cb61b3a7-5d07-4d40-8998-3c52b61fb571,Small Merchant,153223.74,0.2571,29,388675.9,0.9987,0.8162,5.0,,,7.37,0.0462,,,False,,32,4,0
b47e3e94-c19b-49c2-a0a1-7b9e86164305,First-time Borrower,55895.33,0.2533,21,,,0.519,7.49,,,,,,,True,607.0,17,2,0
ab6ed42e-a51d-45a0-a043-f3493815510f,Gig Worker,43236.19,0.3042,24,,,,,2.27,0.7842,,,17.18,0.1516,False,,17,3,0
17651a8c-4b62-4751-b6c5-fcd67e7abce3,Gig Worker,36839.37,0.2901,23,,,0.7852,4.34,2.14,0.7898,7.84,0.1763,,,False,,26,4,0
06b92c21-a595-44c6-b2e4-bbdb1bccfca3,Small Merchant,95919.35,0.4165,28,242615.16,0.6555,0.6855,4.8,,,4.62,0.1578,,,False,,20,4,0
7c83e69b-8c7c-4676-9550-5a7dfd0e3614,Small Merchant,115357.45,0.475,23,236351.05,0.6999,0.7495,8.72,1.92,0.5911,6.88,0.1573,,,False,,15,5,0
2e47d924-ce33-4daf-897f-c68ca2918a2c,First-time Borrower,54050.06,0.2234,20,,,0.7506,9.55,,,,,,,False,,22,2,0
de99875a-a017-42a5-b426-6030ebeef235,Informal/Rural Worker,12233.31,0.5159,12,,,0.5959,11.95,1.86,0.4851,,,,,False,,17,3,0
95f045e1-c690-4275-9816-e8754d25c912,Gig Worker,28338.88,0.4235,21,,,,,1.64,0.5431,,,16.86,0.0363,False,,17,3,0
2ee46a14-839f-43a6-99f6-584dd6a29747,First-time Borrower,46403.14,0.2396,17,,,0.5247,14.65,1.44,0.6154,5.92,0.1975,,,False,,13,4,0
941a772e-2255-42c0-845f-72f0a704b342,Informal/Rural Worker,25488.53,0.4862,18,,,0.7568,8.29,2.93,0.7143,,,,,False,,17,3,0
314f393e-f631-49c7-b136-a38150ae4fcb,Small Merchant,161549.47,0.211,26,342036.24,0.8078,0.8123,8.27,,,5.74,0.0999,22.4,0.126,False,,24,5,0
dd8fdabe-7052-49cb-b52b-94286ea2ff88,First-time Borrower,73804.02,0.1959,22,,,0.8419,6.77,,,6.42,0.1208,,,True,669.0,20,3,0
e32fff6f-1cc3-49dd-b373-3da7bee5b9be,Small Merchant,105090.51,0.4237,25,262079.72,0.8138,0.7468,8.52,1.53,0.661,6.35,0.1707,,,False,,12,5,0
22b8c7e1-a57c-46b0-b44e-73a755baa187,First-time Borrower,72214.22,0.1098,21,,,0.8224,5.63,,,,,,,True,781.0,24,2,0
04608014-2a68-46b8-9fda-5152d06b901f,Small Merchant,91926.92,0.3463,24,,,0.6619,13.76,,,6.68,0.2227,,,False,,14,3,1
5ab1d659-e2ee-4558-86e3-656353abb347,Informal/Rural Worker,18124.77,0.5144,14,,,0.6601,13.11,2.51,0.6305,,,,,False,,16,3,0
9fe90df1-b371-42e2-99da-230940e6267f,Small Merchant,182277.34,0.2078,28,356889.06,0.9474,0.8576,2.65,3.72,0.8373,7.33,0.0858,,,False,,28,5,0
ff3f5b4d-a62e-4fd9-9c97-117e03ed5da2,Gig Worker,37109.97,0.3428,20,,,,,1.84,0.6682,,,21.95,0.1362,False,,19,3,0
c20c1e16-d724-41b6-8f24-c97b5aa90de0,Informal/Rural Worker,27154.47,0.4485,15,,,0.701,8.92,2.4,0.7189,,,,,False,,21,3,0
fbcc6c1b-9fa8-4e4d-ade5-78d6efaaec3b,Gig Worker,30787.79,0.4882,20,,,,,1.62,0.4975,4.39,0.1948,19.04,0.114,False,,14,4,1
2e402445-4526-4e4d-940f-e48575dafa0d,Small Merchant,128068.69,0.466,23,180471.77,0.5872,0.6644,7.23,,,5.52,0.2278,,,False,,17,4,0
33144a9e-706f-4acf-b608-444e8602db2b,Small Merchant,80426.99,0.3419,22,176666.87,0.7037,0.5909,11.08,,,4.55,0.1898,,,True,600.0,10,4,0
9ac2ef59-e5a7-4ba5-9b2e-b18273838c9a,Informal/Rural Worker,16651.3,0.5749,9,,,,,2.02,0.6088,,,,,False,,18,2,1
eaf730ce-cb69-45f2-a69d-e37399beb3c2,First-time Borrower,34655.49,0.2379,16,,,0.5944,14.66,,,3.83,0.1915,17.49,-0.0988,True,572.0,14,4,0
f45aab7d-7998-4323-bf9a-8a984d31f7f3,Gig Worker,23037.87,0.5703,21,,,,,1.89,0.618,4.28,0.16,14.98,-0.0849,False,,13,4,0
2ba8da6c-1328-4e8a-aa45-e0b9fc5a72d4,Informal/Rural Worker,22496.31,0.5024,13,,,0.6802,9.89,2.61,0.683,,,,,False,,21,3,0
fc9f4101-0563-480e-ab2e-a77be766a41c,Small Merchant,126777.83,0.3843,23,252438.56,0.7326,0.7193,10.03,,,6.34,0.2193,18.36,0.0614,False,,21,5,0
d3c94aec-13d1-4fb4-8dde-ab9de4db7195,Small Merchant,98442.02,0.2773,26,279567.35,0.8081,0.7148,6.24,,,5.9,0.1824,,,False,,15,4,0
8ab1847c-770c-4b0c-ac6b-a3c507cc6a7a,Small Merchant,188117.84,0.1866,26,346909.6,0.8865,0.9145,3.41,,,7.46,0.1203,,,True,753.0,33,4,0
58b29b64-1edb-466f-9a68-9d77883d0df1,Small Merchant,104612.45,0.2527,23,289606.08,0.7252,0.6943,10.76,,,3.86,0.1252,21.72,-0.0084,True,630.0,16,5,0
ccfcf531-8597-442d-9ed7-cb1fa2abec9e,Small Merchant,99266.27,0.3582,23,218010.52,0.7441,0.6538,11.85,,,5.09,0.205,,,False,,15,4,0
41a88806-378b-49ca-a22a-44bb5c9c7eb5,First-time Borrower,36396.04,0.2829,12,,,0.6065,14.33,1.23,0.5384,,,,,True,561.0,13,3,0
ac4edb77-3484-4c69-9e74-79f04a0ba3d4,Informal/Rural Worker,31626.29,0.3599,18,,,1.0,4.72,3.12,0.8104,,,,,False,,33,3,0
0ed1432d-0b98-4c42-b3b2-753e316f0d79,Informal/Rural Worker,32402.14,0.3237,17,,,0.6751,1.43,3.22,0.8242,,,,,False,,25,3,0
2b8b83a3-0fa7-4938-aa1d-fa0dbebb9a62,Informal/Rural Worker,21475.02,0.5437,15,,,0.6166,7.43,,,,,,,False,,13,2,0
e6b0df80-a4d2-4eac-8f09-a31fd21474b0,First-time Borrower,60130.77,0.2027,18,,,0.7484,7.15,,,,,,,True,650.0,21,2,0
f3575129-fa63-424b-b0fa-18838cb8e61a,Gig Worker,34388.96,0.3877,19,,,,,2.85,0.7695,,,20.68,0.0931,False,,24,3,0
e39fae91-536a-4209-b7e8-47367f28db90,Informal/Rural Worker,15267.9,0.6033,11,,,0.5446,16.18,1.09,0.6028,,,,,False,,11,3,1
d8e46f45-4fcb-4f6e-9d46-bb48f7451680,First-time Borrower,74169.01,0.2137,24,,,0.8571,3.65,,,9.25,0.0991,,,False,,20,3,0
1da64d24-78f3-4527-957b-39f703cc0355,Informal/Rural Worker,16055.76,0.5886,12,,,0.529,8.68,2.0,0.5405,,,,,False,,16,3,1
c10334b1-1435-4d02-9921-601c096da1c9,Gig Worker,29617.06,0.4027,20,,,0.7108,8.7,1.83,0.8277,,,,,False,,23,3,1
84d96e5b-8f04-4a4c-a2b2-2f2cb5123444,Small Merchant,120861.24,0.362,22,206127.21,0.7415,0.6913,8.44,,,,,,,False,,20,3,0
c9ba003c-17fa-4fcc-939d-81f0439bf008,Small Merchant,106074.1,0.2269,23,167988.25,0.5317,0.5749,14.11,,,5.0,0.1994,,,True,562.0,8,4,1
d63d0223-0899-4aa0-ad57-3be182961c51,Small Merchant,160066.11,0.2406,25,350704.39,0.7582,0.7859,5.78,3.16,0.8195,7.86,0.0885,,,False,,27,5,0
378082d7-054a-4901-a50a-61be4b1471f1,Informal/Rural Worker,27755.64,0.4037,17,,,0.7678,0.62,,,,,,,False,,22,2,0
af2c297f-f6d4-4395-b361-244205c203c9,First-time Borrower,33802.42,0.3029,12,,,0.5309,15.58,1.31,0.4369,4.56,0.1707,11.18,-0.1182,False,,10,5,1
b218bbd4-ca9b-4bd5-9bef-85d5b58ec913,Gig Worker,29984.47,0.4239,23,,,0.6685,15.5,1.35,0.6124,,,12.86,-0.1146,False,,17,4,0
ec1b7b86-d96b-4e82-9164-300c179214cd,Small Merchant,149285.87,0.2993,26,295690.18,0.8202,,,,,7.4,0.0984,21.92,0.0951,False,,21,4,0
67e76531-8f47-456c-907c-5b0e64680bca,Small Merchant,161701.21,0.3397,28,343852.8,0.7792,0.9014,7.61,,,6.9,0.095,23.81,0.1674,False,,26,5,0
45dd092e-d70d-4b84-a5e5-278268a18918,Small Merchant,83602.46,0.3495,23,265002.35,0.8101,0.7409,8.23,,,5.62,0.1882,,,False,,13,4,0
931cabda-5be3-4c01-b087-3aa7f112102c,Informal/Rural Worker,16151.13,0.5119,12,,,,,1.79,0.6076,,,,,False,,15,2,0
eac6d499-da8f-4d39-a2e2-79bf6b546090,Gig Worker,47292.13,0.3832,28,,,,,3.25,0.8177,,,20.28,0.1951,False,,26,3,0
073dd1a3-ab43-43fc-be72-8471ed3e48c2,Gig Worker,49079.86,0.3655,22,,,,,3.17,0.8516,,,27.0,0.1174,False,,21,3,0
a3a8bbd0-977c-4553-9c3f-684f0684b9b4,Small Merchant,97578.25,0.3765,22,173766.75,0.698,0.6662,14.79,,,5.21,0.1735,,,False,,15,4,0
45f098ed-327e-4603-80aa-be1de18e3d2b,Informal/Rural Worker,10467.32,0.5499,8,,,0.4599,14.24,1.36,0.5565,,,,,False,,9,3,1
4dfd3ea3-78f2-4a6b-b7d6-218077b92a51,Small Merchant,95100.1,0.3393,26,203611.95,0.6773,0.5564,11.18,,,3.61,0.1983,,,False,,14,4,1
47b7fe6c-20bf-40c6-85e4-016e684b9164,Informal/Rural Worker,23880.99,0.3379,17,,,0.5949,9.68,2.53,0.7303,,,,,False,,18,3,0
bf1cce0a-236a-4860-ae35-63c0dae71c23,First-time Borrower,31630.86,0.3637,13,,,0.5066,10.84,,,2.35,0.2381,,,False,,7,3,1
126b335a-583e-4549-9dd7-047ae62846d2,Small Merchant,125786.67,0.3579,24,274456.18,0.7755,0.8369,6.02,2.75,0.8047,7.43,0.156,22.33,0.0605,False,,28,6,0
13edfbd8-15ed-4d62-ba61-bd9373ae4fd1,Small Merchant,133694.77,0.3271,23,248377.92,0.7318,0.7143,9.46,,,6.92,0.1465,,,False,,17,4,0
aabff7d9-6aaf-4f9a-9ca2-1723de037360,Small Merchant,57010.49,0.3975,21,155043.53,0.5662,0.5998,16.49,,,2.15,0.228,,,True,513.0,15,4,0
e7312548-0781-45ae-99c7-593a2d68cb08,Informal/Rural Worker,23594.01,0.5085,12,,,0.7185,8.8,2.49,0.7117,,,,,False,,14,3,0
adcde6e2-f5c7-491c-a121-14c8288676f4,First-time Borrower,38001.29,0.2425,13,,,0.488,15.13,,,1.22,0.224,,,True,416.0,11,3,1
3da287d5-2df5-4c7d-ac3e-95916ccdc8b7,Small Merchant,163303.27,0.2388,21,310041.97,0.8098,0.7209,2.39,,,5.43,0.0708,,,False,,25,4,0
2c008338-5517-486c-a8f7-82609b31e845,First-time Borrower,70456.37,0.2443,22,,,0.7876,7.68,3.08,0.8342,7.47,0.0904,,,False,,25,4,0
9d84e08c-cd81-406b-b0c7-db04072f4e17,Informal/Rural Worker,23132.44,0.4884,15,,,0.624,6.49,,,,,,,False,,20,2,0
7d98bfa3-8979-448d-b3ba-d8dae12ccb12,First-time Borrower,63860.93,0.1609,21,,,0.674,5.64,,,,,,,True,667.0,24,2,0
31d65c53-ac44-4163-bbaf-06ae17fbcd6f,Informal/Rural Worker,15462.59,0.5048,13,,,0.5034,11.07,,,,,,,False,,18,2,0
bfcdca7b-0e1f-44eb-bdab-0401dc28a6e4,Small Merchant,115199.59,0.3426,25,263388.67,0.8315,,,,,6.69,0.0797,,,True,605.0,18,3,0
5cb6b348-2cd2-440a-bfd9-2187dd0e4836,Informal/Rural Worker,19445.98,0.498,11,,,0.7165,10.2,,,,,,,False,,21,2,1
1f9a93b9-4195-49c2-9aaf-eb66e21cd0c7,Informal/Rural Worker,21503.2,0.5405,13,,,0.7387,8.46,2.4,0.7687,,,,,False,,21,3,0
3ac7ad2f-f19b-4856-9af4-a00f901348a4,Informal/Rural Worker,11902.51,0.493,18,,,0.5924,11.93,1.63,0.498,,,,,True,567.0,15,3,0
bc0ff6b6-a94c-42c3-aa59-735de35d80d6,Informal/Rural Worker,27447.76,0.5,18,,,0.7943,7.7,2.94,0.7517,,,,,False,,28,3,1
009fa8a5-7c5d-4793-beba-c438595579d7,Gig Worker,38159.44,0.5708,24,,,0.7209,8.99,,,,,16.84,0.0175,False,,22,3,0
441233c1-949c-4ce0-96b1-2958a8f3288d,Gig Worker,34660.34,0.4034,24,,,,,2.2,0.8804,,,22.01,0.1146,True,678.0,24,3,0
a808680d-099d-4199-a2a9-9e82cf4ba0d1,Gig Worker,42192.8,0.3523,27,,,,,2.98,0.6243,,,19.15,0.1331,False,,27,3,0
641640bb-368b-4efd-bc22-b8ee5d64f72a,Gig Worker,44678.65,0.3271,28,,,,,3.11,0.9398,6.94,0.0922,25.87,0.1898,False,,24,4,0
b2228af8-4f8b-4307-96ea-d7746f1dc7ee,First-time Borrower,67971.82,0.1973,19,,,0.6494,6.98,2.08,0.6185,6.29,0.2001,21.09,-0.009,True,599.0,23,5,0
79bba39c-974b-4efd-9b07-a68ed7ed7aae,Small Merchant,112316.96,0.3564,24,217063.93,0.6347,0.6397,9.59,,,2.85,0.2386,,,False,,17,4,0
772e9688-21c4-48ed-b96f-521d3876af63,Informal/Rural Worker,21730.73,0.4042,16,,,0.7897,9.06,,,,,,,False,,19,2,0
c5cfbdab-1d80-417e-b4f3-1bf7bae00e95,Gig Worker,33790.84,0.4051,24,,,0.6175,8.77,2.12,0.6405,6.49,0.1442,17.32,0.0638,False,,20,5,1
73277620-565b-4c9d-b0b2-d54f57214778,Gig Worker,51020.74,0.2848,27,,,,,,,8.08,0.1003,22.45,-0.0108,False,,32,3,0
138bb913-b74c-45de-abc7-1c67ade464ce,Informal/Rural Worker,11229.2,0.4671,13,,,0.6083,15.05,2.03,0.4917,,,,,False,,11,3,1
21dd4e7b-3f89-4cf2-9812-a75b56b93d1b,Small Merchant,134412.85,0.3939,24,340830.44,0.8839,0.8695,5.88,,,7.2,0.0855,,,False,,22,4,1
9349017a-efe3-4508-903c-8fcd4a923beb,First-time Borrower,55860.13,0.2062,19,,,0.6655,7.81,1.92,0.7318,6.45,0.212,,,False,,20,4,0
54b2c336-12ef-490d-9a6e-0ac28afc5db0,First-time Borrower,32573.8,0.3134,14,,,0.5003,14.03,1.63,0.4228,,,,,True,504.0,7,3,0
15ec14cb-1c59-4291-9024-c5944cea7745,First-time Borrower,53299.22,0.1838,19,,,0.7235,9.24,,,,,,,False,,19,2,0
ace3b850-0de1-45a1-bf84-beef97d3334f,First-time Borrower,68087.28,0.1726,20,,,0.7904,9.96,2.46,0.6561,,,,,True,628.0,16,3,0
90c8285d-da6e-4b96-80a2-c70c051928a7,Small Merchant,170704.5,0.1858,25,402273.41,0.9125,,,,,7.42,0.0697,,,False,,27,3,0
49a7d622-dc45-47ae-9b3e-3fe46d1c91ea,First-time Borrower,83841.96,0.2429,23,,,0.8034,3.61,2.6,0.7336,,,,,True,705.0,25,3,0
d1db6426-e64d-4698-a66c-88721e22827d,First-time Borrower,75312.14,0.0553,24,,,0.8607,8.42,,,,,,,True,787.0,28,2,0
570c25b1-3595-49fd-8d61-da921405ed8d,First-time Borrower,72586.03,0.1587,22,,,0.7641,6.19,,,8.89,0.1283,,,True,713.0,29,3,0
245e43a7-72b6-4081-b8ea-4b59cd4ec4d2,Gig Worker,24604.1,0.5198,18,,,,,1.73,0.5797,3.47,0.2449,13.27,0.0095,False,,13,4,0
bc4e88a9-e289-4890-a76e-53022e778046,Gig Worker,27100.62,0.4332,20,,,,,1.59,0.5424,,,15.77,-0.1206,False,,10,3,1
145e6443-eb63-4ea6-853d-a41f5abdc561,Gig Worker,24622.55,0.5136,20,,,,,1.34,0.4994,,,13.59,-0.0254,False,,16,3,0
4e1d8c74-3456-4bbd-99a9-5425bf73219b,First-time Borrower,58931.01,0.2066,22,,,0.7633,7.33,2.67,0.8113,,,,,True,621.0,24,3,0
b382208c-f8f7-48bd-ab10-402e7f8a8999,Small Merchant,165213.4,0.2977,24,,,0.7716,2.59,,,6.68,0.1174,,,False,,26,3,0
ee3f0d6a-d1b8-4d42-9f2e-00136a717961,Gig Worker,36129.26,0.4552,21,,,,,2.3,0.6533,5.3,0.1463,20.42,-0.1321,False,,14,4,0
098ca270-b044-490d-80fe-d7ce65fae7b0,Informal/Rural Worker,20437.11,0.5723,12,,,0.5887,7.52,1.81,0.7266,,,,,False,,14,3,0
df702051-7bdf-4a0c-b32c-d1b4a3472006,Informal/Rural Worker,20004.44,0.5408,17,,,0.6315,11.35,1.67,0.6947,,,,,False,,17,3,0
b36c0d6d-c466-4235-bd4e-f53becdf51c1,Small Merchant,59583.24,0.4045,20,164468.85,0.6416,0.5924,11.39,,,3.45,0.2122,,,False,,14,4,0
04c6b04d-7329-403e-afc4-754dc77e1c26,Small Merchant,168173.43,0.1634,28,424318.78,0.8968,0.9145,0.0,,,9.2,0.1365,,,False,,27,4,0
4b8b0cbe-2c55-457e-858a-7033905cdb4e,First-time Borrower,42539.82,0.2479,14,,,,,,,,,17.76,-0.0565,False,,19,2,0
283c4ffa-c2a3-4594-b6f7-feaf12d045db,First-time Borrower,69961.48,0.175,23,,,0.8192,4.64,2.97,0.7835,,,,,True,768.0,29,3,0
900eb266-416c-4459-9730-7dff017cfa90,Gig Worker,47729.77,0.2687,27,,,0.9414,0.75,2.87,0.8667,,,25.92,0.1099,False,,25,4,0
c1045737-1f1d-4cdb-bc26-4ec3f35d9366,Gig Worker,41416.68,0.2591,26,,,,,2.62,0.8816,,,25.07,0.243,False,,30,3,0
da1e5c45-021c-46a8-b50a-278b99e0953c,Small Merchant,103063.71,0.4103,20,194474.43,0.6503,0.6409,11.25,,,2.21,0.1766,,,False,,15,4,0
0e8fee0d-4a93-41d1-838b-b1d8e10e12e8,Small Merchant,111113.37,0.36,24,232426.82,0.77,0.6792,7.0,,,4.87,0.1449,17.05,-0.0069,True,613.0,20,5,1
8c21bc5d-8048-40b4-ade6-a09523d92a44,First-time Borrower,57904.09,0.1892,21,,,0.685,7.06,,,4.98,0.1615,20.11,0.032,True,563.0,17,4,0
237962ed-30d7-4556-983f-be07ea20682a,Small Merchant,181919.59,0.3293,29,360577.19,0.7338,0.8565,3.59,,,9.3,0.1257,,,False,,24,4,0
a1fdcff7-a0ff-4711-a027-7286b4133e7c,First-time Borrower,63200.85,0.186,21,,,0.6603,9.47,,,4.87,0.1691,,,True,656.0,19,3,0
e901dfc7-751a-44d2-b576-1979ee87b7a1,Small Merchant,102050.9,0.4566,24,234461.82,0.6346,0.5017,12.71,1.94,0.5317,4.84,0.1487,,,True,620.0,14,5,0
0555dfd0-a01f-42cf-a64d-6ce186100db5,Gig Worker,34825.83,0.3202,22,,,,,2.1,0.7496,,,17.83,-0.0336,False,,15,3,0
1364b561-28a3-4b8f-856d-feb887c3e24b,Gig Worker,20826.62,0.603,19,,,,,1.19,0.3686,,,10.01,-0.0394,False,,8,3,1
056ea5ff-507a-4c71-a961-d3c13a6e8a81,Gig Worker,41905.4,0.4092,22,,,,,2.58,0.7757,7.01,0.1345,18.78,0.0344,False,,20,4,0
8d13f6f4-1a65-42aa-a0f2-92bcab5f43c6,Informal/Rural Worker,24728.23,0.3536,22,,,0.7772,7.89,2.67,0.764,,,,,False,,22,3,0
67787354-c14a-4b59-9036-c0d3898e4d76,Gig Worker,31771.25,0.4168,22,,,,,1.98,0.7553,,,16.45,0.0767,False,,24,3,0
f04e95aa-6765-4b84-8824-7708e2ba9d78,First-time Borrower,73876.03,0.1568,24,,,0.7872,6.85,2.82,0.8123,,,,,True,708.0,24,3,0
38a3242c-efe8-4a16-b0c9-e242b0a4ee4a,Gig Worker,24929.85,0.3617,24,,,0.6015,9.51,2.08,0.7308,,,,,False,,12,3,0
9a325abe-a06a-4b40-8ee2-10ccd6fbcf35,First-time Borrower,77794.02,0.2095,23,,,0.7351,8.65,2.93,0.96,,,,,True,690.0,31,3,0
94c3aed3-52cd-4886-abfc-34113b29501c,Small Merchant,104781.87,0.3446,24,323932.61,0.6382,0.5418,3.63,,,7.04,0.2176,,,False,,19,4,0
3bdc7812-1cbc-4169-8b4f-a84c133fd80b,Small Merchant,122225.42,0.3153,21,231021.13,0.7409,0.5746,10.39,,,6.29,0.1751,,,True,545.0,12,4,0
a2f765ae-7f15-43da-a06e-99d70f269526,Small Merchant,113583.9,0.3298,23,150607.48,0.5888,0.6831,10.17,2.1,0.6442,4.7,0.1775,,,False,,17,5,1
5a678fde-7dea-446c-82b9-1f3518272722,First-time Borrower,64394.23,0.1644,23,,,0.8617,5.85,,,6.76,0.1016,,,True,689.0,24,3,0
ef5375c4-9214-4a41-b4d3-09a4dc3be38d,First-time Borrower,59352.3,0.1392,25,,,0.8124,6.84,,,5.85,0.0737,,,False,,18,3,0
b42d3eed-f57f-41b7-ab38-dac5c89f187e,Small Merchant,66477.79,0.3251,24,246580.91,0.6718,0.6648,5.22,2.25,0.699,5.24,0.0902,,,False,,22,5,0
77b95387-c8e0-4a26-a76b-7fc80bc887c0,Informal/Rural Worker,22139.41,0.4978,19,,,0.7501,7.22,2.95,0.6738,,,,,False,,20,3,0
7849eb4e-46e9-4523-bdd0-40c978d55fc5,Small Merchant,98191.01,0.3436,22,225791.23,0.7603,0.5524,9.26,,,6.01,0.2171,,,False,,15,4,0
3ba8fac7-dcb9-4b07-bff3-eeda998a205c,Informal/Rural Worker,16651.46,0.58,16,,,0.6631,7.85,2.53,0.6937,,,,,False,,21,3,0
f3aa0d3e-eded-4d86-b91e-58d94ea2a2d0,Small Merchant,183121.02,0.2886,28,346888.54,0.8894,0.8274,4.0,3.18,0.8902,9.24,0.1358,,,True,708.0,23,5,1
07e0462b-01be-46f9-b636-9bc5d1efd8ee,Gig Worker,38535.55,0.5574,22,,,,,1.38,0.5418,,,15.99,0.0061,False,,8,3,0
93120fee-2bed-4286-b310-2a0935a18612,Small Merchant,86051.54,0.4136,22,169219.32,0.5903,0.5838,14.04,1.42,0.6313,3.66,0.1736,,,True,530.0,9,5,1
665d42a0-e085-4d17-8d00-dba856d2711a,First-time Borrower,80466.87,0.1592,27,,,0.9269,3.6,,,,,,,True,793.0,25,2,0
8c34add0-8979-4744-a0a2-521a4d2a1557,Informal/Rural Worker,21745.41,0.455,15,,,0.8084,5.83,2.89,0.7975,,,,,False,,26,3,0
f272d0e8-161d-4b8d-aad5-68fe45572242,First-time Borrower,52648.99,0.2134,20,,,0.6769,7.94,,,5.67,0.2203,20.3,-0.0584,True,566.0,15,4,0
56170fac-2943-4e2f-8616-106ec4ff6960,Small Merchant,76696.06,0.3794,24,180525.81,0.6342,0.5732,10.68,,,3.28,0.2181,,,False,,17,4,1
6e5e90a2-47e8-4cac-9438-010e77cb06b2,Gig Worker,32109.86,0.4439,19,,,,,1.64,0.5435,4.32,0.173,17.87,-0.0452,True,645.0,10,4,0
dcd8c6c0-93d2-4661-9b54-e911a544216c,First-time Borrower,67718.98,0.1667,19,,,0.8561,2.48,,,,,28.38,0.0746,True,706.0,24,3,0
dc529552-ef36-4dca-bba2-af232280004c,Small Merchant,105923.5,0.3874,23,216467.61,0.6217,0.6997,12.69,,,3.98,0.2107,,,True,661.0,18,4,0
f4d6ddb9-efd6-44f0-9073-2c98df5d9500,Informal/Rural Worker,16919.89,0.3996,10,,,,,2.02,0.5103,,,,,False,,10,2,1
5c05ffb2-c6ce-4208-ac67-87108a92efaa,Gig Worker,43961.36,0.2206,25,,,,,3.02,0.8193,,,23.9,0.0598,False,,31,3,0
1ef3d25e-9d7a-4006-b9bc-fa67db741e61,First-time Borrower,40061.53,0.3209,16,,,0.5221,10.5,,,2.56,0.2406,,,True,528.0,14,3,1
43ca369a-ce00-49f1-8458-321ab10170aa,Informal/Rural Worker,21078.03,0.4923,14,,,0.7341,13.31,2.26,0.63,,,,,False,,20,3,0
9a52b1a5-9179-44fa-bcf7-0a65cc4a6d29,Small Merchant,171933.85,0.2346,26,314915.53,0.9315,0.9137,3.43,,,7.48,0.175,,,True,745.0,22,4,0
e85eeae7-3909-460c-99b1-2673fd6c4fa7,First-time Borrower,63891.09,0.197,23,,,0.7012,7.32,,,6.78,0.1553,,,True,635.0,24,3,1
d65c211a-2e1a-494b-8b8e-781a659277d8,First-time Borrower,87280.86,0.118,26,,,0.7564,3.42,,,8.61,0.0501,27.66,0.2373,True,804.0,30,4,0
c1831941-8067-469a-814b-643d13649fb1,Small Merchant,124420.63,0.3163,24,246555.17,0.7118,0.7713,12.69,,,5.52,0.1816,,,False,,18,4,0
86a0f3cb-7ee7-4b0a-bc74-eeb854802da9,Gig Worker,37030.81,0.3971,23,,,0.6448,9.46,1.97,0.7574,,,16.63,-0.0539,False,,20,4,0
c7d2a013-fa89-4d43-b794-f7d9a5a08571,Informal/Rural Worker,19919.33,0.5881,11,,,0.5556,8.23,1.8,0.6767,,,,,False,,20,3,0
86fa9b18-7997-43a4-85e7-1ec9b18fe76e,Small Merchant,149336.73,0.2841,24,318842.21,0.7071,0.7072,5.74,,,5.25,0.1601,,,True,694.0,19,4,1
21f0921c-7c1f-4221-bb05-5960d622f87b,Informal/Rural Worker,19563.42,0.4452,16,,,0.6457,5.25,2.2,0.7233,,,,,False,,22,3,0
40fd3cc0-d28f-48ae-8639-ee407e7899b0,Informal/Rural Worker,22009.51,0.3198,16,,,,,2.73,0.6499,,,,,False,,21,2,0
e830031d-5a22-482f-85a1-85c97c18a4e6,Small Merchant,82964.32,0.3197,23,239044.2,0.6766,0.5567,7.42,2.06,0.6923,5.48,0.2021,,,False,,14,5,0
6ac6e3b0-b309-4274-9f22-2ae4fcaa7a5a,Small Merchant,147031.16,0.2898,26,281557.13,0.7722,0.7559,6.26,2.78,0.7175,6.56,0.1242,,,True,712.0,22,5,0
5cc93ca4-d2e7-42af-b36f-ee12de7c83f5,Gig Worker,43006.92,0.2822,23,,,,,2.66,0.7593,7.35,0.1077,26.35,0.1437,False,,23,4,0
c08f7da3-5ed5-403d-8ed2-8fd2baca8d61,Gig Worker,36214.74,0.3075,25,,,,,2.29,0.7415,5.25,0.0958,20.83,0.0236,False,,17,4,1
06f56b15-2628-49ac-98cb-bc2286bed198,First-time Borrower,43807.91,0.1976,15,,,0.7241,16.3,,,2.57,0.273,,,True,659.0,15,3,1
390c75ad-1d2a-4f28-9aa2-94cad0440875,Small Merchant,189937.7,0.2364,28,395765.19,0.9558,0.8721,3.25,2.84,0.8373,8.89,0.1026,,,False,,24,5,0
f01b685a-a177-4c1a-b31a-3abc0345122a,Small Merchant,164071.85,0.2776,27,354413.43,0.743,,,2.89,0.8499,8.88,0.17,,,False,,32,4,0
fda4d82a-9deb-4c43-8f55-aa71c6930be1,Small Merchant,194262.41,0.2294,24,322518.52,0.7034,0.7907,5.64,,,5.89,0.2036,,,False,,20,4,0
583a7bbf-9cb3-40bc-aec1-f0327854e9a5,First-time Borrower,35231.0,0.2312,17,,,0.5528,14.6,,,5.37,0.1447,15.84,-0.0684,False,,16,4,0
59455159-2bfd-4279-9775-0aa102c5a92a,Small Merchant,123254.38,0.4369,22,273113.57,0.7644,0.6791,10.33,2.34,0.6761,7.15,0.1088,21.88,0.0552,False,,15,6,0
58249358-1e73-4265-a2d6-c8df4ccc95f7,First-time Borrower,54121.93,0.2169,20,,,0.7096,7.79,2.68,0.6967,,,,,True,674.0,23,3,0
af00ecf4-2150-4487-9e15-6da4de2e5ab7,First-time Borrower,51758.8,0.2538,20,,,0.685,8.86,2.09,0.7532,,,,,False,,14,3,0
cf614bc8-59e4-4bad-be42-1de826f80e62,Informal/Rural Worker,17655.43,0.4405,13,,,0.6619,13.0,2.05,0.6641,,,,,False,,11,3,0
b50dadb3-e1f1-479c-bdea-f7c58eecf4ed,Gig Worker,41318.11,0.3444,23,,,0.7028,5.43,2.91,0.7442,,,,,False,,29,3,0
dd3e8914-c3fd-4cda-801c-e2d2065fbfde,First-time Borrower,66519.02,0.2213,19,,,0.7797,4.35,,,,,,,False,,21,2,0
c1dd4946-b6ec-4894-8b3e-201201f9950f,Informal/Rural Worker,17154.01,0.4405,10,,,0.7327,10.07,2.31,0.5865,,,,,False,,20,3,1
0c9be796-fd07-4df8-b9b5-0e3a134d4fca,Gig Worker,36360.2,0.4166,21,,,,,2.24,0.7237,,,19.73,-0.0141,False,,22,3,0
07d87014-ecfc-4a10-9e37-0c9ca57a6747,Informal/Rural Worker,12472.75,0.6121,9,,,0.5968,13.0,1.33,0.4528,,,,,False,,13,3,1
a5b93a19-734a-48ea-a757-21e35b79af03,Informal/Rural Worker,21417.49,0.4262,15,,,,,3.1,0.6726,,,,,False,,21,2,0
d03d22f8-d513-4104-ad2c-fabcdd22aec8,Small Merchant,165333.85,0.1849,27,407812.04,0.9426,0.8915,2.69,,,7.13,0.0864,,,True,773.0,31,4,0
574ca449-e858-4b22-80b0-029086bacae2,Gig Worker,33663.69,0.45,25,,,,,2.56,0.655,8.04,0.1428,20.77,0.1038,False,,24,4,0
73e40808-a0e3-42d9-aa09-149f73069cfc,Informal/Rural Worker,18387.18,0.3975,18,,,0.7744,5.05,2.62,0.7822,,,,,False,,18,3,0
74118b43-1aab-4aa5-a978-7c74046874a2,Gig Worker,43207.39,0.3212,27,,,0.7524,5.26,1.79,0.759,,,19.02,0.1136,True,604.0,17,4,0
3c4cca2d-cf10-417f-a1a6-8efc4e9c13d8,Small Merchant,104724.47,0.378,22,214675.81,0.6804,0.5728,10.34,1.86,0.6499,5.78,0.1843,,,False,,18,5,1
a0c61935-9aca-450f-9f42-bc6a537f913a,Informal/Rural Worker,20997.87,0.5699,13,,,,,1.99,0.6715,,,,,False,,19,2,0
70832d41-55ba-412e-8d7c-a58af8b5f717,Gig Worker,34042.32,0.3854,24,,,0.6829,12.04,2.18,0.5492,,,18.31,0.0241,False,,19,4,0
1881c4e7-a6ac-4b07-8dd3-d3297fcdda8f,Small Merchant,155861.13,0.3088,27,285177.93,0.8137,0.8418,3.81,3.09,0.7579,7.29,0.1461,,,False,,29,5,0
1e500c24-6a5f-4481-8dee-f51246acb6de,Small Merchant,94597.42,0.3518,21,196317.94,0.6088,0.5711,13.46,1.63,0.6189,,,,,False,,15,4,0
2ebadf96-f175-494d-8ab7-219a2e99738a,Gig Worker,45324.89,0.4081,25,,,,,2.71,0.7794,7.84,0.1076,22.45,0.1042,False,,27,4,0
c3a346d2-27ee-4ab9-918f-01d67b401cdd,Gig Worker,31953.66,0.5386,18,,,,,1.98,0.6136,3.82,0.1475,17.04,0.0026,False,,19,4,0
8ae6181a-927c-49c4-ba30-18e93b37ca32,Small Merchant,160085.35,0.3501,24,318535.59,0.7171,0.7143,4.39,,,5.92,0.1221,19.53,0.086,False,,31,5,0
867352d4-025b-499c-b2fb-b1a504be91b6,First-time Borrower,28563.5,0.2143,14,,,0.5438,13.03,1.61,0.4682,,,,,True,543.0,14,3,1
6eeed858-8c1e-4fe5-aab9-debe2ef04670,Informal/Rural Worker,21671.05,0.4548,13,,,0.8296,2.64,2.6,0.8038,,,,,False,,20,3,0
0c79e49e-440c-4af4-8140-615a0f34abe4,First-time Borrower,51787.9,0.2522,19,,,0.6906,9.4,,,,,16.86,-0.0758,True,670.0,15,3,0
fdb96403-733d-40cb-8685-ab97d9d9c5b5,First-time Borrower,38340.42,0.3297,13,,,0.6024,14.15,,,,,,,True,492.0,16,2,1
1aea9493-5975-4d7a-9a6c-9227f3be2d3e,Small Merchant,105681.86,0.4158,23,206464.97,0.6203,0.588,14.02,,,5.46,0.1944,,,False,,13,4,1
b1fd04e8-a9fb-4a68-a856-c628b55ef620,First-time Borrower,57125.16,0.1919,21,,,0.9087,9.18,2.87,0.7579,5.29,0.1482,,,True,702.0,25,4,0
18227f49-1fb3-41bb-859b-3a5f69d5296e,First-time Borrower,63846.76,0.0696,19,,,0.829,8.7,2.4,0.8006,,,,,True,668.0,19,3,0
51d6d6ae-cdb2-469a-865e-e61454be2e64,Informal/Rural Worker,14971.36,0.5979,6,,,0.4575,14.89,1.41,0.4585,,,,,False,,9,3,1
a6cfceb3-300f-45b5-ba36-1b6aa4d7e736,Gig Worker,41479.9,0.3841,22,,,,,2.7,0.8431,,,23.24,0.0922,False,,24,3,0
d790d52e-3b08-4b17-b54e-b11cf7be4ff8,Gig Worker,38567.17,0.4726,21,,,,,2.07,0.6724,,,19.43,0.076,False,,14,3,0
2dda8e69-44a6-4252-99ed-2b72a6bd7684,Small Merchant,115690.95,0.4153,24,218267.98,0.6906,0.636,9.87,,,4.78,0.1931,,,True,558.0,9,4,1
7b312623-5905-40e7-9fe1-827b1a43fc8f,First-time Borrower,38999.92,0.2834,20,,,0.6685,12.07,,,,,,,True,539.0,14,2,1
f8d09f80-926c-41f0-9a81-23fb5bad3420,Gig Worker,46268.71,0.3666,23,,,,,2.3,0.7459,5.89,0.105,20.6,0.0956,False,,20,4,0
5e1c9bb6-086c-4729-8181-1d03bed4548d,Gig Worker,37268.48,0.3099,25,,,0.6589,10.23,2.62,0.6671,6.4,0.1879,18.73,0.0592,False,,14,5,1
ca08147a-a08b-4d7d-85e9-86056f25c5a4,Informal/Rural Worker,19841.82,0.5548,11,,,0.5653,9.36,2.04,0.565,,,,,False,,14,3,0
7ddade82-b4a9-420e-8a0b-8356f1969022,Small Merchant,106434.38,0.375,24,273798.84,0.79,0.6322,12.15,,,4.2,0.1819,14.58,0.155,False,,21,5,0
86384ce7-1c37-42be-8630-487eb72d4a16,Gig Worker,23892.08,0.3856,23,,,,,2.23,0.5735,,,14.89,0.0083,False,,15,3,0
625393d9-6f8b-495a-88a9-789550a658b8,Small Merchant,117401.93,0.3613,23,181531.9,0.6718,0.6898,9.52,,,3.91,0.2195,,,False,,16,4,0
5be38165-b063-42f8-b213-ce3af8ade657,First-time Borrower,34043.14,0.294,14,,,0.547,13.8,,,,,,,True,500.0,19,2,0
2962e32e-8528-4d57-9562-67cb4515b478,Gig Worker,13509.49,0.4896,16,,,,,1.22,0.4744,,,16.45,-0.0738,False,,15,3,1
31680be2-8171-44e3-b83d-f75203a18dcb,Informal/Rural Worker,18566.66,0.359,12,,,0.5712,8.52,1.67,0.6198,,,,,False,,12,3,1
27ed9e7e-13b6-496c-9ab4-9949f0d00811,Informal/Rural Worker,25670.08,0.2315,13,,,0.7298,4.86,2.23,0.7142,,,,,False,,22,3,0
832c8e74-6386-42ab-93fc-96de38237569,Informal/Rural Worker,23559.08,0.431,14,,,0.7472,6.1,2.43,0.6319,,,,,False,,20,3,0
e94c5223-e480-4178-88d4-9e4a01ea40eb,First-time Borrower,56760.3,0.1656,18,,,0.701,5.25,2.25,0.7365,,,22.16,0.0584,True,709.0,23,4,0
5051fdb1-188c-44e7-902b-854ff1790472,Informal/Rural Worker,20463.6,0.466,15,,,0.6858,11.2,1.86,0.5649,,,,,False,,15,3,0
a2a6c614-b993-4422-8606-d95fd2e39e65,Informal/Rural Worker,23655.78,0.3466,15,,,0.6499,7.88,2.27,0.7271,,,,,False,,17,3,0
b00628ad-a66d-4237-95bf-e7fbbb2ec7c7,First-time Borrower,46341.38,0.2336,17,,,0.5269,14.06,1.99,0.6525,4.28,0.183,,,True,611.0,13,4,0
ba7b63e4-4279-404e-9039-d78fb73a8384,Informal/Rural Worker,18243.32,0.5456,14,,,0.5985,8.91,2.31,0.752,,,,,False,,14,3,0
e24dffc6-1b48-48d9-967e-469217ba78f9,First-time Borrower,52230.63,0.1293,18,,,0.7196,11.1,,,,,19.82,0.001,True,596.0,26,3,0
170a707e-e985-4f46-8c94-ae2b7fa29660,Informal/Rural Worker,21794.77,0.4666,17,,,,,3.52,0.9225,,,,,False,,31,2,0
1a9fcb4a-8233-4433-b546-bd731e0eef42,Informal/Rural Worker,17297.09,0.5155,6,,,0.6328,11.16,1.47,0.5504,,,,,False,,14,3,0
428550fc-6df2-424e-9dbe-ca9b5ca495c0,Small Merchant,110356.5,0.4607,23,217684.15,0.6386,0.6209,12.63,,,4.97,0.209,,,False,,14,4,1
9092e3f1-e9fd-49af-830b-3942374e588e,First-time Borrower,50039.34,0.2164,17,,,0.6812,11.26,,,5.98,0.2027,,,True,722.0,18,3,1
ae19a811-aca7-4745-bdc9-76faf2494401,Small Merchant,174202.4,0.358,28,400026.32,0.9785,0.7811,2.48,,,7.83,0.0954,,,False,,25,4,0
e6416254-9178-4f0d-a3d2-0989d9a84bc0,Small Merchant,104881.4,0.337,23,248373.66,0.7711,0.6202,7.52,,,5.86,0.1953,,,False,,20,4,1
8c6c3612-6bcd-4720-859e-42dcf3066c47,Gig Worker,27288.59,0.409,23,,,,,2.23,0.5516,,,18.73,0.1093,False,,16,3,0
01922c00-a17e-4a19-bd65-f0e7b20b62ec,Informal/Rural Worker,17578.24,0.6623,12,,,,,2.67,0.6449,,,,,False,,19,2,0
b4be552a-170d-4f47-b66e-f82e35f8e77d,Gig Worker,23042.55,0.4938,19,,,0.3814,15.91,1.12,0.4265,2.69,0.2407,10.34,-0.1291,False,,7,5,1
c59767d3-4fcc-4fc2-bbff-df62dca802b2,Small Merchant,178771.81,0.3607,25,345900.04,0.7882,0.7072,7.62,,,7.23,0.1841,21.28,0.1122,False,,24,5,0
5b628a41-599b-4ce8-975c-b09826afcbea,Informal/Rural Worker,17667.89,0.547,8,,,0.5254,15.65,1.76,0.5845,,,,,False,,11,3,1
521c2141-6601-4ff3-b12b-5b492dff2faf,Gig Worker,36746.58,0.3567,22,,,,,2.65,0.6185,,,19.93,0.0181,False,,22,3,0
ca2fa90b-9aa9-433b-8ddb-168a1be72481,Gig Worker,18185.64,0.3925,21,,,,,1.2,0.5433,,,15.32,-0.0105,False,,12,3,1
4a9c2121-558d-4e02-ad96-4dd6786c953e,Informal/Rural Worker,25398.02,0.436,16,,,0.7649,4.6,3.14,0.6932,,,,,False,,29,3,0
07db42c0-5b0f-472c-a9db-1349fe0b4704,First-time Borrower,72841.57,0.2603,21,,,0.6339,6.82,,,5.71,0.1498,,,True,685.0,23,3,0
7db6a588-fb5b-4784-92f8-ce93f56ca2bf,Informal/Rural Worker,14009.75,0.5692,10,,,0.3692,15.0,1.93,0.4801,,,,,False,,6,3,0
0a949caa-ca28-4133-9e64-3e6bffb18613,Small Merchant,109880.17,0.4068,22,147930.13,0.6528,0.6342,13.11,,,3.42,0.2242,16.49,0.0667,True,555.0,16,5,0
30590ca7-b4c8-4865-bf1e-5d2b6249bde0,Gig Worker,30476.11,0.389,22,,,0.6691,6.34,2.64,0.6862,7.03,0.1138,19.6,-0.014,False,,22,5,0
ffae9478-055d-430d-b3cb-10183487a34a,Small Merchant,55428.56,0.4656,20,101176.22,0.5346,0.4792,18.89,,,0.68,0.269,10.84,-0.1514,False,,7,5,1
62f3e9f0-5fef-4a19-adc3-c26614d6c465,Small Merchant,62607.38,0.4,20,,,0.5783,15.51,,,1.57,0.2413,,,False,,16,3,0
6aa5109e-0697-4999-929a-647d878f88ce,Informal/Rural Worker,21065.16,0.5086,12,,,0.6136,10.65,1.78,0.6358,,,,,False,,22,3,0
1184dd06-787e-4164-a6fd-0d100a2c0d4d,Informal/Rural Worker,21568.0,0.4231,14,,,0.7971,6.61,2.93,0.7527,,,,,False,,22,3,0
4ff5b943-78db-4be2-868b-c8aca9ec623d,Small Merchant,107838.08,0.267,22,263050.9,0.7593,0.6803,7.71,,,4.12,0.1115,,,True,622.0,13,4,0
101035a4-babc-46d5-b629-1d3049048590,Small Merchant,155695.74,0.3214,25,336060.08,0.8395,0.7192,5.66,,,6.72,0.1588,,,False,,26,4,0
6ac1157d-6e3d-48ea-92b9-f75ddb53b7ad,Gig Worker,41768.18,0.4652,25,,,,,2.44,0.7732,,,19.37,0.0797,False,,20,3,0
151e8c91-7786-4e52-b400-ae5597e7a5dc,Small Merchant,125815.76,0.322,23,247052.15,0.6643,0.492,9.74,,,5.39,0.2219,,,False,,23,4,0
1d3d6de5-f469-4242-846c-f078a1898824,Informal/Rural Worker,22582.96,0.5318,19,,,0.6414,8.33,2.59,0.8973,,,,,False,,25,3,0
8334346d-1539-4ade-a731-0db4591f5d7c,Informal/Rural Worker,12886.66,0.4772,10,,,0.4708,15.28,1.48,0.6135,,,,,False,,5,3,0
d926dbc7-7f42-428d-9474-03703c755904,Small Merchant,140613.17,0.3104,25,312529.91,0.7503,0.7853,7.62,2.71,0.7566,,,,,False,,24,4,0
c3d0e41b-6804-4789-8764-c815077ef602,Small Merchant,159821.23,0.1826,27,343945.98,0.722,0.6456,6.76,2.86,0.8733,8.05,0.1806,,,False,,27,5,0
8708ae53-7a43-488e-9583-8abb6ba938f7,Gig Worker,35282.08,0.3651,23,,,,,2.05,0.6753,,,21.54,-0.0039,False,,15,3,0
0fdf54a7-8f14-45f9-b006-a94944765ca8,Gig Worker,22087.65,0.4805,20,,,,,0.88,0.5214,3.88,0.2131,9.36,0.0109,False,,13,4,1
9cec1f01-eff0-4922-8631-86a4469fda50,Gig Worker,13810.74,0.5036,17,,,0.5063,16.75,0.85,0.3442,,,8.44,-0.1295,False,,4,4,1
7b8a7c90-fa04-4cf1-85da-c1c51fcd115a,Small Merchant,85918.73,0.4079,22,184355.36,0.7432,0.6026,10.51,,,3.47,0.2182,,,False,,18,4,0
5c90a8af-ec1e-4eec-b9db-343f7fc1118e,Small Merchant,111827.43,0.3738,23,237091.09,0.6898,0.555,11.92,,,4.67,0.1956,,,False,,21,4,0
094b9fbb-f9f2-4aa8-8e78-837c88ebd96e,Informal/Rural Worker,16146.7,0.4687,16,,,0.7172,8.27,2.43,0.6424,,,,,False,,21,3,0
b8912493-0169-497f-91e7-635bcb44dcdf,Small Merchant,95281.71,0.3918,23,212338.58,0.712,0.7044,12.35,,,7.01,0.1862,,,False,,20,4,0
061064ca-d458-44a4-9fcc-32325d96a383,First-time Borrower,41994.65,0.1698,19,,,0.5652,9.6,2.24,0.5291,6.49,0.2264,,,True,554.0,14,4,0
6db15c34-3593-4529-b9f4-c73cb1545228,First-time Borrower,40749.67,0.2536,16,,,0.5849,9.11,,,,,,,False,,18,2,0
971720ca-0e7d-4883-8a04-65ba9f92fbf9,Informal/Rural Worker,15501.65,0.5353,12,,,0.6154,14.48,1.44,0.5423,,,,,False,,12,3,0
afb10345-315c-4131-b89f-d5248263c204,Informal/Rural Worker,12412.73,0.5873,14,,,0.5397,10.05,1.69,0.543,,,,,False,,8,3,0
ac703707-2a2b-4e98-ba1f-0faf40d8dd4a,First-time Borrower,58093.05,0.2742,18,,,0.6336,7.99,,,7.34,0.0991,,,True,704.0,21,3,0
2b96f389-759b-4134-a9df-cab35dfdfeb5,Small Merchant,160212.21,0.2959,26,386459.29,0.9018,0.7795,6.35,,,6.09,0.1431,,,False,,27,4,0
c93450b5-578c-4f83-8b3e-43d85eee5f15,Small Merchant,101867.87,0.3694,19,159191.09,0.6192,0.5582,10.94,1.59,0.6722,4.97,0.2403,,,False,,19,5,1
f3c47c6a-c923-4510-873d-c8d3c42fd912,Informal/Rural Worker,28317.11,0.5128,18,,,0.7246,9.79,2.57,0.77,,,,,False,,22,3,0
57758e6f-fc5d-4c2f-b4c8-33b5d3fa0067,Gig Worker,27495.03,0.3476,19,,,,,1.99,0.5525,,,19.93,0.0576,False,,21,3,0
89a3178d-ac3e-45f6-887d-e2eb45e1b56d,Informal/Rural Worker,24850.99,0.3259,17,,,0.856,6.79,2.86,0.8145,,,,,False,,22,3,0
03bdc05e-5602-454c-bf82-98b0e862a7fe,First-time Borrower,68207.41,0.1692,21,,,0.7945,8.95,,,,,,,False,,26,2,0
7bc01c99-834d-4c90-99aa-a9ff3313ac30,Small Merchant,143441.62,0.3694,26,274725.22,0.7919,0.6204,7.75,,,5.42,0.1433,,,True,643.0,19,4,0
7a6dc713-bca7-4918-9ea9-1d9941c275e5,Small Merchant,49217.37,0.4063,20,151918.43,0.4628,0.7244,12.52,1.35,0.4633,3.15,0.2441,,,False,,15,5,0
ce64813b-5e15-4cb9-b702-5ae243df9eea,Small Merchant,55496.58,0.4713,21,129279.19,0.5234,0.5813,10.64,,,4.36,0.2038,,,False,,13,4,1
724964cb-1b4c-485e-b04d-6ea912990c8e,Informal/Rural Worker,15394.97,0.4921,11,,,,,2.24,0.7147,,,,,False,,20,2,0
5c20f87a-275f-45b5-bb21-69ae101af6ce,First-time Borrower,38962.94,0.2886,16,,,0.4508,12.36,,,2.99,0.2163,,,True,532.0,14,3,1
2d12e98d-c291-46a8-b96e-8c4922412a79,Small Merchant,161780.45,0.367,25,319431.77,0.7879,0.7789,6.06,,,7.41,0.1377,,,False,,25,4,0
7ba6c5d1-83bb-48c5-9d2f-38838a902191,Gig Worker,30712.25,0.4298,22,,,,,2.26,0.6146,,,19.08,0.0128,False,,18,3,0
f18ed241-b34a-4462-a3e2-12aa00c8951d,Small Merchant,136828.79,0.3354,23,312621.08,0.9019,0.685,6.92,,,6.57,0.1224,,,True,663.0,19,4,0
22b5c504-ba47-4299-a6c7-57b8abc610fb,Small Merchant,149012.99,0.3442,23,225886.41,0.7731,0.7909,7.74,,,6.92,0.1523,,,False,,19,4,0
c8df6778-1d3c-4f1f-9c6a-62a25bbbd64e,Small Merchant,171438.47,0.2263,27,388424.52,0.8631,0.903,5.48,,,8.8,0.1776,,,False,,27,4,0
496a3f28-50af-429f-8f5e-dfb7e85c140e,Informal/Rural Worker,19352.46,0.5628,16,,,0.624,13.02,2.56,0.5219,,,,,False,,16,3,0
1a9f28b9-e840-4393-92e1-d8bde83047a1,Gig Worker,29232.16,0.4973,23,,,,,2.41,0.5951,,,15.99,0.1006,False,,22,3,0
f9689a77-31e0-4955-983a-f8a325f21533,Gig Worker,36502.42,0.4475,25,,,,,2.54,0.7764,,,17.45,0.0082,False,,22,3,0
6dfd9b8c-9bf2-4fc0-ac1e-ab3b5e07de15,First-time Borrower,45272.43,0.2392,18,,,0.6911,11.27,,,6.57,0.1875,,,True,574.0,13,3,1
a2d3e405-9fca-4d8e-b22b-e069068878a7,First-time Borrower,38357.11,0.2089,20,,,0.6628,10.49,2.2,0.6129,,,19.51,-0.0252,False,,19,4,1
5d679ed0-fdae-4cfa-9e27-7e5273d0c61c,Small Merchant,96874.44,0.3155,22,168384.3,0.7596,0.6632,9.22,,,,,,,False,,14,3,0
9995bebf-4baf-4504-a31e-c1a3abca6e46,Informal/Rural Worker,28058.8,0.4965,16,,,0.8143,7.52,2.57,0.5765,,,,,False,,20,3,0
80826f5a-21dd-441f-9eb8-250051a1a731,Informal/Rural Worker,20016.09,0.5135,14,,,0.6634,7.53,2.3,0.6163,,,,,False,,22,3,0
f66b566e-bda3-4c4b-b8d4-916463d89d1c,Informal/Rural Worker,24783.93,0.3593,17,,,0.7425,7.43,2.16,0.7568,,,,,False,,17,3,0
37a38423-70d5-4ebf-ba22-98d11e876fbd,First-time Borrower,87797.57,0.1139,22,,,0.807,0.94,,,9.68,0.1271,,,True,725.0,32,3,0
d0829af4-7919-40bb-99c7-091f30b9b1bc,Gig Worker,36207.42,0.3556,25,,,,,2.27,0.6555,,,22.7,0.0758,False,,24,3,0
e2f51e3b-0010-48c6-8150-eba19a7ecdd8,Small Merchant,86890.99,0.3632,22,160373.07,0.5552,0.5865,9.17,,,4.36,0.1556,,,False,,15,4,0
5eb16bf3-b6ca-47b0-9194-1aef2e08528a,Informal/Rural Worker,15016.57,0.3995,13,,,0.7015,11.37,2.66,0.7148,,,,,False,,18,3,1
16936cee-f733-4a16-a557-ad70304344c3,Small Merchant,81172.05,0.3199,21,126801.71,0.4948,0.57,16.63,1.35,0.5831,,,,,True,525.0,14,4,0
272064fc-01a7-4ede-8092-5a5d8aaebfa0,Small Merchant,106212.52,0.3579,25,203494.14,0.7123,0.5618,11.64,2.26,0.6297,3.42,0.1832,,,False,,16,5,0
f4ed3116-7dbe-4b1d-8f20-56b454b32050,Small Merchant,163581.47,0.1982,27,402381.51,0.8378,0.8258,4.17,,,9.2,0.1341,27.99,0.2102,False,,32,5,0
7c1a628e-fa9b-4034-8b86-a8cc7aa20416,Informal/Rural Worker,23277.76,0.3894,17,,,0.7543,5.8,1.89,0.7282,,,,,False,,20,3,0
fdeb009f-5d25-4aad-b6ea-15d27bad6341,Small Merchant,103567.88,0.3141,24,272598.62,0.6931,0.6073,13.2,,,6.59,0.1688,,,True,537.0,17,4,0
25430958-194a-428e-b73c-b649240d8bbc,Informal/Rural Worker,29830.89,0.3959,19,,,0.8807,2.16,3.46,0.8585,,,,,False,,26,3,0
e7e4dac1-0917-44c1-937e-6a7f8b04b8a0,Gig Worker,21899.27,0.3704,19,,,0.5572,15.55,2.0,0.498,3.6,0.2118,14.24,-0.1122,True,490.0,11,5,0
c3daec2d-e07c-4732-8b42-0160d87ff234,First-time Borrower,58343.96,0.3057,18,,,0.6655,6.25,,,,,,,True,640.0,17,2,0
c1e5f7cc-5ef3-4441-812a-86ec06573369,Small Merchant,187074.35,0.2518,27,332438.76,0.8439,0.9831,6.26,,,,,,,True,792.0,21,3,0
fa7aa4c2-f127-4013-860e-d7b7b60aad74,Gig Worker,40992.88,0.3575,30,,,,,3.52,0.7752,9.1,0.0806,24.17,0.1493,False,,26,4,0
f828c8cf-d7cd-422e-87f3-55337757d8dc,First-time Borrower,42588.13,0.2371,18,,,,,,,,,,,True,528.0,16,1,0
516e5f94-6122-4d8f-aa8e-1c983450985b,First-time Borrower,42364.8,0.2821,15,,,,,,,4.93,0.1745,,,True,603.0,9,2,1
1da928f2-1642-4a8d-a9ff-ea03d4995349,Small Merchant,98568.05,0.3241,23,207158.23,0.6404,0.5028,12.67,,,4.37,0.1776,,,False,,11,4,0
1b3274f8-193f-457c-a0fb-dfb94f0bc504,Informal/Rural Worker,18098.58,0.3959,14,,,0.6447,9.4,2.47,0.6443,,,,,False,,17,3,1
4a86be05-2eef-4b34-82e6-d084c238069c,Small Merchant,141745.72,0.3115,23,310997.1,0.7523,0.7007,5.28,1.93,0.731,7.22,0.0962,,,False,,26,5,0
3b62dd11-e146-4eea-b814-789a348af959,Gig Worker,26578.07,0.4709,21,,,,,1.74,0.4909,5.21,0.193,12.07,-0.0879,False,,17,4,0
ad879c73-f885-4e81-8aba-bdc5b350c317,First-time Borrower,49609.55,0.2581,17,,,0.5656,10.05,,,7.19,0.1653,,,True,473.0,21,3,0
84735594-c051-4d85-a039-50c9f2932a5c,First-time Borrower,49759.58,0.1443,16,,,0.6667,5.58,,,5.45,0.1831,,,True,554.0,19,3,0
16c4685e-75cd-4ece-95f2-5cdbe991d2d2,Small Merchant,125011.84,0.2952,24,315855.12,0.8222,0.6489,8.61,,,5.09,0.1237,,,False,,23,4,0
5e3ec6dd-86c3-481a-94d5-caa78d0d21b0,Gig Worker,30015.69,0.414,20,,,,,1.9,0.6203,,,20.77,-0.0057,False,,11,3,0
bafa8243-999f-4574-b569-cefd862da723,Gig Worker,26902.15,0.4259,18,,,,,2.13,0.6099,,,15.61,0.0323,False,,13,3,0
b8fd56d1-9fb5-4451-bed8-05da681bde88,First-time Borrower,72204.42,0.1353,25,,,0.7998,0.59,,,9.02,0.0409,,,True,722.0,29,3,0
a705f502-6cb5-4c1b-8335-7ed366eea4ca,Informal/Rural Worker,12664.08,0.5404,10,,,0.47,15.89,1.56,0.617,,,,,False,,13,3,1
2f28bf37-eae8-46a4-b414-1d82e87cc70d,Small Merchant,61185.86,0.382,24,199410.24,0.6756,0.695,13.48,,,2.87,0.1795,,,False,,17,4,1
da0e4cb4-8bfb-4f28-99e9-0869d65e0f02,Gig Worker,32135.93,0.4873,25,,,,,2.21,0.7662,,,17.78,0.0529,False,,24,3,0
0a1a5e3e-9cd8-44ef-96eb-0b80616d3bb9,First-time Borrower,43161.25,0.3008,14,,,0.4565,12.81,,,4.41,0.2302,,,False,,14,3,0
927abd4c-ec8e-460b-bda7-859dc6b5873d,Gig Worker,33210.12,0.4055,21,,,,,2.18,0.7254,,,15.31,0.0587,False,,17,3,0
d7bf151c-c599-4f7e-817e-8768d72bb51d,Gig Worker,42135.22,0.2907,27,,,,,2.92,0.7287,,,20.67,0.1156,False,,23,3,0
d3447397-bc81-4472-aad0-92fdccd5c716,Small Merchant,149801.08,0.2533,24,340252.59,0.7845,0.8054,4.34,,,7.02,0.1405,,,False,,24,4,0
0752d67e-7d24-4bcb-83dc-066d74a17335,Informal/Rural Worker,23452.9,0.5015,13,,,0.7822,8.9,,,,,,,False,,21,2,0
dc083dfd-10af-4153-9a07-e6ecdb2a40d7,Informal/Rural Worker,24594.69,0.5171,14,,,0.7674,4.96,2.25,0.745,,,,,False,,18,3,0
a38c47ac-5c34-46c5-9443-768be5263bab,First-time Borrower,43152.19,0.3217,16,,,0.6428,11.87,,,,,,,True,577.0,16,2,0
97655945-52ae-4f0e-9ed0-b49fe0869dcd,Small Merchant,101194.07,0.3624,21,184593.34,0.6436,,,2.18,0.6278,,,,,False,,17,3,0
34487fd5-7631-49c3-b243-49fb5fc03598,Small Merchant,106148.31,0.2546,23,280060.53,0.7034,0.6172,5.97,,,6.2,0.177,21.09,0.1084,True,707.0,20,5,0
32bec42b-6e41-4d34-9692-2846b7c5bcf9,Small Merchant,138670.74,0.3181,25,311134.15,0.7371,0.8454,6.21,,,7.52,0.1269,,,False,,30,4,0
b8bb69e2-98d3-42b9-8335-68dc17538757,Small Merchant,127355.8,0.3422,29,289528.69,0.7802,0.8406,6.89,,,6.22,0.1494,21.6,0.1408,False,,26,5,0
eef376b7-09d9-4e2a-bf22-8e1ad1265da4,Gig Worker,16115.61,0.5376,13,,,,,1.17,0.4928,,,,,False,,13,2,1
af26cdb4-80bf-4c98-8541-1478e48f259b,Informal/Rural Worker,26332.97,0.5459,12,,,0.7163,9.44,2.17,0.6981,,,,,False,,17,3,0
e6500a5f-4269-4b4b-b9fb-2c40da7f425d,Small Merchant,189195.56,0.2394,28,403330.44,0.827,0.8106,3.34,,,8.59,0.0933,,,False,,29,4,0
262e6751-082d-4528-b5ba-2989d4264969,First-time Borrower,54331.08,0.2264,20,,,0.8221,5.47,,,9.04,0.1345,,,False,,20,3,0
628b7529-63ab-4ee8-afd7-618243058124,Informal/Rural Worker,13412.37,0.6353,8,,,0.558,14.31,1.34,0.4046,,,,,False,,14,3,1
4b0d570c-0baf-4115-b381-1f6955c6043e,Gig Worker,44800.16,0.2048,25,,,,,3.28,0.7514,,,25.88,0.1181,False,,24,3,0
534bc4f5-5897-4378-8379-2dbd6156943e,First-time Borrower,62068.09,0.1829,20,,,0.7079,6.89,2.78,0.6866,,,,,True,686.0,25,3,0
d6e78f11-bda3-4955-9609-16b03b669bc3,First-time Borrower,70878.23,0.1359,22,,,0.8289,5.97,2.94,0.7471,9.09,0.1146,,,True,750.0,23,4,0
ee783432-b77b-454b-9bd6-62798060cd58,Small Merchant,72091.71,0.3475,21,154575.65,0.5391,0.5545,10.11,1.88,0.6441,3.08,0.1473,,,False,,24,5,1
a7a04e4b-01c7-41fb-8b2d-25efd156315b,Small Merchant,190845.42,0.3224,25,392127.59,0.8707,0.8707,2.01,,,7.95,0.0802,22.12,0.2027,False,,29,5,0
68caef0d-c060-425b-8f77-86e185e83ee6,First-time Borrower,51672.72,0.1691,22,,,0.7298,6.51,,,,,,,True,649.0,20,2,0
6b8d8db3-29d1-4aac-bfc0-df5c1315db70,Gig Worker,46802.37,0.3733,24,,,,,2.59,0.6277,4.98,0.1263,21.83,-0.003,False,,19,4,1
0b4130e1-5024-4c37-b376-0368098f91e0,Small Merchant,89172.5,0.3637,26,198683.58,0.636,0.6163,10.33,,,4.3,0.1813,,,False,,18,4,1
0861c8b2-de60-4e1b-9f8d-b1c945086211,Small Merchant,87964.84,0.3778,24,218986.2,0.7806,0.5364,10.96,,,6.29,0.1502,,,False,,15,4,0
c6ea5049-3427-4aeb-885a-7f1262f20430,First-time Borrower,81940.12,0.1352,23,,,0.8578,7.07,,,6.22,0.1605,,,True,718.0,26,3,0
e67e3dde-1256-45ab-afa4-353bace31458,Small Merchant,169302.1,0.3885,26,340608.48,0.805,0.7825,6.61,,,6.89,0.1266,25.35,0.1446,False,,23,5,0
51e78aee-8f01-4b9a-9b70-a6501481f524,Gig Worker,39292.5,0.3239,24,,,,,1.78,0.805,4.58,0.234,20.92,0.0012,False,,20,4,0
299d366a-3582-4c51-86cf-286ef881750c,Gig Worker,30561.17,0.3184,21,,,,,2.45,0.7311,,,19.74,0.0385,False,,18,3,1
1896c777-46c1-4f3f-b499-77f60e89db46,First-time Borrower,12000.0,0.3163,12,,,0.4452,17.85,,,,,,,True,464.0,10,2,1
ab02be3e-9275-494d-bed8-b79bf63533bb,First-time Borrower,44515.02,0.2142,15,,,0.5196,10.79,1.75,0.6046,4.13,0.1821,17.35,0.0514,False,,13,5,0
ea2d4c4b-f6aa-4db1-a5a3-842186670c31,Gig Worker,30253.78,0.4119,20,,,,,2.05,0.7697,,,21.21,-0.0054,False,,19,3,1
53f7ec49-3133-4ab3-8a5b-6a8d8bc31a76,Informal/Rural Worker,16757.79,0.6208,11,,,0.6141,10.96,1.89,0.6262,,,,,False,,20,3,0
b1b1639b-b717-4b32-bc3d-834394f5bab4,Gig Worker,34841.62,0.3951,21,,,,,1.75,0.576,6.05,0.1403,15.59,0.053,False,,15,4,1
b9a3c0fc-8c50-4800-93b1-dc5ceea628e2,First-time Borrower,49823.39,0.2926,14,,,0.572,14.19,,,4.06,0.2041,18.24,0.0139,True,573.0,15,4,0
1e7000d5-9645-4f42-befa-f708bd635791,Gig Worker,17124.99,0.4979,19,,,,,1.59,0.5824,,,11.69,-0.0808,False,,11,3,1
cecff9b1-bdc8-4241-a3b9-af4dbe0a89ac,Gig Worker,43524.44,0.3808,27,,,,,2.66,0.8953,,,20.84,0.1001,False,,27,3,0
c7917189-f07c-4848-87a4-2bd6ef3e47e7,Gig Worker,31094.4,0.4049,18,,,0.724,9.56,2.2,0.5707,,,17.23,-0.0111,False,,17,4,0
2c698fb9-daa1-4ff2-b5f2-105c64ae601c,Informal/Rural Worker,15064.73,0.5327,11,,,0.4519,12.6,,,,,,,True,523.0,8,2,0
2dc683bb-1677-498f-abbd-fb693eeab242,Gig Worker,31383.58,0.4774,22,,,0.6087,9.46,1.91,0.5293,,,16.82,-0.0654,False,,23,4,0
d2a44010-e0b4-4c2b-b7c5-63aa798c633a,Small Merchant,89047.75,0.3956,23,167716.54,0.6467,0.6264,14.84,,,5.42,0.1763,,,False,,11,4,0
b52fd3ef-7a46-4f79-963c-6a1543f379a7,Gig Worker,19945.97,0.3197,17,,,0.3555,11.37,1.22,0.4843,,,16.38,-0.0836,False,,14,4,0
363608b0-6187-462d-b1ce-f8d680d0debc,Informal/Rural Worker,8724.76,0.586,7,,,0.643,14.82,,,,,,,False,,8,2,1
f6e9bc98-3255-4d1e-9f52-437cc5fa83f8,First-time Borrower,19659.89,0.2544,12,,,0.4724,14.61,2.47,0.554,2.84,0.1908,,,True,505.0,19,4,0
d5ebb93c-6a37-48ef-8641-a031d453369b,First-time Borrower,41234.79,0.2341,15,,,0.6048,11.37,,,,,,,True,537.0,16,2,0
f7b07365-7593-4e11-a773-2ba4f8172479,Informal/Rural Worker,17560.69,0.5888,14,,,0.6413,8.44,2.51,0.6005,,,,,False,,19,3,0
e3598e50-97dd-473b-842b-087d46ee1a1b,Small Merchant,114015.82,0.2591,28,280105.28,0.7342,0.8129,6.06,,,5.91,0.1202,,,False,,27,4,0
79e69899-e8c7-4d17-9039-c135f01a5f82,Informal/Rural Worker,17297.53,0.4826,14,,,0.7475,12.32,2.17,0.7724,,,,,False,,15,3,0
6e14ccbd-fc41-4365-8820-efa06cd587ee,Gig Worker,30682.05,0.3955,20,,,0.6009,12.25,2.09,0.6873,,,,,False,,16,3,0
986d8297-0956-47c0-967f-657aef758942,Gig Worker,38941.22,0.4827,22,,,,,2.1,0.4896,,,15.67,0.1548,True,601.0,20,3,0
90e8635d-232f-445a-960b-7f8c8eb7af26,Informal/Rural Worker,21812.78,0.4726,15,,,0.6765,6.97,1.9,0.6715,,,,,False,,20,3,0
cefb06c4-b8c7-4a27-9918-bdb415efdb78,Gig Worker,21272.68,0.3895,19,,,,,2.15,0.5794,3.13,0.1913,17.36,0.0199,False,,17,4,1
d5a8dabc-d60a-492c-b162-9c351bbe9240,First-time Borrower,42500.76,0.2262,18,,,0.5947,8.66,1.98,0.6172,5.72,0.2115,,,True,621.0,18,4,1
826999c7-0d86-4e43-8d93-dd55292bc523,Informal/Rural Worker,25715.41,0.4901,14,,,0.7302,4.62,2.66,0.805,,,,,False,,23,3,0
0842ab3b-669b-45db-b2f9-1d1f04af90e9,Gig Worker,37046.2,0.3541,20,,,0.7814,10.13,2.52,0.6723,,,21.0,0.1147,True,650.0,19,4,0
1d5690d4-e689-43f2-9fdc-899f7b4f20af,Gig Worker,35055.27,0.4444,26,,,,,2.74,0.6916,,,20.75,0.0969,False,,24,3,0
4bd35fd7-e9f3-40b5-b9f2-b88fda09cd6b,Gig Worker,27936.14,0.4948,21,,,0.5019,10.85,1.69,0.6395,5.9,0.2647,19.75,-0.092,False,,17,5,1
d3563bdc-71c6-4f50-8173-7b8e1caf6b0f,First-time Borrower,77427.84,0.1855,21,,,0.6914,7.94,2.22,0.7206,,,,,True,639.0,23,3,0
e11156a5-68d3-4021-b0a5-6d0eafd0e64b,First-time Borrower,70805.55,0.1914,23,,,0.8093,2.96,,,,,,,False,,24,2,0
25c06eab-c83b-41d2-a3a1-0399711b6fa7,First-time Borrower,76553.68,0.1458,24,,,0.8261,3.19,2.87,0.813,7.72,0.0785,,,True,796.0,28,4,0
c4b4f83d-54da-441b-b01f-dc1cf75a3613,First-time Borrower,59454.11,0.2423,21,,,0.7584,7.11,,,,,,,False,,25,2,0
7d1ae158-6f0e-4bbf-8d22-680f0d12bd58,Small Merchant,89714.48,0.3878,23,162574.02,0.5857,0.4541,13.2,,,5.46,0.1748,,,False,,12,4,1
30f2cf99-877b-420f-92ea-c28b8e87c865,Gig Worker,34529.47,0.3932,25,,,,,2.66,0.6872,,,20.13,0.0696,False,,21,3,1
eaf5f5ea-8c8e-417f-a7ea-7e848f3ea8d9,Informal/Rural Worker,22574.39,0.6244,13,,,0.6505,9.46,1.72,0.5705,,,,,False,,20,3,0
8aa0cfba-6732-498c-89ed-faa98abe5567,Gig Worker,51246.5,0.2588,26,,,,,3.09,0.813,,,26.19,0.0991,False,,30,3,0
182c1db3-a547-464f-bb82-4b50b3fe14d4,Gig Worker,34416.95,0.4588,23,,,,,2.18,0.6664,,,19.13,0.0675,False,,19,3,0
2b62546a-1543-4588-8639-a91e14d0fb57,First-time Borrower,33137.98,0.284,17,,,0.6357,14.81,,,2.48,0.2149,,,False,,19,3,0
e05885a6-765a-4687-9890-6c4d666fa207,Gig Worker,48621.76,0.304,24,,,0.8526,4.07,2.66,0.8707,,,24.63,0.0755,False,,25,4,0
7eaa7d8c-f1a1-4759-b7fa-e8eb1cf0340b,Small Merchant,135411.99,0.2583,27,257784.67,0.7759,0.8608,5.47,,,7.2,0.1259,,,True,608.0,25,4,0
3076d3ae-2eef-4e62-b2c5-8544492cc4b6,Informal/Rural Worker,10254.48,0.7637,9,,,0.4897,14.57,1.16,0.3983,,,,,False,,13,3,1
d5eabf83-1e10-4a13-b943-289a8e08b72d,Informal/Rural Worker,28027.38,0.2634,15,,,0.811,7.71,,,,,,,False,,19,2,0
7ea8a3d9-b1a0-473d-acef-33cb36024254,Gig Worker,37037.16,0.3303,23,,,0.761,6.98,2.03,0.6074,5.66,0.1929,21.12,0.1201,False,,20,5,0
1149b350-6c11-4600-9aa2-6debb69f598d,Informal/Rural Worker,28986.38,0.3622,19,,,0.8183,3.56,3.13,0.8656,,,,,False,,26,3,0
0438bb25-cf44-4108-adb7-ad46636f207e,First-time Borrower,36014.91,0.2449,17,,,0.6134,17.63,1.19,0.5015,3.24,0.1984,,,True,583.0,12,4,1
7456ab08-2a2e-485c-bbf7-ae4fec677bdf,Gig Worker,44736.13,0.3652,21,,,,,2.44,0.5829,6.02,0.1055,18.9,0.0533,False,,20,4,0
3515ff69-c5ac-441a-9460-c63db4ee83d3,Gig Worker,25566.34,0.5247,23,,,,,1.33,0.6538,3.97,0.184,15.35,0.0067,False,,18,4,0
ef8c3a03-7e1e-4622-b210-b102535d9d0c,Gig Worker,27144.46,0.4274,18,,,,,1.98,0.5265,,,13.57,-0.0465,False,,14,3,0
8c0989ec-cfbe-44fd-b144-1cbccb638517,First-time Borrower,44050.03,0.2127,20,,,0.5147,12.72,,,,,,,False,,6,2,1
7908cab2-e425-4dc5-9adb-25c9813642bf,Gig Worker,47637.55,0.2578,23,,,,,3.52,0.6913,,,22.1,0.1177,False,,25,3,0
f765b6b1-0824-4e71-a9ac-bb0f6fc9e7d2,Small Merchant,140073.93,0.378,25,206814.54,0.7806,0.7115,9.05,,,8.13,0.1785,,,False,,18,4,0
d5b3fcec-59c5-4a80-8189-c66d0737f0ea,Informal/Rural Worker,21344.79,0.3123,24,,,0.791,0.0,2.57,0.7855,,,,,False,,30,3,0
80c71374-415e-455e-be38-f6e2e3c446ed,Small Merchant,66401.67,0.5072,20,130799.12,0.4838,0.5685,15.03,,,3.72,0.2036,,,False,,13,4,1
3b4e5a34-4fea-4c46-94f1-14505140e028,First-time Borrower,76808.98,0.1939,18,,,0.7593,7.87,2.51,0.6644,,,,,True,711.0,24,3,0
8d0de2da-f2b3-4cf9-9689-0885703e19b6,Informal/Rural Worker,30680.67,0.47,22,,,0.847,2.68,3.95,0.8607,,,,,False,,29,3,0
72f08e6b-e319-4ffe-ac30-5ef49256dbbf,First-time Borrower,38411.42,0.2668,16,,,0.6331,9.56,2.03,0.6599,3.34,0.231,18.37,0.0189,False,,17,5,0
fcf982e3-4d5c-4122-a7f5-2be3ec8a376d,Gig Worker,41500.8,0.257,25,,,0.8729,3.2,3.49,0.8693,8.36,0.1011,24.62,0.1739,False,,24,5,0
dfe15236-c50e-45ee-9ca1-09d836a78822,Small Merchant,100724.31,0.4038,22,246394.66,0.6368,0.6507,12.39,,,4.34,0.2317,,,False,,15,4,1
d01e1da8-80b3-4ee1-90f2-07b1c493677b,Informal/Rural Worker,23536.83,0.3954,17,,,0.7334,7.82,3.08,0.7807,,,,,False,,22,3,0
55a23e0c-1283-487e-889e-448e9d42c2d7,Gig Worker,43117.44,0.3531,25,,,,,2.94,0.7911,,,22.86,0.1525,False,,26,3,1
01a3f337-33f0-4d34-9376-57ed3a0c7bd6,Informal/Rural Worker,20137.42,0.4774,15,,,,,,,,,,,True,654.0,19,1,0
5629c78f-24d8-4072-a143-0d9e3a29f726,Small Merchant,65606.11,0.3926,19,120321.05,0.5362,0.491,16.62,,,,,,,False,,14,3,0
0eec473e-b3a1-418a-a34e-df6bd208982d,Small Merchant,89519.56,0.4145,23,212816.96,0.7384,0.6375,12.36,,,3.27,0.2009,,,False,,7,4,0
73dc8687-855f-40a7-bcdd-e1cf997147a1,Small Merchant,89673.35,0.3516,24,260884.44,0.7653,0.6753,11.65,,,4.66,0.1678,,,False,,19,4,0
b5f2909c-4e7d-4d8e-b2f9-ef1c9d1a6262,First-time Borrower,75365.01,0.2274,22,,,0.6886,4.91,,,,,,,True,704.0,26,2,0
13656673-37a7-4186-9560-a74b17ae78be,First-time Borrower,40045.43,0.2454,17,,,0.6036,12.3,1.77,0.5111,,,,,True,568.0,6,3,1
3563f689-6639-4c4e-871d-4778cac4b9b5,Gig Worker,44308.61,0.4185,23,,,,,2.91,0.8568,,,16.3,0.0536,False,,21,3,0
774bb705-056b-4557-b0d4-1f3588725152,Small Merchant,176253.83,0.0964,25,418379.44,0.8584,0.7298,3.04,3.39,0.8808,10.71,0.1546,,,False,,28,5,0
5deefaa8-64ef-4436-9228-598b4c848e60,Small Merchant,156052.08,0.3465,25,324934.45,0.8997,,,,,,,,,False,,22,2,0
6ed8a30d-13f1-41e2-acb9-0099fae9144c,Informal/Rural Worker,8779.97,0.5401,10,,,0.3021,17.17,1.01,0.3791,,,,,False,,8,3,1
b864d580-6421-4efc-ba9b-7326949203da,Small Merchant,164689.9,0.1815,29,357159.24,0.9741,0.8457,3.98,,,8.91,0.1578,,,False,,22,4,0
09678000-05d0-4add-9ed6-dd55c61fca4b,First-time Borrower,49328.36,0.3136,17,,,0.581,12.54,,,,,,,True,536.0,18,2,1
4ffa99c7-adfd-4129-a043-0e2203647a77,Informal/Rural Worker,17545.47,0.549,15,,,,,1.63,0.5315,,,,,False,,18,2,1
4146c6f1-7a38-4754-bd3b-de8a4577da65,Gig Worker,38921.7,0.3204,24,,,,,2.95,0.7719,,,23.67,0.1508,False,,23,3,0
262b26c2-3f37-48e6-ad1c-13fa232ae544,Gig Worker,31269.25,0.5276,20,,,,,1.79,0.6858,4.24,0.2009,17.01,0.0273,False,,16,4,0
f3203d43-35c4-4fec-b223-3695aa77f853,Informal/Rural Worker,9029.61,0.5683,7,,,0.5038,16.17,1.6,0.6068,,,,,False,,4,3,0
4b4e3557-b82b-4b2d-85cc-a415b28fbb58,Small Merchant,119861.42,0.3365,21,302060.6,0.676,0.7577,9.44,,,6.95,0.2018,,,False,,17,4,0
5fed22cb-bc6d-44a8-8e19-1803da336f0b,First-time Borrower,88464.03,0.1239,25,,,0.8854,0.5,,,9.83,0.0532,,,True,798.0,27,3,0
d1f76bde-8bde-45cb-89cb-67cb98db9edc,First-time Borrower,44174.57,0.2394,17,,,0.6166,9.44,1.8,0.5524,,,,,True,601.0,15,3,0
ce386ea3-fcdf-4e56-86f2-549774c35da4,Gig Worker,33552.66,0.3966,20,,,,,2.72,0.7682,,,20.14,0.0401,False,,21,3,0
03357dd8-134f-4788-a7ae-420ebc87599f,Gig Worker,53155.82,0.3731,23,,,,,2.87,0.7228,,,20.44,-0.1238,False,,17,3,0
911384bc-d098-40f2-85f7-2f2e477837dc,Informal/Rural Worker,20053.96,0.4607,16,,,0.7866,11.59,1.76,0.5488,,,,,False,,20,3,0
3dee3505-6694-43bb-aa3e-f24f9349141e,Gig Worker,37291.39,0.4529,18,,,,,1.66,0.7048,4.43,0.1391,18.16,-0.0162,False,,14,4,0
8958c153-1a22-498d-bd67-4f312f71ee8c,Informal/Rural Worker,17996.79,0.5153,14,,,0.7216,11.35,1.96,0.6363,,,,,False,,16,3,0
f164f9b5-052b-45e0-8dc9-148f31e6f799,Gig Worker,38707.22,0.4,24,,,0.6366,4.42,2.86,0.7928,,,20.82,0.1251,True,624.0,21,4,0
531f89eb-195d-4d08-b943-fec2613c3afa,First-time Borrower,45038.31,0.3006,12,,,,,1.82,0.5215,,,,,True,492.0,12,2,1
08407dd3-10b4-4bec-9a85-0ae7379bc896,Small Merchant,138597.98,0.261,25,348703.56,0.9452,0.7842,7.81,,,6.54,0.1473,,,True,744.0,31,4,0
c6886dce-27fc-4f5d-a627-3e1ecfaeb615,Gig Worker,23681.98,0.4828,21,,,0.6652,15.31,1.3,0.5665,,,18.25,-0.0647,False,,12,4,0
d18e7b2f-0556-4eb9-bd1f-dd66c158b9cf,Small Merchant,189587.97,0.2915,28,423162.79,0.9636,0.903,3.84,3.42,0.9381,9.38,0.0914,,,True,788.0,28,5,0
0e590255-f4a5-46ca-9940-abe2122fad53,Gig Worker,37753.82,0.3415,24,,,,,2.49,0.8326,7.17,0.175,22.53,0.237,True,615.0,22,4,0
1bf83186-0db6-4b89-8a5c-3de06249f45f,Small Merchant,183956.87,0.2835,25,338953.45,0.8151,0.8372,4.84,2.85,0.8812,7.25,0.1772,,,False,,23,5,0
98031d63-53f5-4ac6-a1ee-10e8558d4107,Small Merchant,85788.21,0.4334,23,254229.3,0.8087,0.767,9.03,,,,,,,False,,14,3,1
e2bc5c12-a047-43ee-8f69-0f720aa61f8f,Gig Worker,27264.98,0.4933,21,,,,,1.75,0.6144,,,18.31,0.0128,True,571.0,15,3,0
2c48b0e6-be7c-4065-9db2-1a732d24e0d8,Gig Worker,29179.71,0.445,19,,,0.4801,9.84,2.24,0.5682,,,14.93,-0.0736,True,609.0,16,4,1
c3b291bb-06e0-41b1-9f69-625cbadea8b3,Gig Worker,40352.82,0.3807,22,,,0.7543,6.76,2.34,0.7858,5.03,0.1617,20.64,0.0545,False,,19,5,0
281e47d4-0492-42e9-8e54-a4a1bd512cdf,First-time Borrower,41610.69,0.2736,18,,,0.5552,7.56,,,6.04,0.185,,,False,,17,3,0
a2f6d5cf-4e7d-40bb-a837-57890e17546f,Gig Worker,42408.74,0.3183,25,,,,,2.82,0.7664,,,23.73,0.1336,False,,22,3,0
ebb23aa3-d49b-44e2-85ee-5587459828b3,Gig Worker,44786.66,0.3869,26,,,,,2.95,0.843,,,,,False,,18,2,1
335c3b91-a818-43a6-be3c-6db0a41b530d,Gig Worker,46753.91,0.3543,25,,,0.7363,6.5,2.24,0.7816,,,23.53,0.0951,False,,24,4,0
c7ddef1e-319d-4409-a079-c1c4fe1137e5,Small Merchant,174229.14,0.3403,26,355324.56,0.755,0.7406,6.62,2.23,0.7348,7.96,0.1647,,,False,,22,5,0
afe2ee5a-2991-4513-815f-38031455e971,Gig Worker,31907.93,0.314,24,,,0.8279,7.53,2.59,0.676,,,27.34,0.219,False,,24,4,0
1be0c7a4-b890-4955-a881-179da90e4a27,Gig Worker,28378.88,0.4077,21,,,,,2.37,0.7242,,,16.64,0.0166,False,,17,3,0
e06bcfb9-2d9e-4854-9ed7-91ff6a19fdc4,Informal/Rural Worker,13983.42,0.5408,14,,,,,1.92,0.4707,,,,,False,,21,2,0
a9852176-5cfb-48f2-a5a7-2bf9a0f37d32,Small Merchant,112879.85,0.5024,20,183006.8,0.7282,0.6517,11.58,,,4.59,0.1918,,,True,580.0,18,4,1
f478e993-a1be-41a7-b2d4-9d5bcd75c9ff,Gig Worker,30733.6,0.3314,24,,,,,2.78,0.7809,6.03,0.1443,22.4,0.1448,False,,23,4,0
60a283ad-135b-4fc2-aedc-4a325325eee6,Small Merchant,119936.26,0.4322,20,251634.09,0.7605,0.6747,11.76,,,5.4,0.1705,,,True,632.0,19,4,0
7beb5ef7-df81-40e7-ba27-e970000428ef,Small Merchant,152074.62,0.2692,24,339551.55,0.8122,0.7827,8.73,,,7.52,0.0894,,,False,,20,4,0
2bbeb802-1086-4434-9069-c3a7da5dd1c5,Informal/Rural Worker,12886.98,0.4029,14,,,0.5569,11.07,2.17,0.5935,,,,,False,,8,3,1
3df7cd1e-a939-424b-9030-c316655c8d1a,Informal/Rural Worker,23526.54,0.4757,18,,,0.884,5.25,2.75,0.828,,,,,False,,16,3,0
49aa0706-45c3-49fd-832c-0ae2792bcc9b,Gig Worker,37523.87,0.4311,25,,,,,1.53,0.8332,,,,,True,656.0,22,2,0
b81d9f08-c142-45ba-8616-86898695bec6,Small Merchant,73374.6,0.3357,23,149129.51,0.5983,0.5044,15.18,,,4.47,0.1586,,,True,531.0,15,4,1
9bb44b7d-c40d-4f02-8fc8-39e9a43033e1,Small Merchant,85178.01,0.3849,22,172102.48,0.6135,0.5316,9.59,,,4.08,0.1688,,,False,,12,4,0
f5a440e9-a117-4ea9-94e9-beeb84c23b12,Small Merchant,148306.36,0.2825,26,386397.36,0.9459,0.783,0.34,,,8.92,0.0737,,,True,740.0,30,4,0
3a966666-7483-4551-a667-377966c79a0a,Gig Worker,36131.68,0.4292,22,,,,,2.56,0.7492,,,23.68,0.0319,True,697.0,17,3,0
11055fd3-accd-404c-82ae-c21ed5f5a132,Gig Worker,17212.46,0.4655,20,,,,,1.75,0.522,,,15.02,-0.0429,True,504.0,5,3,0
75844a1d-5975-43af-af5d-f6ebb3bc7215,Small Merchant,182753.39,0.2968,27,371176.6,0.967,0.9106,4.87,3.3,0.786,8.19,0.1417,,,False,,22,5,0
b2fa8807-a88d-48e1-8504-0462c58cda1e,Small Merchant,176010.58,0.2229,29,338543.7,0.8561,0.878,5.71,3.24,0.8541,7.5,0.1014,,,False,,27,5,0
e6fee731-0dbb-4aad-8824-8015ef290c67,Small Merchant,144313.22,0.2267,26,303691.09,0.8252,0.6887,7.36,,,7.64,0.151,,,False,,20,4,0
796b4ff9-3adc-4f6e-86d9-7b2adedb44c2,Informal/Rural Worker,13747.47,0.6085,11,,,0.5956,11.54,1.78,0.6968,,,,,False,,9,3,0
76e7956e-e904-4d65-b085-9441e4d1cec0,First-time Borrower,42691.56,0.1943,19,,,0.6748,8.8,,,,,,,True,565.0,22,2,0
694abd7d-c15f-477b-b52d-53c4e8d4e65c,Gig Worker,10650.72,0.5557,19,,,,,0.95,0.4632,,,11.21,-0.1543,False,,10,3,1
b335e3a8-3522-402c-a031-5e92f78dbd6d,Small Merchant,114814.75,0.5045,23,209112.73,0.6542,0.7073,14.25,2.1,0.6101,4.24,0.198,,,False,,17,5,0
d101bc82-2cb1-4d5d-bf0e-c121d66da6eb,First-time Borrower,45043.43,0.2546,21,,,0.7342,10.4,,,,,,,True,567.0,15,2,0
d57a0a67-5333-4bbf-aa82-bfe742948f71,Small Merchant,123268.16,0.3883,25,269619.58,0.7946,0.8303,7.51,,,7.32,0.1527,,,False,,22,4,1
5ecc0dd2-734f-4270-bec8-921028a9dee1,Gig Worker,35337.99,0.3366,25,,,,,3.05,0.7191,,,21.27,0.0998,False,,29,3,0
cf4c27d7-e8ab-4590-a657-fad383ba5bab,Gig Worker,33169.11,0.5006,21,,,,,1.91,0.5731,,,15.08,0.0007,True,591.0,10,3,0
d44d4dcd-0f97-460e-ab8f-97d07585df36,Gig Worker,14157.97,0.4573,19,,,,,1.62,0.4867,,,13.98,0.0219,False,,9,3,1
101ea8fb-ad66-4ef7-85f3-210e71e9d7a6,Small Merchant,82639.04,0.4866,20,160370.35,0.5931,0.539,14.41,,,2.21,0.2648,16.07,-0.0789,False,,8,5,0
c7064162-3c11-4d41-8987-ebf7bcccc366,Informal/Rural Worker,22366.56,0.5085,13,,,,,2.46,0.8091,,,,,False,,24,2,0
21b67b8d-244b-4b50-b306-abaea7d1a140,Informal/Rural Worker,26756.5,0.2907,21,,,0.8817,3.17,3.13,0.8462,,,,,False,,26,3,0
208ba25c-5dde-44b4-a807-3f363ec9e0c8,Informal/Rural Worker,13282.82,0.5281,15,,,0.6204,11.21,1.97,0.5377,,,,,True,599.0,17,3,0
36207afa-fd90-48b4-893c-955c3705782e,Small Merchant,133652.37,0.327,24,288182.71,0.7874,0.7165,7.49,,,7.13,0.1839,,,False,,25,4,0
e5fc948f-cfc7-4c70-90a5-6a3eda68fa5d,Informal/Rural Worker,30665.9,0.29,20,,,0.8403,0.0,2.95,0.8064,,,,,False,,28,3,0
cc1d8af7-9037-492b-9b68-274211d23e59,Small Merchant,91334.66,0.2794,26,213599.0,0.6006,0.6089,9.37,,,4.19,0.129,,,False,,15,4,0
2c52f8e9-3184-4e5b-b50c-b44ae467274c,Small Merchant,115284.74,0.3674,24,241739.37,0.7571,0.7182,9.19,,,6.54,0.119,,,True,633.0,18,4,0
3ab769f2-deff-415a-a376-095eb73a4b5d,Gig Worker,45197.4,0.3546,27,,,,,2.49,0.801,,,20.32,0.1136,False,,21,3,0
615a3fdf-c0b5-48b5-b81e-8e999d389536,Informal/Rural Worker,21067.44,0.4838,13,,,0.6546,5.6,2.52,0.8646,,,,,False,,23,3,0
7d90231d-5c9e-4916-b7d6-ad4b6a90a5ca,Small Merchant,112633.25,0.3112,26,288309.19,0.6586,0.6427,8.01,,,6.75,0.1723,,,False,,17,4,0
9e87c9c2-803d-46c8-bfbf-e3aaeeb00284,Gig Worker,34854.83,0.3952,21,,,0.7764,8.33,3.09,0.7579,,,19.67,0.0588,True,681.0,21,4,0
b33c295b-61df-49ba-9c28-023246558c11,Informal/Rural Worker,20457.51,0.5004,12,,,0.5719,8.98,2.16,0.5959,,,,,False,,11,3,0
57612ed4-10b6-4579-b68e-549f1fbbfff4,Gig Worker,28901.74,0.4128,23,,,,,2.33,0.6947,,,17.12,0.0131,False,,19,3,0
c83d95ae-25bf-4cc3-8f1f-a47a61d18c51,First-time Borrower,54297.73,0.2554,21,,,0.7613,7.94,,,,,24.12,0.0863,False,,23,3,0
4bf0af59-b4a9-4fe6-b81a-db61e9d2feee,First-time Borrower,39937.08,0.2664,21,,,0.6255,16.08,,,,,,,False,,17,2,0
35f0f607-fdca-404a-9674-9af1cfc67194,Gig Worker,27444.21,0.4066,23,,,,,2.11,0.5316,4.69,0.1572,,,False,,15,3,0
e0f9d55d-cbf5-442c-8adc-a37b48a41df5,Gig Worker,35570.31,0.3923,19,,,,,2.31,0.582,3.27,0.2158,15.02,-0.027,False,,14,4,0
a5946e5b-536b-427b-8779-ed5ac1155ddc,First-time Borrower,74785.54,0.2047,25,,,0.9069,4.83,2.9,0.8214,,,,,True,770.0,33,3,0
7f6d84af-8eeb-469d-bf74-9cab66196769,Gig Worker,35216.51,0.3247,23,,,,,2.86,0.7792,,,23.83,0.1415,False,,24,3,0
1de86acf-b8c3-459d-abef-6012e03ba25f,Gig Worker,47052.28,0.2711,23,,,,,2.69,0.7433,,,23.42,0.0336,False,,25,3,0
6b4fc2df-cb7e-4a41-b01f-e9f42b7ca1d0,Informal/Rural Worker,27575.87,0.346,14,,,0.6708,4.44,2.77,0.7034,,,,,False,,24,3,1
c60f36fd-d49f-47cc-9283-f82046f1dd30,Small Merchant,107483.37,0.4129,22,246283.6,0.6251,0.5662,9.41,2.46,0.6308,5.58,0.1609,,,False,,12,5,0
d432987c-dab8-4b5b-ae1d-65f08a9d42d9,Small Merchant,186586.1,0.1844,29,378438.62,0.8325,0.7782,7.63,,,9.37,0.1003,,,False,,26,4,0
97a949c2-5d77-4ff0-a559-690fa047b1b3,First-time Borrower,24057.63,0.3323,14,,,0.4442,17.64,0.96,0.4206,,,,,True,465.0,8,3,0
2d45ccde-14b6-45f9-afec-aad689d721cf,First-time Borrower,61891.43,0.1226,24,,,0.8417,4.78,,,,,,,True,684.0,23,2,0
9017b9c7-167a-4820-bc26-6e69bf4033e0,Gig Worker,32707.76,0.3487,23,,,,,2.07,0.6853,5.81,0.1256,20.35,0.0801,False,,19,4,0
5c10dea1-1e5c-4442-90ba-46b72f90a806,Informal/Rural Worker,22028.05,0.4733,14,,,0.7017,10.3,2.19,0.54,,,,,False,,19,3,0
dad58a65-5ed7-47c1-a53d-b4c8f0da5982,Gig Worker,28534.72,0.4746,24,,,0.6408,13.84,1.94,0.4774,,,19.83,0.0036,True,643.0,14,4,0
982ef645-b48c-417f-aba5-022f9a78a4ef,Informal/Rural Worker,20191.69,0.5023,18,,,0.7234,9.01,2.26,0.6902,,,,,False,,25,3,0
11d4e0db-8f7b-4bb8-82c0-dd56dc8cba24,Informal/Rural Worker,11258.49,0.6156,11,,,0.4934,14.09,1.74,0.4757,,,,,False,,16,3,0
0898880e-e5bd-4962-aea6-2bd5e416b55e,Gig Worker,33863.69,0.4162,21,,,,,2.4,0.6231,,,19.45,-0.0394,False,,14,3,0
c6498ccc-7fc1-4c2d-8b76-69cd3f08b413,Gig Worker,27335.86,0.5166,21,,,0.6597,10.45,1.34,0.63,,,16.63,-0.025,False,,15,4,0
1b264457-9ece-4926-8888-6e9a8b4c1030,Small Merchant,149798.05,0.2529,22,293824.32,0.7854,0.7884,3.53,,,7.58,0.122,22.04,0.1099,False,,22,5,0
bdf78f03-eb19-4b52-97c5-950061d91f61,Gig Worker,43747.61,0.3815,26,,,,,2.55,0.755,7.2,0.113,24.4,0.0959,False,,24,4,0
92475f42-db4f-49ee-b891-7a866c3c9870,Informal/Rural Worker,14958.46,0.5362,10,,,0.4982,15.86,,,,,,,False,,16,2,0
4e45ae99-8a9d-4b23-b086-2622dadd7427,Gig Worker,39570.18,0.3761,21,,,0.7269,7.34,2.47,0.6361,,,19.27,0.1143,False,,18,4,0
f7291fde-5e8a-4cbe-ab36-a5f5046104d0,Gig Worker,33732.85,0.3221,22,,,0.733,9.91,2.9,0.7176,6.22,0.217,25.06,0.1234,False,,18,5,0
0eb0841e-3d98-4f2a-b658-e8d229f40b8c,Gig Worker,21250.07,0.5116,18,,,,,1.35,0.4929,,,17.27,-0.0718,False,,11,3,1
dbb13e9d-d5e8-453b-902d-9d802499f2e6,Gig Worker,36225.91,0.4318,24,,,,,2.11,0.7475,,,22.52,0.0412,False,,21,3,0
1e44337d-4939-4db0-b432-f5bf26e8c4ec,Small Merchant,170834.51,0.2524,25,318720.05,0.8324,0.938,3.4,2.56,0.8731,8.35,0.1272,,,False,,23,5,0
3d777b35-28f9-42e9-beb9-e49bd0f246d5,Informal/Rural Worker,26641.19,0.3033,18,,,0.8073,1.43,2.56,0.8623,,,,,False,,31,3,0
c210e842-f0c7-421e-9e2c-cd1534482462,Informal/Rural Worker,25395.55,0.4497,16,,,,,2.46,0.793,,,,,False,,19,2,0
7a86898d-087c-4649-877b-c34467f0ebd0,Informal/Rural Worker,20773.72,0.4632,6,,,0.6059,13.63,1.48,0.4432,,,,,False,,11,3,1
ff8f1ebe-fefa-43a2-ac74-81a62945a9d8,Small Merchant,118762.72,0.2921,23,288607.28,0.7895,0.5718,5.82,,,5.44,0.096,,,True,739.0,17,4,0
a8316d39-b1e1-41f0-a65b-8fdc3b211058,Small Merchant,131386.06,0.2687,23,253934.57,0.7702,0.7256,10.29,2.73,0.7286,7.27,0.1175,,,False,,21,5,0
47e6d458-c30c-4a2f-9083-84b5ca72ce4d,Gig Worker,33175.23,0.3996,26,,,,,2.87,0.7232,7.87,0.1824,20.51,0.1756,False,,13,4,1
e44e6f44-3932-47ac-b25a-543216a3ed1c,Gig Worker,49305.61,0.2446,26,,,,,3.37,0.7707,,,22.55,0.0896,False,,29,3,0
e9d93adc-6ac2-460a-85a6-2debad01ffae,Gig Worker,34351.21,0.426,30,,,,,,,4.6,0.1753,19.5,0.0582,False,,17,3,0
ac00205a-a574-4090-bce5-a150ad7bb468,Informal/Rural Worker,27231.84,0.3408,16,,,0.751,8.75,2.72,0.7056,,,,,False,,19,3,0
4a55dbb3-e1af-4be8-be88-343ae5b09388,Informal/Rural Worker,18291.41,0.3919,18,,,0.6792,7.05,2.17,0.6341,,,,,False,,18,3,0
909c3cdd-bb78-4b03-b107-2e021cea689d,Gig Worker,33948.64,0.3067,24,,,0.7431,6.19,2.01,0.641,,,23.29,0.0655,True,595.0,14,4,0
ab326224-b681-4bfe-ba5e-e61e47f804bd,Small Merchant,148973.33,0.2999,25,274332.38,0.8137,0.671,3.49,,,,,,,False,,27,3,0
79e35c51-2ea8-45ec-a36c-bbdd92bf67cc,Gig Worker,35142.54,0.4335,21,,,,,2.11,0.6929,4.46,0.2082,15.91,0.0076,False,,15,4,0
86a9d7a3-38bc-4237-aa52-831bac821943,First-time Borrower,59447.86,0.133,20,,,0.7788,2.76,,,9.44,0.1043,,,False,,22,3,0
bdeb3314-9930-46c8-81b6-d649d633af70,Gig Worker,30376.09,0.479,20,,,,,1.85,0.7627,,,20.69,0.0617,False,,19,3,0
8c56ad9e-80b7-4bb3-968c-0098ab6e64bc,Small Merchant,126829.46,0.306,25,280795.87,0.7204,0.7637,4.35,,,5.64,0.1671,,,False,,22,4,0
59b53d1d-2ebc-4947-afba-c3c27a60d2b7,Small Merchant,86691.23,0.3637,23,171737.69,0.5837,,,1.67,0.5655,1.12,0.1793,,,False,,9,4,1
871fdca1-2f95-43f0-8792-a9fb7d137715,Gig Worker,22924.45,0.4098,18,,,,,1.72,0.5559,,,15.29,0.0037,False,,11,3,1
85e1768d-b560-41e6-bd7d-cb53853a140f,Small Merchant,151943.62,0.3048,27,331874.89,0.8513,0.706,6.04,2.71,0.7848,,,,,False,,25,4,0
39d18d1e-d6c8-4db8-992b-4aeba96207b5,Gig Worker,51956.74,0.3242,27,,,,,2.89,0.8183,,,30.0,0.1726,False,,20,3,0
acb8a409-1df2-4a69-953c-465902836ce9,Gig Worker,36173.31,0.457,24,,,,,2.87,0.7727,,,25.19,0.2055,False,,16,3,0
7980de87-cd65-4f3c-a0d9-dd91cdb5a9bf,Informal/Rural Worker,31048.19,0.3883,24,,,0.8853,4.02,3.27,0.9045,,,,,False,,33,3,0
e6281395-a358-466a-9133-95b754ffe04d,Informal/Rural Worker,27589.96,0.3619,16,,,0.7195,1.37,2.95,0.8686,,,,,False,,23,3,0
14b5d920-10d4-43dc-8214-27b8a7b229bb,Informal/Rural Worker,11856.26,0.4424,14,,,0.5665,15.27,1.57,0.4834,,,,,False,,12,3,0
4a68b7e3-3daa-44b6-955d-cb074f76eed7,Small Merchant,117873.07,0.2709,25,306914.85,0.6901,,,,,6.98,0.1775,,,False,,19,3,0
24b02a09-19aa-4cb1-b315-cbfd82e92c67,Informal/Rural Worker,16937.25,0.595,12,,,0.6123,11.8,1.66,0.5856,,,,,False,,15,3,0
f076db4f-ab52-49ed-9f02-7f7480550bec,First-time Borrower,65592.0,0.1406,20,,,0.6212,5.47,,,,,,,False,,19,2,0
ec42604f-0a6c-4e2f-a6e8-758e9995445f,Small Merchant,110985.9,0.2555,23,312533.99,0.7192,0.693,7.06,,,6.45,0.1962,,,False,,15,4,0
b3a723b6-c79f-4d4c-a413-8cc21c39ac5a,Gig Worker,43115.56,0.3587,27,,,,,2.91,0.7075,,,24.69,0.1497,False,,26,3,0
dec2fa5a-02e4-41b5-9b2a-b542bac41e49,Gig Worker,40724.08,0.4142,22,,,,,2.42,0.7133,,,21.79,0.1224,False,,17,3,0
1a13f08b-37ac-4d54-9989-5e62be0ab856,Small Merchant,96278.16,0.3482,20,194615.61,0.6539,0.561,9.95,,,7.06,0.1912,,,False,,12,4,1
48b4429f-270a-4855-86cc-8e9c7629ee3b,Gig Worker,27772.93,0.3626,22,,,,,2.19,0.6967,,,22.41,0.037,False,,19,3,0
18e0fae4-f381-4df3-aebd-fc0007cec11a,Gig Worker,38518.64,0.2791,23,,,,,2.14,0.6989,,,20.74,-0.0005,False,,25,3,0
28b9121a-e0e0-492e-a45c-68c9ab19393f,First-time Borrower,63952.09,0.2075,20,,,0.7283,11.71,,,,,,,True,628.0,20,2,0
632f6495-5994-4d40-b265-0010d4ab7915,Informal/Rural Worker,27167.82,0.4928,13,,,,,2.66,0.7529,,,,,False,,24,2,0
326d4bf1-ee14-418e-8ae6-80a654d22330,First-time Borrower,38819.22,0.3188,21,,,0.7027,12.49,,,2.88,0.1996,,,True,472.0,9,3,0
0d346a7c-58f6-47a8-86f2-92c7f99f24a8,Informal/Rural Worker,10547.58,0.566,12,,,0.5908,11.02,2.22,0.604,,,,,False,,13,3,0
1c729498-a693-4b9f-b362-905f7ce0fbb2,First-time Borrower,40210.71,0.2841,15,,,0.5739,10.62,,,4.99,0.1839,,,True,561.0,16,3,1
5445f04b-004d-49b8-9cfa-13741a70b693,First-time Borrower,68906.23,0.1983,20,,,0.8355,4.4,,,8.78,0.1025,,,True,712.0,20,3,0
2fbda979-6e4c-4191-b8b9-47b67314f047,Informal/Rural Worker,31636.11,0.5182,18,,,,,3.01,0.8933,,,,,False,,24,2,0
93b61679-90cb-4067-ac12-b2042aa222da,Gig Worker,27361.97,0.4277,21,,,,,1.82,0.6096,3.32,0.2291,16.31,-0.1135,False,,16,4,0
964945af-041c-4f0b-96d5-d111b34f30ed,First-time Borrower,68081.04,0.2046,22,,,0.6574,6.04,2.28,0.6671,5.79,0.1479,17.21,0.0234,True,665.0,19,5,1
a322a9d8-439c-44ba-9493-51b5a2ac5ad7,Informal/Rural Worker,16660.11,0.5747,8,,,0.5279,16.07,1.71,0.5398,,,,,False,,18,3,1
b90d0c99-3f22-4901-81c5-43746287bf54,Gig Worker,26556.96,0.4496,22,,,,,1.85,0.5407,,,16.99,-0.1271,False,,12,3,0
eb6f0f2c-fa96-45dc-84d2-ada77860e7e6,Small Merchant,106157.53,0.4057,20,161823.11,0.6642,0.6372,12.48,,,,,,,False,,15,3,0
70ce071c-6b0e-46f9-9b83-c39ad1207791,Small Merchant,163517.21,0.2609,28,357082.69,0.8809,0.8451,6.55,,,8.77,0.1133,,,True,676.0,26,4,0
ec44ef2e-c35d-429f-a981-cc98b26ea5b3,Informal/Rural Worker,23142.68,0.4428,18,,,0.8399,7.11,2.3,0.6938,,,,,False,,26,3,0
e060b226-2338-48a2-b8fc-2f1865b22e12,First-time Borrower,44773.98,0.2408,16,,,0.6168,13.87,,,,,,,True,592.0,17,2,0
86fb8a78-1a88-421e-a66c-b2b599d28a7b,Small Merchant,88388.9,0.413,22,207768.04,0.8093,0.5846,14.3,,,3.31,0.1971,,,True,571.0,10,4,0
3f530b3d-ad61-4245-bda7-697f70602499,Small Merchant,73752.53,0.4175,23,138635.78,0.549,0.4851,16.23,,,3.06,0.2391,,,False,,12,4,0
da7783cc-50ce-4592-8bd7-a78c49ae4e9b,Informal/Rural Worker,17663.76,0.5993,15,,,0.6296,13.65,2.13,0.6563,,,,,False,,18,3,1
ae79dd98-c090-4459-a55b-5c3827c19a86,Gig Worker,31195.11,0.2936,23,,,0.7581,11.43,1.74,0.6297,5.25,0.1407,16.37,-0.1334,False,,18,5,0
3b2cdf1f-7c99-453d-96a5-2726b5c07b7d,Small Merchant,153597.45,0.2026,23,264160.54,0.7611,0.6943,10.44,2.12,0.7657,7.65,0.1341,,,False,,19,5,1
adb009f9-4bd2-45e0-909d-2c1626893dd2,Informal/Rural Worker,17417.26,0.5282,11,,,0.6699,9.16,2.01,0.6657,,,,,False,,15,3,0
2629c926-6d5d-4ae9-945d-a83411023e20,First-time Borrower,35021.83,0.2297,15,,,0.3557,15.19,,,,,,,False,,11,2,1
accdb6c9-839a-4cd5-bf48-e06539f8ec8b,Gig Worker,23164.78,0.4308,21,,,,,1.12,0.4773,4.07,0.2361,13.22,0.0474,False,,13,4,1
402d78ca-a3f5-45da-9bda-3e6b98a8dec8,Small Merchant,164457.43,0.2827,27,,,0.8302,2.68,,,,,,,False,,26,2,0
3bbb73cb-e5dd-49ca-99ac-3de5c81c09d6,Informal/Rural Worker,24415.57,0.5826,11,,,0.7432,11.59,2.23,0.7327,,,,,False,,16,3,0
11f78172-b400-4d50-bd90-82fc9f3d4472,Informal/Rural Worker,17560.89,0.4347,10,,,0.6463,8.82,1.87,0.642,,,,,False,,13,3,1
0345d3ee-08da-44ff-9783-ee03b1de1524,Small Merchant,132745.14,0.3338,26,,,0.7994,4.36,,,5.87,0.1285,,,True,607.0,25,3,0
67996b90-3de4-4016-bf29-39a8a7cde702,Informal/Rural Worker,17725.16,0.5881,10,,,0.682,9.77,1.95,0.4677,,,,,True,559.0,15,3,0
bc9dd9d7-d468-4e6d-b452-61ac4e891477,Small Merchant,146646.63,0.2197,24,346040.53,0.7892,0.8099,4.32,,,6.89,0.1602,,,False,,16,4,0
513931b0-10f2-4aae-a930-264aa0d5dbcc,Gig Worker,43354.62,0.3856,23,,,,,2.06,0.6785,,,20.42,0.0742,False,,20,3,0
880c0fd2-85a2-4052-94af-33108d01bb72,Informal/Rural Worker,12364.81,0.5114,13,,,0.714,10.64,1.99,0.5779,,,,,False,,15,3,0
a9104ba8-75f2-44c7-b8d7-b7339ba3ea7a,Small Merchant,208064.07,0.2201,29,451898.47,0.9298,0.8911,3.03,,,9.29,0.0772,23.04,0.2765,False,,31,5,0
a0c9fcc3-7a1f-4186-8342-4dca38228eac,First-time Borrower,51239.55,0.2474,20,,,0.7644,10.62,,,5.54,0.1672,,,False,,19,3,0
5cb5be2c-fa39-4535-a849-26cbead219b4,Small Merchant,160409.34,0.3555,26,362994.27,0.8438,0.7497,7.62,2.66,0.8193,5.85,0.1225,23.15,0.2582,False,,30,6,0
941b66d6-06a2-424b-bf7d-930d5bbdd53c,Small Merchant,182772.31,0.2859,26,316838.27,0.8314,0.8221,5.62,3.01,0.8317,6.9,0.1594,,,False,,24,5,0
55eb146e-18db-401f-8979-543184d60225,Informal/Rural Worker,16910.34,0.3973,8,,,,,1.78,0.5778,,,,,False,,17,2,1
2c215c20-db92-4661-90c8-b5cdeb5f0561,First-time Borrower,49913.62,0.2386,19,,,0.6115,8.97,,,,,,,True,522.0,18,2,0
66c30d4b-e22d-4d8c-a7f2-dca495796c59,Informal/Rural Worker,27604.64,0.3919,20,,,0.8903,3.08,2.99,0.8121,,,,,False,,25,3,0
7344f100-e2e8-474c-ae1a-571445921125,First-time Borrower,54288.62,0.2291,15,,,0.6453,10.51,,,,,16.92,-0.0326,False,,11,3,0
40c0389c-9100-4b2d-aa2f-ca5e207c8264,Small Merchant,130280.05,0.2717,26,271619.4,0.615,0.7242,10.49,,,6.71,0.1878,,,False,,22,4,0
a95a34e1-cf8e-4127-a8a2-0d155ad4f188,Gig Worker,35294.9,0.4161,20,,,,,2.12,0.6787,,,21.23,-0.0071,False,,13,3,0
cf94ae9f-4374-4880-a913-f0b3259220dd,First-time Borrower,64826.43,0.1459,19,,,0.7538,6.07,2.46,0.7048,,,,,True,692.0,27,3,0
32e3789c-625f-4189-8df6-42aeaac6b936,Informal/Rural Worker,14152.58,0.4413,12,,,0.6314,12.89,2.29,0.5647,,,,,False,,12,3,0
031ed43f-a315-4c5e-98ad-65c45a5e1cda,Gig Worker,27759.4,0.221,26,,,0.7285,7.02,2.55,0.7715,,,22.2,0.117,False,,31,4,0
3317fe8d-d31a-429e-9a35-bdc96dbd033e,Gig Worker,42916.78,0.2971,25,,,,,2.67,0.6565,6.85,0.1641,19.6,0.1027,False,,22,4,0
cef92b1f-fb63-47bf-bef9-842054086728,Gig Worker,47593.89,0.3473,20,,,,,2.66,0.793,,,20.03,0.0487,False,,23,3,0
38c84065-2ee5-4bc9-9d0a-ce636ef7681e,Informal/Rural Worker,27655.25,0.4861,11,,,0.7258,6.9,2.99,0.7431,,,,,False,,26,3,0
253be320-d9a8-4f40-82d2-c9145aa1fc53,First-time Borrower,54284.21,0.2432,21,,,0.6754,11.13,,,,,,,True,619.0,21,2,0
0fb2ad14-f9e7-47d8-8eb3-680dd2e19e32,Small Merchant,95978.97,0.3192,23,178034.44,0.6837,0.6589,9.51,,,5.03,0.1581,20.11,-0.0149,False,,20,5,0
97457c08-8b68-444a-8334-c9ce9fa0be93,Informal/Rural Worker,11943.69,0.476,9,,,0.5598,13.18,1.41,0.5365,,,,,False,,18,3,1
b9145bef-7a10-4c9d-ba0c-f96cab9e60f5,Informal/Rural Worker,31208.01,0.3942,15,,,0.7215,5.57,2.5,0.7318,,,,,False,,24,3,0
d338ce2f-0564-4e1c-bbf7-0f542d2dfeed,Small Merchant,138300.45,0.3261,28,314106.35,0.7741,0.8565,5.61,,,7.46,0.1196,,,False,,21,4,0
78458ad1-cf79-4989-816c-e3ed6aa581a5,Small Merchant,166056.02,0.2357,27,424971.06,0.8731,0.9141,3.56,,,8.01,0.113,,,False,,28,4,0
a7861a3d-2b0f-4e01-b9ff-d50795066bd9,Gig Worker,48491.53,0.3053,22,,,,,2.64,0.7064,6.15,0.1281,20.13,0.0429,False,,17,4,0
7fa4014f-f542-456c-a945-a7622ec8a216,Informal/Rural Worker,16051.1,0.564,11,,,0.6005,12.88,1.01,0.6921,,,,,False,,19,3,1
c320c500-dcf3-4cba-bce1-71aeebc6b239,Gig Worker,41626.73,0.3076,26,,,,,3.1,0.7645,,,22.89,0.0678,False,,24,3,0
5a64df1f-b204-4f84-988b-f31440ff424a,First-time Borrower,52882.53,0.1936,21,,,0.5988,10.3,,,,,,,False,,20,2,1
ca4019b8-1700-4a2c-a5ff-51c5ca7849e2,Informal/Rural Worker,15920.44,0.6083,10,,,,,2.18,0.6347,,,,,False,,15,2,0
16781c2f-02ea-43aa-91c6-bbc4ca27fe84,Informal/Rural Worker,24092.72,0.3904,20,,,0.7342,7.52,2.77,0.5766,,,,,False,,27,3,0
6a3a284c-9d0a-42fb-9b0f-e14e67c95b3f,Small Merchant,108717.31,0.3994,24,190520.15,0.6757,0.6509,8.05,1.45,0.6316,3.89,0.2284,18.1,0.0145,False,,11,6,0
fcb9571f-cc8c-4de7-bad2-fc3929ec1e22,First-time Borrower,55677.16,0.1428,22,,,0.8114,3.25,2.51,0.6045,7.52,0.1252,,,True,686.0,20,4,0
75c3ec09-1327-464a-88bc-05ac9e9504af,Informal/Rural Worker,16142.95,0.4253,16,,,0.5839,8.56,1.66,0.755,,,,,False,,19,3,0
2e64f3d9-f8a1-40ab-8744-600c4f87b8d7,Small Merchant,160312.79,0.2604,26,343515.53,0.8898,0.7851,5.0,,,7.85,0.1125,,,False,,28,4,0
5b646241-e414-44f4-a108-a158926a3a04,Informal/Rural Worker,18073.95,0.4403,15,,,,,2.13,0.7528,,,,,False,,23,2,0
88e67d64-0d76-4d73-a534-ffd244105f8d,Gig Worker,19613.37,0.4647,22,,,,,2.0,0.5545,3.16,0.2753,17.57,-0.1572,False,,15,4,0
80fef90a-eb54-430c-8888-369d991b7c15,Gig Worker,45794.87,0.3335,26,,,,,,,,,23.45,0.122,False,,29,2,0
2eae4288-d2d4-4ae5-ad3f-a6d627b3afa1,Small Merchant,92328.49,0.371,23,224450.64,0.7489,0.6059,8.45,,,5.72,0.1784,,,False,,16,4,0
85164d4e-2441-4583-81df-101aa3ef46bd,Informal/Rural Worker,32329.64,0.4068,16,,,0.9941,3.78,3.23,0.8578,,,,,False,,30,3,0
6b8f6d21-b187-410d-a590-6da180749692,Small Merchant,100324.98,0.3899,25,228392.44,0.5427,0.6449,11.6,,,5.84,0.1769,,,False,,19,4,0
43b0b68b-fb7f-4a79-84e2-9f977ffac370,Gig Worker,36985.44,0.4499,24,,,,,,,7.32,0.121,19.88,0.06,False,,20,3,0
ba6b1823-a03d-4291-9a9f-e00a663f5110,Small Merchant,120969.5,0.3458,21,219098.97,0.6682,0.6411,10.55,,,3.91,0.2024,,,False,,18,4,0
7bb50591-bd63-41b4-8a77-c01421b95760,First-time Borrower,63727.52,0.2116,23,,,0.6536,12.21,,,,,,,False,,25,2,1
caeafced-504d-4fc7-a839-a6cd300701a8,Small Merchant,85191.56,0.396,19,207527.8,0.6785,0.6946,9.66,,,4.08,0.1618,,,False,,21,4,0
f563112e-c771-4163-a457-0c999ef6a8aa,Gig Worker,43697.65,0.2226,28,,,,,2.87,0.8492,,,27.24,0.2145,True,761.0,26,3,0
745ccc21-8c45-42f8-9be6-a8efd8e95c09,Small Merchant,111956.85,0.4398,23,188500.79,0.6998,0.6485,11.31,2.0,0.6382,6.14,0.2092,,,False,,16,5,0
4e4fe696-35d7-4f24-8b66-58519e79e9e2,Informal/Rural Worker,17925.79,0.5299,11,,,0.6468,13.61,,,,,,,False,,15,2,0
1eb82eae-c0d6-455a-b85b-a600ac611dd6,Gig Worker,31890.41,0.439,25,,,,,3.09,0.6965,,,22.89,0.1986,True,677.0,24,3,0
0c0cb149-927f-469b-a383-f23b48b534ca,Gig Worker,32613.02,0.4345,18,,,,,2.59,0.6456,,,16.97,-0.0797,False,,22,3,1
c20e9f58-e8e5-43bd-95a2-d6157f5c919d,Gig Worker,43081.05,0.3827,26,,,,,2.81,0.8537,7.34,0.0759,27.06,0.0694,False,,28,4,0
a82bcef7-9e54-4579-aa7b-c77793a6b1af,Informal/Rural Worker,22370.29,0.37,17,,,0.7307,7.58,3.01,0.7613,,,,,False,,23,3,0
77903ddb-5487-4bcf-a944-3c0f99cec94b,Informal/Rural Worker,22984.87,0.3623,15,,,0.7365,8.97,2.53,0.7765,,,,,False,,21,3,0
e56346d8-a78a-4bf9-aa48-2da7b3772b01,Informal/Rural Worker,19915.25,0.4748,16,,,0.6595,8.69,2.33,0.6213,,,,,False,,23,3,0
a114c4ad-6b1d-4cf2-aa79-6cce20eb3eb9,Informal/Rural Worker,26670.15,0.2268,17,,,0.782,4.05,2.84,0.7671,,,,,False,,32,3,0
09baac86-6f0c-40e6-b591-4ea2a9cade82,First-time Borrower,63306.15,0.1358,23,,,0.7099,5.29,1.88,0.6476,,,,,True,644.0,23,3,0
494958e6-cb7b-4c00-a9db-06201c9d68d7,Small Merchant,117280.79,0.3906,21,279579.94,0.6705,0.6635,10.57,1.39,0.6256,3.45,0.1849,,,False,,14,5,0
3c21400e-85a0-4ee5-94ba-91fbd009c342,Informal/Rural Worker,28263.48,0.423,21,,,0.8932,4.64,3.35,0.7489,,,,,False,,28,3,0
36d5a9e1-7f0d-478b-b095-9483266d39ec,First-time Borrower,62441.84,0.1191,21,,,0.6622,5.62,2.62,0.7352,,,,,False,,22,3,0
e195e0c7-c2f1-4ce3-ae90-c5e1ac33fdb9,Informal/Rural Worker,21349.88,0.5023,18,,,0.7493,4.43,2.37,0.6885,,,,,False,,22,3,0
36e68377-5ab1-442f-abd4-1319f638ad40,Informal/Rural Worker,15977.3,0.5252,12,,,,,1.58,0.5157,,,,,False,,14,2,1
da860b7b-c121-4323-9792-f359760e69cb,First-time Borrower,71653.45,0.1867,21,,,0.7058,9.18,,,,,,,True,617.0,20,2,0
c2a3ec05-094c-474e-971c-84f56bf2fe52,Small Merchant,129599.17,0.3076,27,223287.91,0.7342,0.7598,8.89,,,6.76,0.2185,,,False,,23,4,0
2fa33db7-5ac8-499b-b166-2bc9e3f8b1ba,First-time Borrower,33425.81,0.2738,11,,,0.5251,13.1,,,,,,,True,492.0,10,2,0
fe44c598-8434-47f8-8b63-e844bc12aa47,Small Merchant,59938.81,0.4223,17,85308.03,0.4764,0.5004,11.03,,,2.55,0.2465,,,False,,5,4,1
a00caf95-dd44-42b7-ae44-26aebb8cdcf4,First-time Borrower,58112.63,0.2755,17,,,0.6263,12.96,,,6.05,0.2032,,,True,613.0,17,3,0
2a47eb98-732a-41c3-a587-8c201c28cc09,First-time Borrower,32368.36,0.3546,12,,,0.4545,17.59,1.35,0.4142,,,,,True,443.0,12,3,0
34f144d0-3035-4972-9764-2c4c2aca25c0,Small Merchant,121502.31,0.4196,25,250681.9,0.6976,0.7459,5.66,,,4.56,0.1384,,,False,,20,4,0
0b359065-0a34-4207-928a-fb8ce8e32020,Informal/Rural Worker,14500.62,0.5412,11,,,,,1.48,0.499,,,,,False,,10,2,1
1d5546fa-0261-4a54-ae9b-0150eec6f0d7,Informal/Rural Worker,16238.39,0.5134,9,,,,,2.07,0.6418,,,,,False,,13,2,1
0e60b80a-9c45-49ad-9fe1-f2f87a31ac07,Small Merchant,114403.49,0.3506,23,308123.72,0.6744,0.6449,10.82,,,4.69,0.1569,,,False,,22,4,0
bc5b1df5-ba54-469d-9779-c232cada5bda,Gig Worker,25674.15,0.4169,17,,,0.6438,14.17,1.73,0.5956,,,14.62,-0.0919,False,,11,4,0
fa373cd4-9d1d-49fb-8f07-6ceb94c4639c,Small Merchant,120938.76,0.3699,20,256015.87,0.6521,0.7157,6.27,,,4.9,0.1687,,,False,,18,4,0
c8735303-c3f5-46bf-8948-37c1efcae0c5,Informal/Rural Worker,20817.48,0.4958,12,,,0.6744,10.25,,,,,,,False,,20,2,0
b2fd0c2e-245f-41bb-821c-c2d3d6292b13,Gig Worker,36406.94,0.3747,21,,,0.8452,4.91,2.85,0.6414,6.32,0.1582,23.07,0.0357,False,,24,5,0
afba5c05-e8f0-4c15-b233-f5b0afad144d,Informal/Rural Worker,23516.59,0.3368,19,,,0.8824,3.07,3.44,0.7301,,,,,False,,31,3,0
ee3118d1-9e39-4cf5-809f-1f09dd260cbd,Small Merchant,168428.17,0.2719,24,326823.23,0.8854,0.7989,2.92,,,8.12,0.0578,,,False,,16,4,0
fae3cec1-8a74-4c13-8f4b-671eb07b3dce,Gig Worker,22219.45,0.5992,20,,,0.5879,14.94,1.55,0.4649,3.09,0.1757,15.96,0.005,True,527.0,18,5,0
01f73e14-b703-4832-9eb0-b0eb81da29ba,Gig Worker,35594.11,0.4359,22,,,,,3.13,0.7002,,,25.02,0.0812,False,,25,3,0
71b64bec-1e6c-4846-9962-bbbd9d78019c,Gig Worker,43622.35,0.4272,27,,,0.8729,5.04,2.67,0.7865,,,19.21,0.1624,False,,26,4,0
8a7fe4e3-2551-4939-95f0-46046a4e4266,Gig Worker,13045.99,0.5575,20,,,,,1.3,0.5025,1.29,0.2156,16.27,-0.0948,False,,6,4,1
ee5cfd82-82c7-4792-98af-23df167cacaf,Informal/Rural Worker,17333.02,0.4487,13,,,0.6374,9.48,1.99,0.5999,,,,,False,,23,3,0
8df08ce4-8782-46ba-8378-f55dd2f909d1,Small Merchant,163620.95,0.3902,23,306298.19,0.7844,0.8541,2.88,,,6.19,0.106,,,False,,23,4,0
4f9f1953-5eb3-4ad0-abc7-31b320edac38,Informal/Rural Worker,12826.41,0.3589,9,,,0.733,9.94,2.19,0.7046,,,,,False,,13,3,0
1938670f-67cd-41e2-932a-d0c7ab38f20c,Small Merchant,154985.28,0.3355,27,318446.48,0.8485,0.699,8.97,,,7.03,0.1035,,,True,665.0,23,4,0
c72ceb3f-abec-4e7b-b2c6-85859b6fa060,Small Merchant,153926.78,0.323,24,271653.8,0.7905,,,2.43,0.8022,6.34,0.1582,,,False,,23,4,0
4dff4a31-5cb7-46aa-bde1-febb4c22dfa3,Informal/Rural Worker,24767.54,0.4516,13,,,0.7374,9.42,2.52,0.8473,,,,,False,,15,3,0
202edbf4-bbb9-4a64-9512-748a5d7c4251,First-time Borrower,74377.71,0.1431,28,,,0.9474,3.4,,,,,24.96,0.1317,True,785.0,26,3,0
f02c62f3-29c3-4c6b-8c03-ee66865c4dbe,First-time Borrower,73076.47,0.1766,23,,,0.7242,6.25,3.53,0.7592,,,,,False,,27,3,0
279c5149-d209-4a5d-b92b-afd67b7c8105,Small Merchant,95345.77,0.4833,22,173015.24,0.4856,0.5395,14.09,,,3.07,0.2109,,,False,,12,4,1
6ce6b509-25fe-48dd-931c-fb4708d5d8c7,First-time Borrower,44380.31,0.205,15,,,,,,,,,,,True,592.0,17,1,1
deefc3b0-e125-4e33-8084-5c309f30d1fb,Small Merchant,142398.5,0.1905,28,287251.3,0.8611,0.8945,5.56,2.48,0.7414,5.96,0.1849,,,False,,17,5,0
71bcf4e3-2210-4841-a701-707b0b5bbcdc,Gig Worker,20128.08,0.3951,20,,,0.6002,14.67,1.83,0.5165,4.22,0.2173,15.3,0.0508,False,,16,5,0
8883f33e-5008-46a9-8f90-0a5fb1b5d1e1,Informal/Rural Worker,20149.05,0.4709,16,,,0.6821,6.28,2.64,0.8209,,,,,False,,16,3,0
29aaa348-5ece-436e-b76f-6fb3b754efab,Informal/Rural Worker,23159.19,0.3353,18,,,0.6572,4.9,2.59,0.6626,,,,,False,,23,3,0
83b8221c-4502-4816-9954-8ada4f32fcc2,Small Merchant,69414.06,0.4554,23,171977.2,0.5666,0.4937,12.69,,,3.29,0.1725,,,True,508.0,16,4,1
da0c1926-2c21-48a5-81c5-4f48bf970e68,Informal/Rural Worker,18884.77,0.4033,12,,,0.5545,12.56,2.17,0.6277,,,,,False,,22,3,0
d3b96fa0-886b-4aa3-ae48-ad5ab4e5b0d4,Informal/Rural Worker,13098.07,0.5113,15,,,0.5903,8.04,,,,,,,False,,18,2,0
1edd9282-c0ce-42d0-b5d1-b0910be44b5b,Informal/Rural Worker,17786.39,0.3911,11,,,0.6553,7.72,2.38,0.6583,,,,,False,,18,3,0
4f414f42-d65d-4803-a1a9-db886b196b8e,Gig Worker,34173.77,0.3378,23,,,,,2.73,0.8533,,,22.52,-0.0183,False,,26,3,0
ad287af0-8a57-4f42-9b42-a2008a4903e5,Informal/Rural Worker,25183.18,0.3669,15,,,,,2.76,0.7469,,,,,False,,31,2,0
e16ca298-8c2f-470c-b406-f95199a261f8,First-time Borrower,40964.65,0.2757,16,,,0.6292,15.14,,,,,16.07,-0.1775,True,516.0,10,3,1
e1a7afdc-63f9-4c8d-9441-ba1891e97ca6,First-time Borrower,74168.42,0.1066,28,,,0.8114,6.32,,,6.78,0.1375,20.5,0.1076,False,,24,4,0
d715850f-5114-4b64-8948-a76745d9d1c6,Informal/Rural Worker,21052.25,0.4771,17,,,0.7605,11.01,2.51,0.742,,,,,False,,23,3,0
0d5f7aac-9a4c-427a-85d7-a601a080ae04,Gig Worker,40789.42,0.3952,21,,,0.7819,7.07,2.58,0.7222,,,19.46,0.1527,False,,24,4,0
ed04adcf-d451-41a6-bec1-2556c6ba25c0,Informal/Rural Worker,19782.79,0.465,13,,,0.7092,11.34,2.06,0.4818,,,,,False,,17,3,0
16b995eb-de51-4d03-b841-e0e7eb4f793f,Informal/Rural Worker,24804.15,0.4299,18,,,0.7188,7.93,2.58,0.764,,,,,False,,28,3,0
3afd88c3-ccde-4297-ba66-acbc9d5b201e,Small Merchant,65399.55,0.3237,20,190006.5,0.613,0.6449,13.27,1.95,0.5788,5.25,0.2094,,,False,,10,5,1
f7d3ce99-929c-46f7-9989-63cbee8662cc,Gig Worker,28974.99,0.4623,20,,,0.6213,10.74,1.97,0.5535,,,17.9,0.0346,False,,11,4,0
3dda962d-59b7-4246-8103-2ed15ab13467,First-time Borrower,63256.46,0.1428,22,,,0.7481,7.91,,,,,,,True,670.0,25,2,0
3e78b190-7215-482a-a790-2fc817b51e72,Gig Worker,36676.72,0.422,24,,,,,2.5,0.6573,,,20.61,-0.0034,False,,20,3,0
e595697e-6b00-48f3-ad82-86a151cccc70,First-time Borrower,60114.15,0.1748,22,,,0.7861,6.8,,,,,,,True,688.0,20,2,0
3be27257-2ae3-4899-913c-a66c3550cd39,Small Merchant,172501.16,0.2592,27,412711.36,0.987,0.8959,2.44,,,10.22,0.1055,,,False,,30,4,0
37c7615d-7d74-4b49-aa63-97bd16c2a980,Gig Worker,33442.4,0.3993,22,,,,,,,,,19.49,0.0216,False,,16,2,1
a72c5733-4ccc-4f26-8ba3-36ee2cc78ee3,Small Merchant,126044.88,0.3713,27,216728.41,0.8466,,,2.41,0.7787,6.82,0.0901,,,False,,24,4,0
fdfc4bd4-f7b1-48bc-baa6-9adcafcea5a5,Small Merchant,95796.63,0.3854,22,222373.65,0.7231,0.6243,11.58,2.6,0.5359,2.3,0.2521,,,False,,15,5,0
3fa6fae9-8eb2-4aeb-aef8-9e6fa47ca73f,Informal/Rural Worker,29733.7,0.4296,17,,,0.8676,2.62,3.23,0.8284,,,,,False,,29,3,0
fb8954e4-9060-4dd3-a1dc-b071132f9ee8,Small Merchant,118760.88,0.4118,23,202911.05,0.7568,0.6021,10.74,,,,,,,True,597.0,19,3,0
6fd1021a-5e7a-4ed2-8fa0-b10cf6823c1a,First-time Borrower,61342.73,0.1951,21,,,0.6987,11.99,,,4.8,0.1937,,,True,628.0,18,3,0
03004710-609c-4314-9b33-21307f5aa95c,Small Merchant,81688.6,0.3978,20,122334.11,0.41,0.5193,16.06,,,2.96,0.2465,,,False,,14,4,1
362f1c5c-8c36-4f6b-8d48-b0fa5f93d582,Small Merchant,151420.22,0.2757,27,323876.05,0.8113,0.742,5.81,2.3,0.7384,6.08,0.11,,,True,689.0,22,5,0
0e44bf3d-dec2-4523-98d4-b9e95e879c46,Informal/Rural Worker,14412.51,0.5517,12,,,0.616,12.57,1.48,0.5348,,,,,False,,10,3,1
199178cf-5517-4dca-9f8b-72dc37977925,First-time Borrower,80474.43,0.1274,24,,,0.9649,4.42,3.3,0.9773,,,26.77,0.1904,True,713.0,24,4,0
c527e6c8-d406-4dc8-96a9-1cf90c4354b5,Gig Worker,32657.0,0.2998,23,,,0.7796,10.66,2.34,0.6565,,,13.87,0.0882,False,,20,4,1
d21fac1e-c917-4475-954e-9e7ab7834079,Informal/Rural Worker,15181.36,0.5405,9,,,0.5387,13.26,1.59,0.4819,,,,,False,,13,3,1
7a12c457-9e16-42cd-aec9-c34860c7de71,Small Merchant,104355.98,0.3407,26,319449.78,0.6975,0.7353,8.36,2.45,0.7016,6.08,0.1725,21.08,0.0149,True,674.0,17,6,0
cd106372-e1a1-4da4-8c34-1e7b87658df8,First-time Borrower,56424.72,0.2488,19,,,0.6142,10.3,,,,,,,False,,13,2,1
dff766fc-6f4c-4476-b12d-c243ee2cd6c2,Gig Worker,21896.59,0.5288,17,,,0.48,14.99,,,,,13.01,-0.1069,False,,6,3,1
c5f063e9-6127-40e3-90c8-be2ac0589d0d,Informal/Rural Worker,20201.21,0.4646,11,,,0.7187,8.42,2.43,0.6976,,,,,False,,18,3,0
777940aa-c49c-4e4c-bcc1-2f4e4725a607,First-time Borrower,46807.2,0.1979,14,,,0.5761,12.56,1.83,0.5644,,,18.35,-0.0571,True,530.0,10,4,0
7473dbf5-865d-4800-99ff-75a24a23dbec,Gig Worker,27362.71,0.4616,24,,,0.748,7.46,2.4,0.6522,,,22.88,0.1398,False,,13,4,0
ba6d7010-6a40-499d-aa1c-6dec9e432969,Gig Worker,51785.66,0.2989,24,,,,,3.44,0.8559,,,27.55,0.1673,False,,25,3,0
509e374b-f663-40b4-96fa-69ed08d6108f,First-time Borrower,74347.7,0.1865,23,,,0.8567,0.0,,,7.62,0.1237,,,True,721.0,25,3,0
bbc57303-7878-41af-bb20-fc37d57e30fd,Gig Worker,49736.44,0.3198,26,,,0.8925,4.79,3.35,0.8035,,,22.61,0.1841,False,,26,4,0
241c4547-bd62-41a2-86da-1fb0e0100472,First-time Borrower,55100.97,0.2092,18,,,0.6695,8.52,,,7.02,0.1868,18.07,0.0938,True,659.0,19,4,0
118046cc-38d8-44e5-8897-4da14feb1ec1,Gig Worker,34168.46,0.4079,20,,,,,2.22,0.684,,,17.28,0.0839,False,,17,3,0
ffbce00f-acf3-413d-b1eb-026f93355a21,Gig Worker,17657.85,0.5702,21,,,0.4752,12.35,1.59,0.4808,,,16.31,-0.1664,True,515.0,13,4,1
d6ba757e-67c6-4d12-be36-d55b2bedbb0f,Gig Worker,43756.91,0.3668,24,,,,,2.4,0.6984,,,18.1,0.0584,True,649.0,24,3,0
025b676b-bb33-4467-a4b4-8c7bf53c80fd,Informal/Rural Worker,29389.63,0.3867,17,,,0.8079,3.53,2.49,0.8421,,,,,False,,27,3,0
f70fd38d-bb9e-4d25-bffc-85a16feea8fa,Small Merchant,151053.87,0.283,24,280020.48,0.7387,,,,,5.52,0.2276,,,False,,19,3,0
3194ca35-52a9-4f14-b7ed-d4e659011d2c,Gig Worker,52685.71,0.3697,28,,,,,3.31,0.9158,,,25.46,0.1478,False,,28,3,0
6920f0d3-7e22-436d-9d81-5fc94cc26bb6,Informal/Rural Worker,24710.13,0.5144,15,,,,,2.51,0.6654,,,,,False,,18,2,0
ed754cce-6867-46c2-b264-8486c8b0833e,Small Merchant,131610.99,0.2505,25,358764.98,0.9733,0.7876,3.78,,,6.57,0.1114,,,True,750.0,26,4,0
368cfbf3-36a2-4330-95e0-ae5d858e0048,Small Merchant,99733.51,0.3839,24,228331.49,0.6008,0.5615,11.82,,,5.17,0.2002,,,True,593.0,18,4,0
76fd836b-c737-473f-9fa4-f7d05fa1ee6f,Gig Worker,43455.81,0.4368,20,,,,,1.9,0.7281,,,21.92,-0.0121,False,,19,3,0
da0977de-c03e-4007-aed5-f072f347b295,Gig Worker,20366.94,0.435,21,,,,,2.07,0.6114,,,17.16,0.0373,False,,25,3,0
544c17d9-698f-4bbb-bcab-1ba26d9a4fd8,Small Merchant,101354.35,0.3719,19,124701.08,0.6627,0.5313,13.95,,,3.71,0.2069,,,False,,18,4,0
7d565563-be53-44f4-9da1-cee76a3b90e8,Gig Worker,47514.05,0.1949,24,,,,,3.05,0.9172,,,27.9,0.2072,False,,28,3,0
1082d080-0a6e-4e17-a878-61d94ba7946a,Informal/Rural Worker,16846.48,0.6088,8,,,0.516,12.91,1.38,0.493,,,,,False,,16,3,1
609dfacf-46de-420e-aade-bc180eec4d59,Gig Worker,22041.62,0.4431,19,,,,,1.5,0.5712,,,13.45,0.0075,False,,14,3,0
4a1e02df-0ec9-4d07-8985-94298c33d17e,Informal/Rural Worker,31522.57,0.4292,21,,,0.8546,0.0,3.88,0.8632,,,,,False,,30,3,0
9b2459d0-c19f-4327-acf1-6cc1dd363f7d,Gig Worker,44171.17,0.2624,24,,,,,3.1,0.7764,,,27.46,0.1382,True,720.0,25,3,1
6f8db7bc-c48b-44b7-bb91-beebb282e20e,First-time Borrower,45686.24,0.2253,19,,,0.6036,10.25,,,,,,,False,,16,2,0
1e42be99-e5df-4174-92c6-ae56486b9abd,Gig Worker,38282.74,0.3534,25,,,,,2.6,0.6937,,,19.05,0.0852,False,,25,3,1
ec75db97-2e55-4d71-8f81-35b238440d93,Small Merchant,107673.0,0.3928,22,236388.11,0.6782,0.6919,10.94,,,4.28,0.1649,,,False,,13,4,0
8bb8575d-8bae-4355-b48b-194170eafe4b,Small Merchant,151015.59,0.3326,28,357428.8,0.9565,0.8279,7.45,3.1,0.7797,8.95,0.165,,,True,690.0,21,5,0
76625c7d-a373-462e-8170-f7e55337e594,First-time Borrower,44634.01,0.2752,17,,,0.6149,9.52,1.72,0.6764,4.43,0.2154,,,True,521.0,10,4,0
a22266a1-ab7f-4d92-aa8b-b2e5e81eaed1,Gig Worker,21743.47,0.4908,21,,,,,1.6,0.585,,,13.69,-0.0011,False,,15,3,0
1b2ea179-b743-4e58-b4fa-6df27f319499,First-time Borrower,45769.47,0.2463,20,,,0.6143,7.25,2.08,0.5529,,,,,True,573.0,17,3,0
ee8fa3ca-4a93-4e23-b9f8-c55a31dad143,First-time Borrower,84682.5,0.1705,20,,,0.7939,3.64,,,6.56,0.1096,27.89,0.1434,True,792.0,29,4,0
0285be72-49d7-4b80-86c9-6dfff670e61a,Gig Worker,23309.51,0.4656,22,,,,,1.43,0.4859,3.25,0.2519,13.52,0.0097,True,487.0,13,4,0
96b425f4-0260-4ecf-a888-05690f2ef947,Gig Worker,39804.97,0.3811,23,,,,,2.46,0.7354,,,22.92,0.1692,False,,25,3,0
322564d5-933e-4d22-9804-e4e8713b6cf1,Gig Worker,39350.73,0.5487,22,,,,,1.89,0.7201,,,16.27,-0.0372,False,,18,3,0
228d7240-2480-458f-9ad4-81847a7a46c4,First-time Borrower,45010.62,0.3265,17,,,0.5385,10.21,,,3.95,0.1863,,,True,623.0,17,3,0
5758d0c1-22b6-4efe-b133-ad13abf359d1,Gig Worker,42584.46,0.3322,26,,,,,3.06,0.9435,8.76,0.1563,24.75,0.143,False,,21,4,0
bf5041ce-723b-4bbd-901f-073632482ebe,First-time Borrower,38808.5,0.2411,16,,,0.5127,10.21,,,,,,,True,579.0,15,2,1
08049e7a-4b0b-4547-845c-0d60cfcb126a,Gig Worker,42899.88,0.3653,22,,,,,2.86,0.6165,,,21.11,0.0039,True,719.0,29,3,0
4bbb7bbd-0be7-4333-98ac-b03bc740da5e,Informal/Rural Worker,33427.15,0.4517,22,,,0.8072,3.75,3.29,0.8442,,,,,False,,26,3,1
653b6377-5b1f-4af2-94fd-fc4350b1fee7,Informal/Rural Worker,16460.93,0.3017,17,,,0.8126,6.64,2.17,0.7032,,,,,False,,22,3,0
b584070e-bd89-4082-a465-f0d7168f934f,Gig Worker,52041.0,0.2848,28,,,,,3.11,0.8025,9.39,0.0697,23.95,0.2939,False,,29,4,0
4b247a39-65e3-4c9a-96b0-7f3b472af303,First-time Borrower,35850.01,0.2543,18,,,0.5315,13.11,,,,,,,False,,15,2,1
6763f80b-d84e-497a-9ebc-b080e06fb406,Small Merchant,99682.58,0.4675,21,173587.13,0.7181,0.4703,11.82,,,,,,,False,,15,3,0
13d3da44-74a1-4dc1-a0b3-c490b6e09e9c,Gig Worker,41927.01,0.3684,23,,,0.7194,8.99,2.32,0.8801,,,19.05,0.0426,False,,17,4,0
223739b9-b467-49e7-a60b-c20b491d917b,Informal/Rural Worker,27002.73,0.3527,15,,,0.813,1.38,3.01,0.6748,,,,,False,,19,3,0
fe4b5333-b363-42aa-8974-1164f05b6427,First-time Borrower,89043.58,0.1306,23,,,0.8118,0.0,3.04,0.8669,7.69,0.0696,,,True,757.0,31,4,0
302f38e1-0bda-4884-9af3-161c31ecae39,Informal/Rural Worker,29481.91,0.4295,22,,,0.9055,0.62,3.08,0.9212,,,,,False,,28,3,0
a1a66bbe-662c-4e78-b0f9-1df4005ed50c,Gig Worker,34309.41,0.3978,24,,,,,2.58,0.7498,,,,,False,,25,2,0
d8fbe113-e987-4db0-b419-4055776ed1df,Small Merchant,156612.7,0.2683,26,346285.05,0.7866,0.8378,7.71,,,8.94,0.1235,,,False,,28,4,0
616602c5-3ee3-4305-ac12-68efc47814f4,First-time Borrower,36974.07,0.2494,14,,,0.5572,17.57,,,4.37,0.1879,,,False,,11,3,0
aa9e293f-5d5c-4f9c-9043-52a4df1b9d09,Informal/Rural Worker,14646.88,0.6244,10,,,0.4891,10.89,1.72,0.6524,,,,,False,,11,3,1
54c047bb-ae52-4df7-b41b-6e6719dc6dfc,First-time Borrower,31324.76,0.2739,15,,,0.447,14.33,,,2.68,0.2254,,,True,553.0,12,3,1
363166ab-b5ea-4dbc-b29c-938c747906b1,Informal/Rural Worker,18126.29,0.3556,16,,,0.7578,7.18,2.54,0.6382,,,,,False,,20,3,0
b4d2eaef-3b30-4397-94a0-e989c1f5702b,Informal/Rural Worker,16503.25,0.5563,18,,,0.7759,6.62,2.66,0.5831,,,,,False,,18,3,0
e7cf4084-b117-45dd-90f1-56ab850453b7,First-time Borrower,48270.07,0.2251,15,,,0.5296,15.46,,,,,19.12,-0.0459,True,505.0,13,3,1
a0f8fc26-0fa2-43d8-b5e2-ec87eb34be74,Small Merchant,121156.25,0.3117,24,351485.35,0.8673,0.805,7.68,,,,,,,False,,25,3,0
0bcbf90c-9390-4ce4-a0a4-84a0cfa4e54f,Informal/Rural Worker,19736.24,0.5577,13,,,0.6846,7.92,2.32,0.6447,,,,,False,,18,3,0
eab7df88-9669-41e8-97ed-e2d6ff843a4c,Gig Worker,26056.21,0.38,22,,,0.741,8.28,2.01,0.7213,,,19.93,-0.0326,False,,20,4,0
3f4636cc-965b-4b02-ac46-bb6efdb0678c,Informal/Rural Worker,24115.59,0.4578,15,,,0.6533,8.1,3.17,0.7418,,,,,False,,24,3,0
23cab3a8-0fa4-4f00-810c-a64d61c4d341,First-time Borrower,58949.53,0.2119,22,,,0.7092,8.71,,,6.24,0.1181,,,True,575.0,20,3,0
37564963-51c0-44b1-ae6a-f913ee15f8bf,Informal/Rural Worker,18520.67,0.663,11,,,0.7541,10.52,2.09,0.6235,,,,,False,,19,3,0
dfb8c719-39db-4481-8f49-99d12f8c05e1,Small Merchant,57347.38,0.3832,21,186484.4,0.6929,0.5623,14.94,,,,,,,False,,7,3,1
d34fd1f8-c828-4a6e-b69c-3d7d37b5afe6,Gig Worker,20870.55,0.4954,15,,,0.5433,13.24,1.72,0.4666,,,13.33,-0.0773,False,,13,4,0
1843c220-fecb-4ae8-8b58-9d1625834d17,Small Merchant,59184.22,0.3987,20,132608.13,0.5384,0.5709,16.25,,,3.55,0.2049,,,True,459.0,7,4,1
4bc69f0b-bc41-4f3a-a1b9-f7e0c4022035,First-time Borrower,42695.1,0.2148,15,,,0.5439,13.35,,,,,,,True,573.0,16,2,1
7cee3371-443a-4fce-84d4-5fe16eb35370,First-time Borrower,81232.86,0.2035,24,,,0.8741,7.18,2.82,0.8202,,,,,True,763.0,29,3,0
5f49e25c-67ee-4376-9e31-8b96749c7552,Gig Worker,31220.85,0.4018,24,,,0.5354,12.01,1.91,0.5065,,,20.18,0.0442,False,,15,4,0
03ae80ac-9e57-46ce-a206-cf0c886c49d2,Informal/Rural Worker,17679.95,0.4504,12,,,0.5663,12.53,1.98,0.549,,,,,False,,14,3,0
b9f97cae-680f-4d0e-a02f-bacc961dda7e,First-time Borrower,64489.7,0.1567,21,,,,,2.63,0.7214,7.33,0.1649,,,True,732.0,24,3,0
e804a705-44c3-4c14-98f2-0e0f9fe52f68,Gig Worker,32054.04,0.4569,25,,,,,2.25,0.7112,,,20.09,-0.0287,False,,19,3,0
2597a785-4bc0-4a3d-938b-acf8d7370108,Small Merchant,98296.9,0.3327,22,209897.38,0.7016,0.6227,8.14,1.89,0.6237,,,,,False,,17,4,0
4f9426f9-57aa-4d26-8958-0d1cc0cae47d,Small Merchant,138683.81,0.3076,25,281985.26,0.8055,0.7644,11.63,,,6.21,0.166,23.31,0.0479,False,,17,5,0
0e0fc9c2-449d-44a9-b7f2-16cb61faf973,Small Merchant,133295.59,0.2576,22,268712.53,0.6992,0.7918,8.49,2.43,0.7441,6.51,0.163,,,False,,19,5,0
432480e0-eca1-4bc3-a601-240bc7ad7c80,Informal/Rural Worker,23886.41,0.4487,13,,,,,3.27,0.8404,,,,,False,,24,2,1
ef67f1f8-80d3-4fb9-927e-5bd2d1d14db8,Small Merchant,88142.92,0.3174,19,200121.86,0.7161,0.5552,12.74,1.86,0.6745,3.99,0.181,,,False,,8,5,1
4253919b-e831-4655-b5a6-1b11a0f5334d,First-time Borrower,67560.82,0.2499,23,,,0.6785,8.2,,,,,,,True,650.0,23,2,0
fe027b3d-8708-47b9-90d6-bc587a118f5a,Small Merchant,108940.07,0.3034,24,205428.11,0.7037,0.654,8.36,,,5.55,0.1622,,,False,,16,4,0
d3be7ddb-07cd-4332-abc9-d8c2ca5a335a,Informal/Rural Worker,15975.59,0.4936,12,,,0.6551,12.91,1.77,0.5758,,,,,False,,15,3,1
ad10d3f0-d45c-48f4-9d6a-2b6c269f2ac8,Informal/Rural Worker,25719.78,0.4212,15,,,,,2.59,0.7668,,,,,False,,27,2,0
2d49b3ea-9fc7-439a-ae25-4de5511ce9ae,Small Merchant,130538.82,0.2737,26,311626.68,0.6978,0.6329,11.56,,,6.3,0.1539,,,False,,19,4,0
1b89bb04-dac8-469b-bdc2-3f3d389c4297,First-time Borrower,69987.39,0.1329,26,,,0.858,4.25,,,8.38,0.1309,,,True,778.0,29,3,0
8d21c5cc-c636-4332-8476-43aaf6789c8a,Informal/Rural Worker,22550.95,0.5245,19,,,0.8243,9.7,2.85,0.6849,,,,,False,,21,3,0
6a2f0f39-4140-4bc2-8a68-0ec8cd12b501,Small Merchant,103896.01,0.4241,23,247576.38,0.6175,0.7209,9.55,2.33,0.7283,5.4,0.1711,,,False,,14,5,0
81ce0951-0dfa-4912-972c-269a3040abe1,Small Merchant,112984.75,0.3798,20,224830.82,0.6694,0.6936,13.47,,,3.43,0.2571,,,False,,15,4,1
dbba45ef-3a1b-4565-bd9d-573de9cf5350,Small Merchant,206834.7,0.2039,27,354281.28,0.9087,0.8014,3.39,,,6.62,0.1318,20.31,0.2126,True,705.0,29,5,0
6b902c0e-a837-4b59-a2db-fea83c0caf04,Gig Worker,27376.28,0.4082,20,,,,,,,2.49,0.2624,14.06,-0.1192,False,,4,3,1
22d379ba-9352-40d8-972a-0550a31a93c4,First-time Borrower,77034.84,0.2091,23,,,0.7623,7.27,,,9.05,0.0851,,,False,,24,3,0
bdc7e977-59e9-44fd-a671-478036448899,Gig Worker,39774.08,0.3223,26,,,,,2.85,0.8436,,,,,False,,27,2,0
a6e9e1d0-333e-4e46-b6a2-6db10d2ddfd9,Small Merchant,107047.66,0.3316,23,256775.02,0.7594,0.6768,9.02,1.86,0.7604,6.01,0.185,,,False,,19,5,0
f245e245-9e5b-46ce-971f-e445e50b279c,Gig Worker,26844.97,0.4274,20,,,0.524,15.69,,,,,20.16,-0.019,False,,17,3,0
5ce93053-295d-49a0-9c2a-5d256c1949cf,Small Merchant,128981.11,0.3442,22,280146.46,0.7762,,,1.77,0.6984,7.71,0.2201,,,False,,21,4,0
7b136022-c832-4d55-a7e1-41d1b0a4a018,Small Merchant,138012.43,0.3124,25,290968.68,0.7124,0.6873,6.21,,,7.24,0.137,,,False,,24,4,0
31a2ead4-a65e-4766-8f99-9442eac2d5d4,Informal/Rural Worker,18545.49,0.3956,15,,,0.7387,8.82,2.38,0.7317,,,,,False,,17,3,0
879ab3d9-0316-42dc-9aaf-1b9278eaa532,Small Merchant,49223.71,0.4304,22,96087.49,0.5583,0.5015,14.47,,,2.47,0.2341,,,False,,10,4,1
2cf94fb6-d9bd-41b4-85ca-64e1e301b1bc,First-time Borrower,80455.91,0.2085,23,,,0.8364,6.14,,,8.82,0.1296,,,True,735.0,27,3,0
34a5ef4e-709d-4172-94a5-87a9fbe2f4c6,First-time Borrower,48986.59,0.1904,19,,,0.6466,10.58,1.95,0.6087,5.52,0.1905,,,True,661.0,18,4,0
f109fc4e-4caf-4c42-8b6e-25e74b8ffcfd,Gig Worker,34879.52,0.3203,30,,,,,3.38,0.6931,,,,,False,,17,2,0
70a7b14c-7e8d-4610-8de3-15a018771004,Small Merchant,63867.94,0.4455,20,108054.97,0.4406,0.5031,17.03,,,3.48,0.228,,,False,,7,4,1
bf1de730-55e4-4d86-9edf-a95edb6e890c,First-time Borrower,31982.08,0.304,14,,,0.4531,17.24,,,,,,,True,461.0,13,2,1
1444f559-d800-46ac-b747-15c0abf299c0,First-time Borrower,42896.0,0.2038,11,,,0.5078,14.93,,,,,,,True,467.0,16,2,0
844e5e49-85c8-42a9-8e0d-d153721ca7a6,Small Merchant,180920.56,0.2785,25,297126.74,0.8166,0.7776,6.2,,,6.87,0.124,26.3,0.1047,True,798.0,29,5,0
0f016902-9315-4168-9cb0-da50da53d0aa,Gig Worker,44399.06,0.2835,24,,,,,3.67,0.7977,,,21.67,0.2026,False,,25,3,0
de74ab45-4840-424c-a063-6b8baaea55a7,Informal/Rural Worker,12835.51,0.5894,9,,,0.516,15.98,1.51,0.3764,,,,,False,,7,3,0
9815db66-ca57-46e4-902b-00fb4c93389b,Gig Worker,30206.92,0.339,24,,,,,2.43,0.7121,5.14,0.2033,25.9,0.1909,False,,24,4,0
8252cf8b-5849-4d85-b2a8-9f12acc05c69,Informal/Rural Worker,26507.7,0.3878,15,,,1.0,2.34,3.12,0.8168,,,,,False,,25,3,0
456d3acf-8f55-44b1-adc3-a20d12117323,First-time Borrower,29445.76,0.3106,16,,,0.6179,12.74,,,1.91,0.2483,,,True,448.0,11,3,1
dbae54d6-c1d7-4abc-a9f5-cc678a3619f1,Informal/Rural Worker,25557.85,0.3883,17,,,0.7342,4.49,2.7,0.8983,,,,,False,,27,3,0
f30eca0f-4c74-47c2-b2a1-34fa0735f16f,Informal/Rural Worker,10597.08,0.6083,12,,,0.415,18.34,1.06,0.5069,,,,,False,,11,3,1
3b35d47e-c2a9-4136-aa07-d5da65f4c3b9,First-time Borrower,39115.83,0.2365,22,,,0.6862,9.44,2.07,0.7131,,,,,True,694.0,20,3,1
3ab0a96b-899c-403c-85e8-2b766834b473,Informal/Rural Worker,16288.02,0.5325,13,,,0.6826,11.97,2.17,0.5345,,,,,False,,16,3,0
dce4c35c-b2a5-47d6-8cab-715e98603a1d,First-time Borrower,43581.4,0.2907,22,,,0.6826,10.59,1.98,0.5642,,,,,True,579.0,14,3,0
dce11fcb-7bd9-4cba-9f7d-e10767010fb2,Informal/Rural Worker,19486.68,0.4967,14,,,0.8048,5.97,2.73,0.7518,,,,,False,,18,3,0
b1b9677d-eae9-4dac-868d-fb438b8a942d,Gig Worker,39393.94,0.458,26,,,,,2.6,0.7281,6.6,0.1266,25.01,0.2389,False,,20,4,0
221f858e-bf72-420d-a41d-183798835c0b,Gig Worker,42603.11,0.2541,28,,,,,3.03,0.8569,,,24.92,0.1413,False,,26,3,0
f7b84759-dbfe-4fe7-a599-8388c80c10bd,First-time Borrower,70998.61,0.1693,25,,,0.7797,10.27,2.92,0.8713,,,,,True,687.0,25,3,0
3229e7bd-fc92-4020-8e02-2bf2ffab7e27,Gig Worker,37291.46,0.43,22,,,,,2.07,0.5713,,,17.49,0.0089,False,,19,3,0
9bbb3d3e-dcb0-45a7-8239-a07bf2b40837,Small Merchant,63054.77,0.3524,23,,,0.6489,11.96,,,5.26,0.2184,,,False,,12,3,0
1cf54059-45ce-4668-883b-259be51b65ca,First-time Borrower,44989.77,0.2859,20,,,0.6527,9.91,,,,,,,True,598.0,20,2,0
30a8d15d-324d-4564-93f7-d218686c85f4,Informal/Rural Worker,17123.31,0.517,13,,,0.5199,14.55,1.65,0.5579,,,,,False,,10,3,0
ba1b499d-587c-4942-a6aa-1a09938f13f3,Informal/Rural Worker,22774.75,0.4223,15,,,0.6921,11.33,2.7,0.7636,,,,,False,,22,3,0
8bd4040b-2828-412e-894d-5ce20ca88756,Small Merchant,77761.15,0.4029,20,148860.99,0.6045,0.5195,13.48,,,2.01,0.1716,,,False,,10,4,0
f0b7cade-48bf-478c-b609-0e90263798ee,Informal/Rural Worker,21621.28,0.5533,11,,,0.5736,10.65,2.15,0.6017,,,,,False,,20,3,0
f1d49b04-4f50-4659-bfc4-d557296395bb,First-time Borrower,48908.42,0.2669,18,,,0.547,10.71,1.77,0.6801,3.68,0.1449,,,True,609.0,19,4,1
d2fea458-a12d-46e1-a244-8cb85b5d61e8,Gig Worker,34922.5,0.3478,26,,,,,1.89,0.7489,,,20.94,0.1385,True,652.0,25,3,1
933fd9cf-3cb1-42bf-bf71-af5a8c0942ba,Informal/Rural Worker,30196.21,0.2601,20,,,0.8877,3.88,3.4,0.8091,,,,,False,,23,3,0
dd1df76b-ce6d-4257-a54d-8339024256e5,Small Merchant,123519.8,0.3863,23,287964.16,0.7414,0.6723,9.61,,,3.85,0.1518,,,False,,19,4,1
cbdb58ba-57c3-4a0c-a514-625964428694,Informal/Rural Worker,24035.65,0.5672,10,,,0.6547,11.22,1.84,0.6388,,,,,False,,18,3,1
425c9ab4-5439-424e-9b68-f7b4ec23c045,First-time Borrower,81197.09,0.177,24,,,0.8946,2.02,,,,,,,False,,27,2,0
d49efd27-d4dd-4216-acbc-aee27f4f56a8,Small Merchant,137357.02,0.361,25,285245.21,0.7915,,,2.37,0.7819,5.37,0.2114,,,False,,16,4,0
47ed13d3-7840-4989-863e-40955b2f7f4a,Informal/Rural Worker,13689.99,0.4553,13,,,0.5767,11.0,1.44,0.6346,,,,,False,,5,3,0
ff611916-8377-44b7-9d38-d12a3889ebdf,Informal/Rural Worker,13682.11,0.6053,13,,,0.5699,13.24,1.33,0.5933,,,,,False,,22,3,0
e1029917-6f22-4bfa-a778-af76ade56548,Gig Worker,28793.15,0.3928,22,,,,,1.56,0.706,,,17.91,-0.0567,True,599.0,20,3,1
68a3f843-fa06-44ad-8717-afd417fab279,Small Merchant,162363.96,0.282,25,308236.45,0.7371,0.7593,5.17,2.05,0.7103,7.69,0.1306,,,False,,25,5,0
abd69a6f-af38-45e0-9cb1-bc73245fae54,Informal/Rural Worker,18453.68,0.508,11,,,0.66,7.27,2.06,0.7166,,,,,False,,16,3,0
124f03ec-7d0d-43cd-bdd5-e8930349d902,Informal/Rural Worker,22279.73,0.4738,12,,,0.6489,12.57,2.04,0.552,,,,,False,,13,3,1
22202963-1c63-4ffa-adde-c3fbf55b5cac,First-time Borrower,35686.64,0.311,20,,,0.7357,8.27,1.7,0.6305,,,,,True,574.0,19,3,0
00316276-8864-4edc-95ec-65940d9e560f,Small Merchant,188150.85,0.27,25,382513.33,0.9188,0.7841,4.24,,,7.97,0.1677,20.26,0.0981,False,,29,5,0
8cd0ca61-bb0d-4152-b12e-51aba8cc3438,Small Merchant,192951.79,0.2983,24,,,0.8289,8.16,,,7.43,0.11,,,False,,22,3,0
14569bc6-8b5a-4a3e-b0b2-eea07056044d,Gig Worker,29947.97,0.4187,21,,,,,1.86,0.6423,,,20.16,0.1295,False,,14,3,0
0e83983f-1ea2-4cb4-aa61-3af1940bc9cc,Gig Worker,41877.42,0.4324,25,,,0.8185,5.85,2.81,0.7521,,,22.44,0.0715,False,,20,4,0
d4efff82-463a-4eea-883a-76d309bff8ea,Informal/Rural Worker,23533.6,0.4076,19,,,0.8072,0.5,,,,,,,True,731.0,20,2,0
49564202-5c90-45d0-ac2c-8c84e8d0cbb2,First-time Borrower,52581.84,0.2577,17,,,0.5681,7.15,2.13,0.6115,6.2,0.1726,16.38,-0.0601,True,597.0,18,5,1
632482ef-da93-4785-bd89-2eb02da191fb,Small Merchant,129306.12,0.3853,26,,,0.6339,9.11,,,5.62,0.154,,,False,,19,3,1
25113b1d-0fd3-43be-a1ca-c0b5d7d9ba30,First-time Borrower,51315.81,0.202,18,,,0.6802,9.98,,,,,21.32,0.0761,False,,23,3,0
1365d803-5174-4ea1-81dd-615e87773f50,First-time Borrower,60561.95,0.1405,23,,,0.8379,4.64,,,,,21.02,0.1915,True,715.0,22,3,0
9893983c-b8f9-4b8b-8eb0-7b4092830813,Small Merchant,178941.75,0.2515,28,376850.65,0.8654,0.7863,0.57,,,8.47,0.0624,,,False,,30,4,0
317b9e0a-a76c-4642-a961-fc9d2d663187,First-time Borrower,40108.08,0.2935,15,,,0.506,15.41,,,,,,,True,496.0,7,2,0
1068edbd-1690-4499-95a2-b54a6b88f0ea,Informal/Rural Worker,15524.15,0.4612,11,,,0.6262,14.15,1.89,0.6607,,,,,False,,19,3,0
05d73b96-6421-4b9e-a632-557fccaa556c,Small Merchant,114131.91,0.3307,26,145480.82,0.5708,0.5684,10.44,,,,,,,False,,17,3,0
24f83efe-965d-4363-b9fe-f4cfd2847615,Informal/Rural Worker,23423.26,0.3673,15,,,0.8691,4.1,2.65,0.8462,,,,,False,,28,3,0
ac8b2ff2-2b70-46c1-8544-07d33524c151,Small Merchant,142662.49,0.4195,27,313190.2,0.8801,0.8063,10.55,,,7.19,0.1719,,,False,,23,4,0
7f2b5da8-cbc6-48c1-9ef0-3712480c36a6,Gig Worker,43005.62,0.2944,20,,,0.7777,4.28,2.54,0.6997,,,17.91,0.062,False,,21,4,0
eaf59edb-51d6-4ed9-b628-d2c28f6dbbe4,Small Merchant,145376.56,0.239,26,314244.12,0.8029,0.7974,7.38,2.52,0.5973,7.94,0.1218,,,False,,22,5,0
58ba3b48-1d54-41b0-9458-f6440aa1e5dc,Small Merchant,201235.02,0.2857,29,409865.28,0.9487,0.9299,0.0,,,9.77,0.0497,,,False,,34,4,0
f14f3586-630e-43d3-88c7-724862468f4e,Informal/Rural Worker,14888.36,0.5265,4,,,,,1.68,0.58,,,,,False,,15,2,0
55e87af8-23ec-4ae7-a4c0-8d311fce0363,Gig Worker,24903.2,0.4905,23,,,0.6518,10.96,1.82,0.6712,3.66,0.1899,17.22,-0.0297,False,,12,5,0
67ce4327-af9d-42a2-bb62-240b1b2aa406,Small Merchant,78046.02,0.4673,19,211254.83,0.6763,0.5588,14.2,1.95,0.5693,4.08,0.2091,,,False,,22,5,1
dc9a768d-aa73-4ae5-8b2f-86bd487119b2,First-time Borrower,43287.31,0.2468,18,,,0.5404,9.2,,,3.3,0.2024,12.81,0.0033,True,550.0,15,4,0
037c1a96-2988-4c2e-a795-5135d824fc9d,Small Merchant,86855.41,0.3754,23,173327.85,0.5671,0.5936,14.53,2.45,0.6712,4.61,0.1629,,,False,,21,5,1
74c765ec-0e4b-470c-a79b-1961881e4330,First-time Borrower,57923.15,0.2478,19,,,0.749,8.95,,,,,,,False,,18,2,0
828e0b24-15e6-4b5a-b505-e9306416ca3e,Small Merchant,97905.18,0.3277,23,164348.68,0.5698,0.6456,13.64,,,2.67,0.2123,,,False,,14,4,0
a49d2e70-0c3f-49be-bc37-5c8b5025248b,First-time Borrower,55361.58,0.1586,25,,,0.7253,9.63,,,,,,,False,,23,2,0
f98bf899-12d8-4039-97ac-bf12c6ea3607,Informal/Rural Worker,26160.72,0.4134,18,,,0.7322,4.96,2.38,0.6049,,,,,False,,19,3,0
cd1f14de-6267-4be0-974d-205696f5b8c8,Small Merchant,77922.94,0.375,20,139692.12,0.5688,,,1.77,0.5411,,,,,False,,10,3,1
f2d46742-1bf5-444e-9873-04b0eede66ed,Small Merchant,97990.15,0.4395,22,207037.27,0.6589,0.6705,12.49,,,2.66,0.1913,,,True,543.0,14,4,0
2553129d-3603-4cf5-b07e-29fe0c579207,Informal/Rural Worker,12933.0,0.5339,11,,,0.5342,12.64,1.37,0.6252,,,,,False,,14,3,0
04e90c69-1c29-4678-9b57-e92e8ac39c36,First-time Borrower,86766.31,0.0853,29,,,0.9214,0.0,,,7.3,0.1474,,,False,,29,3,0
001a07f9-7f67-4e2d-a973-657bb7c0477b,Informal/Rural Worker,18541.2,0.5795,12,,,0.64,9.42,2.46,0.6111,,,,,False,,12,3,0
bfc959a9-c7c6-478c-ae29-d50a1f096a73,Informal/Rural Worker,22541.1,0.4677,15,,,0.789,8.03,2.8,0.6754,,,,,True,722.0,19,3,0
769ffc55-8528-4120-87c4-bafcfba5538a,Small Merchant,80927.02,0.4202,19,123498.08,0.5787,0.5089,17.7,,,4.13,0.2299,,,False,,9,4,1
d477e1f6-7227-4dea-8058-f1fb6be9a73c,First-time Borrower,48381.22,0.2178,20,,,0.7176,11.14,,,,,,,True,571.0,18,2,0
a223edd2-d1f1-420a-8455-21801cdf60de,Small Merchant,177126.9,0.157,28,,,0.9751,6.09,,,8.38,0.1362,25.73,0.1095,True,739.0,28,4,0
65db6f92-0351-4333-998d-29136c925e75,Informal/Rural Worker,17671.11,0.6845,11,,,0.6699,11.97,2.05,0.5454,,,,,False,,12,3,1
330d14cb-7664-40eb-ab1f-c3bf4fe84071,Gig Worker,42696.98,0.4467,25,,,,,3.06,0.9331,,,22.35,0.032,False,,23,3,0
acf852b5-2bce-41c8-93da-ef6110c78043,Informal/Rural Worker,16904.45,0.5066,10,,,0.679,13.01,1.88,0.6307,,,,,False,,18,3,0
9dad0e44-d9ce-49be-9ed3-56cfde52c131,Gig Worker,29482.32,0.2834,24,,,,,2.01,0.7195,7.2,0.1868,22.81,-0.0136,False,,12,4,0
5d4a7bf9-90be-4804-b071-696c41c3947b,Informal/Rural Worker,22101.18,0.3414,18,,,0.7377,11.44,2.25,0.7139,,,,,False,,25,3,0
783a360e-5700-47b9-b30a-96e644f2d13c,Informal/Rural Worker,19956.47,0.4885,15,,,0.8071,13.06,1.88,0.5751,,,,,False,,13,3,0
13607fb0-7ac3-45f3-a350-e2ab84c0a573,First-time Borrower,38836.41,0.2625,13,,,0.7098,9.21,,,,,,,True,665.0,18,2,0
c7e2baf1-172c-4b66-9ca7-a5ab549223c5,Small Merchant,167008.55,0.3057,25,344052.26,0.915,0.7225,6.14,,,8.15,0.1338,,,True,746.0,22,4,0
201a159e-710d-4f50-99d4-c9b5bd35504f,Informal/Rural Worker,25894.09,0.4213,19,,,0.9079,2.53,3.18,0.8918,,,,,False,,28,3,0
59c2e37b-613f-4d8b-9dec-7749925660c4,First-time Borrower,72589.36,0.0627,28,,,0.8135,2.63,,,,,,,True,771.0,27,2,0
8d287540-d317-4329-b633-ebb911d54ee1,Small Merchant,109602.63,0.4426,21,236813.39,0.7014,0.7845,8.36,,,4.58,0.1635,,,False,,16,4,1
f3a01b3e-f538-4484-b437-60eedf3cb45e,Gig Worker,41291.68,0.3201,25,,,,,2.81,0.7386,,,22.11,0.0986,False,,18,3,0
c2ef2a67-bf52-45b2-ad90-31a2fab57220,First-time Borrower,35512.62,0.1867,18,,,0.5718,15.28,,,,,15.07,-0.0128,False,,13,3,0
b4e6f40a-c95a-495d-a4b5-ed72cabbed9c,Small Merchant,183062.93,0.2464,25,376142.41,0.8899,0.9164,2.42,,,9.05,0.1239,,,False,,22,4,0
d9a14966-e96e-4921-a244-31c12a78926e,Informal/Rural Worker,16208.72,0.3225,10,,,0.5903,12.35,2.1,0.6242,,,,,False,,17,3,0
7bff2f0e-1ca6-4498-8191-00679b142489,Gig Worker,37696.08,0.3625,25,,,,,2.66,0.7266,,,19.47,0.2163,False,,22,3,0
21a5aedb-91ea-4930-9abb-22ab8114581e,Small Merchant,125922.26,0.3864,23,155716.58,0.7441,0.6182,10.71,,,4.03,0.1918,,,False,,15,4,1
575205c7-1fdf-455d-8e7d-65c375c87f0a,Gig Worker,27607.82,0.297,20,,,,,,,,,15.91,0.0387,True,541.0,14,2,0
964975a9-8bbb-4d40-9607-2c6430a0db3b,Small Merchant,69264.02,0.4905,18,205914.66,0.654,0.722,15.48,,,2.42,0.2054,,,False,,12,4,0
1aa33e66-21e9-44ca-ab45-1a0d27bb289a,First-time Borrower,69542.18,0.1543,23,,,0.7872,5.21,,,,,,,True,734.0,20,2,0
4878eb31-ba37-4c65-b1d3-de8e969db918,First-time Borrower,33439.44,0.2705,16,,,0.6387,15.94,,,3.08,0.1992,,,False,,12,3,1
a1ec23e5-04b5-4cae-b103-bb9ce9bd1bee,Informal/Rural Worker,28056.86,0.4586,16,,,0.734,3.67,2.44,0.7597,,,,,False,,25,3,0
f3911563-f3b0-4b23-bba4-f9d4954c81a2,Small Merchant,138120.77,0.3216,26,351238.63,0.7321,0.8968,2.68,,,,,,,True,685.0,25,3,0
d095e272-97fd-4f15-8096-8742120d4d95,Small Merchant,152373.5,0.2148,24,290051.66,0.8224,0.7976,7.67,2.41,0.7727,5.77,0.1608,,,False,,24,5,0
59a77f14-3146-4d8c-a3e5-1bd4c7860c73,Small Merchant,176730.53,0.2394,27,399430.91,0.8736,0.875,4.67,,,9.61,0.1164,25.29,0.2023,False,,26,5,0
74b3b09d-535c-4b37-95a6-b094d597c72e,Gig Worker,51583.45,0.3399,24,,,,,3.45,0.8341,,,24.13,0.1579,False,,25,3,0
d0d67db8-378e-4a88-9bec-e39a5cfe0752,Small Merchant,54928.65,0.4856,21,153227.93,0.4672,0.5817,16.42,,,1.58,0.217,13.63,-0.0937,True,526.0,12,5,1
c71dbc59-dcbc-4ca8-9cd0-199ec4e512b1,Gig Worker,33162.13,0.3832,22,,,,,2.92,0.6543,,,21.27,0.1126,False,,22,3,0
c4cbd923-0422-4c30-bc19-d24b7c861863,Small Merchant,167036.04,0.2075,25,336228.18,0.8251,0.8144,6.03,,,8.84,0.0939,,,True,707.0,27,4,0
cc608d89-698f-4685-92bf-b31179c90709,Informal/Rural Worker,17530.81,0.444,14,,,0.672,8.68,,,,,,,False,,14,2,1
556860d2-43a6-4894-8876-6d0b863766da,Small Merchant,110634.05,0.3549,24,257012.89,0.6949,0.6843,10.91,2.72,0.6866,4.16,0.1471,18.52,0.0089,False,,22,6,0
2467535f-c5d1-48a9-853b-5374a92a2d31,Small Merchant,132390.9,0.3462,24,295328.41,0.7535,,,,,6.34,0.1727,,,False,,19,3,0
85cd42ae-c61a-435d-9f85-a527d07ef838,First-time Borrower,57469.17,0.2385,18,,,0.6129,9.91,2.27,0.5868,4.87,0.1915,,,True,646.0,19,4,0
e12c45d2-456c-4185-979c-156d453005c8,Informal/Rural Worker,19541.84,0.4926,8,,,,,2.29,0.5909,,,,,False,,11,2,0
635d4b40-8f2c-4d26-b888-2c193a55181a,Small Merchant,58129.76,0.4972,22,154345.03,0.5946,0.5846,14.95,1.82,0.4516,1.83,0.1929,,,False,,17,5,0
1d53e1ec-7629-46e6-af2e-44675915e978,Gig Worker,48818.54,0.2527,27,,,,,3.28,0.8254,,,25.83,0.1672,False,,27,3,0
72209f61-36fa-4a8c-a275-242e5fc1d0a8,Gig Worker,26961.72,0.3629,21,,,,,2.71,0.5871,,,18.59,0.0058,False,,17,3,0
ff629f81-ee55-45e9-a7e6-e3511ffbe0c2,Informal/Rural Worker,18103.1,0.5043,15,,,0.7581,7.4,2.2,0.7108,,,,,False,,24,3,0
bbf0792a-68d5-4d17-9a19-bcc00fe665e3,Informal/Rural Worker,16591.33,0.5084,14,,,0.5688,10.41,1.93,0.6501,,,,,False,,17,3,0
f1bdf4e5-0b41-490f-b8f4-2f5a9cdc2579,Gig Worker,37776.85,0.3164,24,,,,,2.88,0.7043,,,20.47,0.0342,False,,19,3,0
d3be5749-8e6f-4c4c-ad2c-965f396c5606,First-time Borrower,52310.51,0.1725,17,,,0.6284,10.13,,,,,,,True,640.0,20,2,0
50f9c1ec-ef40-454d-8036-6795ac3723ca,Small Merchant,34586.87,0.4744,17,88534.35,0.4535,0.4631,18.23,,,2.42,0.2374,,,True,444.0,8,4,0
0932792a-2f88-4534-878d-eaa14b196cfe,Informal/Rural Worker,19493.03,0.5656,15,,,0.6756,10.4,,,,,,,False,,21,2,0
ebcab866-9107-47e9-b1e9-74046557a7bc,Informal/Rural Worker,19176.35,0.4647,17,,,0.7879,4.52,2.29,0.7058,,,,,False,,26,3,0
46564df8-ce06-4dbe-a4d4-691d5686de02,First-time Borrower,74140.65,0.1567,27,,,0.7981,5.86,2.72,0.8861,,,,,False,,29,3,0
c1e9da69-ea61-428f-a0ff-5aa846d793ed,First-time Borrower,68509.96,0.1922,26,,,0.745,1.25,2.57,0.8856,7.48,0.1281,23.78,0.1741,True,741.0,21,5,0
80a00596-a836-4344-bb72-1401e7b5aaee,Gig Worker,30566.01,0.4679,21,,,0.6356,12.07,1.85,0.5752,,,18.88,0.0806,False,,15,4,0
bf619e9b-5b62-49ad-8976-2eba1173d4cc,Informal/Rural Worker,21058.69,0.4232,16,,,0.7204,6.88,2.66,0.636,,,,,False,,17,3,0
28306dd9-2088-41de-bfe2-162f78eed64b,Small Merchant,91447.18,0.4471,23,182794.56,0.5366,0.5423,9.16,,,4.45,0.2033,,,False,,8,4,1
cfd26809-9df6-471f-90e2-c2f142b24e6c,Small Merchant,96822.44,0.4337,26,216113.97,0.623,0.6234,10.42,1.1,0.6163,5.4,0.2337,,,False,,17,5,0
6e9830ae-49bc-4890-9978-787459669329,Gig Worker,42517.4,0.2865,23,,,0.7275,7.88,2.31,0.758,,,19.99,0.0933,False,,16,4,1
b5ed9cb9-5bf1-40c0-a069-3628fcfe3952,Gig Worker,47382.76,0.3,25,,,,,2.61,0.7129,,,23.06,0.2054,False,,23,3,0
d19359f5-7c9c-44da-878e-7ca7a4439bf5,Informal/Rural Worker,23941.92,0.5137,19,,,0.8092,4.41,2.86,0.7206,,,,,False,,21,3,0
f2f17fe0-ac6d-479d-8d70-848e09d319a6,Gig Worker,44509.61,0.2486,26,,,,,2.57,0.7326,,,28.51,0.1031,False,,30,3,0
f58901cd-11f2-41f5-9780-e2537738d64c,Gig Worker,38050.87,0.3463,24,,,,,2.61,0.7281,,,21.43,0.0561,True,651.0,28,3,0
b8451122-d150-4702-99fd-935ad31fe53f,Gig Worker,32546.67,0.4157,21,,,0.5384,10.27,2.39,0.5425,,,21.33,-0.0342,False,,17,4,0
07da9ce5-4970-4d7c-9720-b6b29cff2835,First-time Borrower,53798.89,0.1358,20,,,0.6435,9.51,2.41,0.6513,,,,,False,,15,3,0
7d3fcc74-e5b6-49cf-87d7-363c7ec3bf64,Gig Worker,29900.23,0.3684,18,,,,,1.64,0.6787,,,14.85,0.0293,False,,17,3,0
7a741999-f306-4c33-9481-c8970b93599d,Informal/Rural Worker,29418.21,0.1991,20,,,0.9206,0.0,3.31,0.9015,,,,,False,,28,3,0
0e64ea87-e5b3-4e2a-88b4-e0bc716274d6,First-time Borrower,51814.55,0.2498,19,,,0.6924,13.03,2.15,0.7092,,,,,True,587.0,22,3,0
ef02293e-2cb2-431c-9c30-d08230cb9c2c,Informal/Rural Worker,30781.57,0.3713,18,,,0.8789,2.34,2.88,0.7536,,,,,False,,26,3,0
9bb4f34e-3320-45a8-943c-a2343436d45d,Informal/Rural Worker,23472.05,0.426,18,,,0.8502,2.94,2.81,0.7395,,,,,False,,21,3,0
fb293155-3146-40b7-8afc-8dcd55e437df,Small Merchant,138473.54,0.2126,24,318448.31,0.7351,0.7417,10.2,,,7.28,0.2001,,,False,,23,4,0
e0bd271d-5466-4bc5-8df0-8546e45204e5,Informal/Rural Worker,15569.51,0.5869,10,,,0.6413,11.88,1.81,0.5734,,,,,False,,15,3,0
c5547488-e7e1-41eb-90db-a56653b81452,Informal/Rural Worker,21955.26,0.4417,12,,,0.6069,9.75,1.85,0.7076,,,,,False,,19,3,1
cc8ae2d3-d259-495b-b060-7cc7ee9b210d,Small Merchant,95839.62,0.4268,23,247255.96,0.6468,0.7085,15.91,,,5.16,0.2354,,,False,,17,4,0
18188cad-1d29-41e8-9bc7-51488d5963fc,First-time Borrower,47558.15,0.3855,15,,,0.6479,15.82,1.91,0.4926,,,,,True,520.0,11,3,0
19996e05-a744-4520-9315-5c50a5eb4750,Gig Worker,35394.09,0.3834,20,,,,,2.35,0.5789,5.08,0.1255,20.83,0.1054,False,,16,4,0
e44bd899-64ea-47de-8e76-f8193b75a9bf,Gig Worker,43941.5,0.3672,20,,,,,3.46,0.897,,,22.71,0.0782,False,,22,3,0
3949d6d2-f2b3-4f94-9b97-91fc63d1ba18,Small Merchant,128517.03,0.3792,25,264458.64,0.7874,0.6664,5.82,,,7.47,0.0981,,,False,,24,4,0
0ac7d0bc-302b-496a-8b0c-246a4b0aa399,Gig Worker,12833.76,0.5101,17,,,,,0.95,0.3903,,,12.49,-0.0377,False,,7,3,0
0d8116cc-1869-4e7b-9fe3-c845b3c32544,Gig Worker,35983.78,0.3425,19,,,,,2.25,0.6731,,,20.13,0.033,False,,22,3,0
6f8e40f4-21c9-446a-b619-da5dd91fd390,Gig Worker,46942.55,0.3695,26,,,,,2.7,0.7693,7.3,0.1399,28.09,0.0802,True,715.0,27,4,1
b3dd9cb0-99ee-4209-a3b0-d704bb1bcb92,Informal/Rural Worker,15192.69,0.6016,11,,,0.5231,15.8,1.47,0.4749,,,,,False,,12,3,0
ffc976a1-936a-407d-8684-c84bceb37ac8,First-time Borrower,49337.28,0.2097,19,,,0.7371,5.8,,,,,,,True,677.0,17,2,0
35e5241a-465f-40a3-85a1-fc6ee034e15d,Small Merchant,160288.82,0.2697,26,272531.23,0.8139,0.8245,9.29,,,7.5,0.1442,22.23,-0.0071,False,,24,5,0
c944191b-626a-49ab-9641-602faa6b4a8a,Informal/Rural Worker,16222.39,0.4556,15,,,0.6608,11.81,1.49,0.6025,,,,,False,,18,3,0
c3a527e5-b769-45bd-8c50-3e103d0a77fb,First-time Borrower,49981.58,0.2188,21,,,0.6846,11.62,2.39,0.6533,7.2,0.2279,,,True,612.0,18,4,0
55b8ff9f-27f0-4cd4-a305-6f0f79ca28ea,First-time Borrower,67372.3,0.222,20,,,0.8318,6.52,2.75,0.7926,,,24.02,0.0351,True,728.0,23,4,0
571dd2b7-ad76-4ae2-9a07-57faed7f76d7,Informal/Rural Worker,29806.33,0.4716,18,,,0.8143,5.15,3.24,0.931,,,,,False,,30,3,0
3aabf56d-6e5d-47d6-89bf-d8f7c9c067e8,First-time Borrower,56800.43,0.1853,19,,,0.6755,11.28,2.44,0.8166,,,,,False,,23,3,0
e58b38a4-0872-48f5-819c-70985e22d271,Small Merchant,77781.22,0.4279,20,184322.28,0.517,0.5266,12.89,,,3.66,0.2025,,,True,519.0,15,4,1
aca7d12b-f896-4e77-9bc9-cdf33f1f721e,Informal/Rural Worker,7850.66,0.5772,13,,,0.6097,11.69,1.37,0.6177,,,,,False,,14,3,0
667d8edc-18be-4da4-93ce-ba21fb46d539,Small Merchant,90309.64,0.4479,22,173448.87,0.6728,0.6917,7.27,,,3.86,0.1847,,,False,,12,4,1
dfd15407-1f02-42bd-a9e2-ea5bdd87982f,Gig Worker,31318.05,0.3804,19,,,0.5914,12.43,1.7,0.6044,4.39,0.1516,17.92,0.0237,True,595.0,16,5,0
c85dd028-263b-4981-a91e-0e56147bb5e7,First-time Borrower,66648.05,0.166,21,,,0.8363,5.06,3.36,0.8507,,,,,True,719.0,28,3,0
dbca5df5-b288-4233-99a8-a5dcaf93750f,Informal/Rural Worker,24119.92,0.3252,14,,,0.7961,7.5,2.55,0.8195,,,,,False,,25,3,1
36c4ab70-8583-4b93-85da-9c4655403ba6,Informal/Rural Worker,21043.43,0.3719,10,,,0.5789,11.56,,,,,,,False,,14,2,0
ba2feb93-cfbd-44ef-b7d1-ffef1df41cd1,Informal/Rural Worker,21983.73,0.3203,17,,,,,2.74,0.8063,,,,,False,,21,2,0
3f3068ca-bfa9-4a56-9812-25dece36ad5c,First-time Borrower,53282.75,0.2075,21,,,0.6676,8.75,,,,,,,True,641.0,25,2,0
8333d8c2-a4f0-457c-b079-ef8054483ecf,First-time Borrower,41465.95,0.2456,15,,,0.6706,8.64,2.25,0.5,,,,,True,551.0,11,3,1
32d73924-8791-46d9-be6c-90d140e0a778,Informal/Rural Worker,15477.95,0.5777,12,,,0.6041,10.39,2.47,0.639,,,,,False,,14,3,0
faf2a5a6-0163-4743-b329-cec51ddb7c1e,Informal/Rural Worker,20206.07,0.5008,15,,,,,2.0,0.656,,,,,False,,16,2,0
9f10e8bb-63aa-4fad-b539-013fd4a096d0,First-time Borrower,91487.82,0.1267,27,,,0.9124,0.0,3.56,0.9318,,,,,True,807.0,31,3,0
28912149-981d-4b8a-bd89-3bdbfc5d320f,Informal/Rural Worker,18821.5,0.6143,14,,,0.6784,11.77,2.34,0.5722,,,,,False,,14,3,0
862c4368-751d-46a0-a454-7f2d59907d83,Gig Worker,30700.67,0.429,24,,,,,1.61,0.5602,5.82,0.1527,21.7,0.0008,False,,20,4,0
f5a588a4-06e9-48df-9183-5e4c5251f7d4,Gig Worker,38794.43,0.4642,22,,,0.7234,8.22,2.58,0.6341,,,22.11,-0.0055,False,,14,4,0
ad8e86a4-0062-4c82-ac67-0e97950f04fd,Small Merchant,170574.54,0.3139,26,248773.47,0.7746,0.8361,6.39,,,,,22.2,0.0304,False,,22,4,0
9a5fc3a9-761c-446e-b5ad-51fe136d30b1,Gig Worker,27118.46,0.4156,17,,,0.5924,17.24,1.39,0.5745,3.12,0.2439,14.1,-0.0838,False,,3,5,0
99befd46-f005-4a9c-8b4f-c3f9a24af8b2,First-time Borrower,44199.66,0.2139,15,,,0.6807,11.58,2.32,0.6854,6.28,0.1688,,,True,608.0,16,4,0
824772c3-6110-4aa9-bb74-fbda7c4ed014,Small Merchant,138628.79,0.3014,23,299705.0,0.7743,,,,,6.39,0.1689,,,False,,25,3,1
d46c70cd-6ba2-47e6-acda-e0051e74c4c9,Gig Worker,24952.61,0.4217,21,,,,,1.79,0.6931,,,14.96,0.0263,False,,14,3,0
0ac4f180-0d8f-4362-b873-131bdafc8851,Gig Worker,29109.86,0.4688,20,,,,,1.37,0.529,,,17.2,-0.0617,False,,16,3,1
d91d69ac-29e9-4383-94d6-440fe109644e,Gig Worker,40872.86,0.3607,25,,,,,2.5,0.8455,9.09,0.1097,21.55,-0.0252,False,,24,4,0
3cb27f08-8c74-455d-987c-1fe8271307c2,Small Merchant,149682.6,0.1832,27,377459.07,0.8807,0.8805,5.6,,,5.59,0.0968,,,False,,28,4,0
ca49c4ea-5cc8-4f2a-8e6f-af9f1464224d,First-time Borrower,69193.85,0.1465,23,,,0.7542,4.87,,,,,,,True,683.0,22,2,0
efc5bd75-54fd-4af7-a931-18d48a8d62b2,First-time Borrower,69122.44,0.2462,16,,,0.6894,16.62,,,5.06,0.148,20.7,-0.0276,True,629.0,17,4,0
a02cd7f6-6097-447f-8d0b-e60df4888de9,Small Merchant,145509.89,0.244,21,328995.24,0.7683,0.6976,6.34,,,7.04,0.0854,,,False,,21,4,0
07c2801a-32c9-4c44-98d9-b3e72e2215e3,Small Merchant,156445.93,0.382,26,339607.21,0.8441,0.7702,2.79,,,7.7,0.1826,,,False,,26,4,0
720d7219-a969-47db-9ece-d3b6e88b931b,Informal/Rural Worker,16504.98,0.6683,7,,,0.5354,12.52,1.65,0.4899,,,,,False,,12,3,1
5fdab28d-3f8b-4643-aef4-8985cf425c2f,Small Merchant,122438.87,0.387,25,283286.49,0.6969,0.6712,8.48,,,6.22,0.2062,,,False,,18,4,0
5f12ff18-8373-4fa6-9098-8cba1b95f030,Gig Worker,22283.54,0.3242,23,,,,,1.71,0.638,,,20.12,0.0206,False,,18,3,1
5c5b1d9a-c75a-4b7d-9497-c8edaff8d790,First-time Borrower,58183.93,0.1573,18,,,0.7283,6.69,,,6.39,0.0865,,,True,705.0,23,3,0
d257227b-75d2-4f02-b11a-94e971bc58a9,Gig Worker,52833.41,0.2513,28,,,,,2.94,0.913,,,22.5,0.1333,False,,30,3,0
80a5132f-6fa9-4401-9e30-3234d4bff480,Gig Worker,36314.56,0.3623,23,,,,,2.16,0.6297,,,17.01,-0.0512,False,,20,3,0
c340f0f2-7277-479e-9009-711931873c31,First-time Borrower,68471.34,0.1416,20,,,0.8978,3.6,2.56,0.8445,,,,,False,,26,3,0
3cd98d3c-9b06-4513-80b7-2f24a5cf6c17,Informal/Rural Worker,21677.24,0.4913,12,,,0.6034,10.94,1.87,0.6434,,,,,False,,22,3,0
24e8b0b5-38fe-4cae-b1d7-bdc779fbd02e,Gig Worker,38207.53,0.4603,23,,,0.6859,5.84,,,,,19.37,0.0836,False,,20,3,0
8f17c7e6-fc29-475f-bb12-9525812c6528,Small Merchant,113071.63,0.339,24,307588.16,0.7356,0.6673,12.66,,,7.76,0.1534,,,False,,18,4,0
9d715d52-a373-4e16-97b7-3351a8a22da9,Small Merchant,77134.23,0.4521,22,121739.01,0.7003,0.5274,14.12,1.61,0.5225,4.77,0.1767,,,False,,12,5,0
2a7935f9-56d6-4d01-ab73-39956e890c3c,Gig Worker,36256.28,0.4019,21,,,,,1.64,0.6151,,,18.67,-0.0102,False,,19,3,0
f3466656-fa64-4aa4-bdfa-794cbed94170,Gig Worker,29676.02,0.4843,21,,,,,1.81,0.5507,,,16.86,-0.0517,True,591.0,11,3,0
f9f6aa51-acf6-485c-9280-51b62276dd4a,Small Merchant,135235.81,0.4,23,349827.86,0.7318,0.6803,6.82,,,4.96,0.0629,,,True,697.0,19,4,0
67ce9d8c-897f-43ca-8cf0-a49f97e580c2,Gig Worker,41727.05,0.2945,24,,,0.7753,1.85,2.91,0.8365,,,22.64,0.0545,False,,20,4,0
ea047378-b511-4677-8db6-b8069e1069b4,Informal/Rural Worker,19933.31,0.5261,10,,,,,,,,,,,False,,18,1,1
b24de6af-01e9-4282-ab5e-60b95f0690a8,Gig Worker,36151.76,0.3242,23,,,,,2.2,0.7198,,,16.91,0.0099,False,,21,3,0
c8c7242e-34f3-4d39-a852-3da6bafa1319,Small Merchant,165442.63,0.2828,27,356686.2,0.858,0.7177,6.38,,,6.91,0.1153,,,False,,24,4,0
22eea6e0-e2f7-4d59-b80a-4f9ade729d85,First-time Borrower,61248.62,0.2343,21,,,0.6631,6.75,,,,,,,False,,20,2,0
937f25ab-d2f8-4a5b-90e2-61b36118592c,First-time Borrower,70223.26,0.0514,22,,,0.8768,6.28,,,9.33,0.1258,,,True,683.0,21,3,0
0ba10753-a63f-410a-a0e4-7f274563300e,First-time Borrower,52513.9,0.3165,18,,,,,,,6.18,0.1775,,,True,641.0,21,2,0
baaeff78-58c5-4412-bffd-563bd82dc07b,Small Merchant,124497.03,0.2705,23,327699.27,0.775,0.6104,3.34,,,7.26,0.136,,,False,,27,4,0
f7ccdeaf-fbb0-4506-8a40-05b74f55ea84,First-time Borrower,65681.79,0.1931,22,,,0.7663,5.97,2.05,0.5968,6.01,0.1213,,,True,632.0,22,4,0
6d3c1802-7098-4418-9d88-46f4cae42e73,Informal/Rural Worker,18843.19,0.4908,14,,,0.4969,14.3,1.76,0.6469,,,,,False,,17,3,0
14e9ccec-eacc-4383-98bf-c62145fd92ba,Small Merchant,102033.47,0.3944,21,,,0.6341,13.97,1.8,0.5471,2.51,0.2277,,,False,,10,4,1
3abe507a-1ba4-4160-b187-82357e33a571,First-time Borrower,59378.99,0.218,16,,,,,2.06,0.6928,7.31,0.1418,,,True,601.0,23,3,0
2052c3f6-4630-4d37-8784-e7909b8d6708,Gig Worker,32637.74,0.3337,21,,,0.6431,6.6,2.24,0.7273,5.39,0.2441,14.7,0.0533,False,,16,5,0
c2a53db3-0a11-45e4-bab3-56fa4657a6cf,First-time Borrower,45336.19,0.2541,13,,,0.6376,8.54,,,,,,,True,570.0,19,2,0
29ce49ac-73bc-4a95-8a1d-ebdeede58202,Informal/Rural Worker,27635.68,0.398,17,,,0.8422,5.93,3.36,0.7806,,,,,False,,25,3,0
56d1943d-f3d4-440b-bd65-b93a7e011b39,Gig Worker,45037.63,0.247,26,,,0.8501,6.16,2.53,0.7469,,,21.21,0.1074,False,,24,4,0
4042f270-dfaf-4cb0-bb77-a8e1609e6299,Gig Worker,39181.1,0.2422,24,,,0.8117,4.94,,,,,19.7,0.0377,False,,25,3,0
4cc8030a-0fe4-4619-8786-fe706d26ee9c,Gig Worker,17177.49,0.4289,14,,,,,0.85,0.5244,,,16.49,-0.1713,False,,12,3,0
5a2a2dd3-7438-485f-bc88-6d2dd1e44024,Small Merchant,147703.21,0.316,24,273361.65,0.7876,0.8895,5.14,,,6.32,0.1365,,,True,640.0,22,4,0
b62ea09d-5ece-4fff-a308-e9116e4f5c02,Gig Worker,28646.56,0.3963,21,,,,,1.65,0.606,3.41,0.2057,20.39,0.0048,False,,16,4,0
6ab6a702-34c7-4f8b-9694-a3515d2328d3,First-time Borrower,59127.26,0.2019,20,,,0.8155,10.18,2.16,0.7961,,,,,True,644.0,14,3,0
3ba63ece-00b0-4e80-a100-950ab32afc91,Small Merchant,74773.77,0.4195,20,133500.43,0.5126,0.6198,14.51,,,3.52,0.232,,,False,,10,4,0
be7b635d-5092-4dd6-8889-87bafd5759f5,Informal/Rural Worker,11591.21,0.4108,9,,,0.5976,10.5,2.3,0.5854,,,,,False,,11,3,0
ba897f5e-f03d-4152-b611-937af06b3dd3,First-time Borrower,59975.72,0.2444,21,,,0.6844,9.28,2.68,0.6354,,,,,True,627.0,23,3,0
c0e41680-109b-4056-b26c-70e8f3c23064,First-time Borrower,52819.04,0.1568,20,,,0.7245,12.21,,,,,,,True,675.0,19,2,0
bc6f3ae0-e4ca-42a3-80bf-4910d4c62f7e,Informal/Rural Worker,18688.84,0.4497,14,,,0.6984,10.98,2.3,0.7329,,,,,True,553.0,14,3,1
f3b234b1-09a4-41ea-99c4-fc8aa8c9be03,Gig Worker,44971.08,0.2678,24,,,,,3.38,0.7217,,,24.01,0.1165,False,,25,3,0
02d3c15a-5e4b-48f7-a4a1-177e9fb07162,Gig Worker,31263.05,0.3052,22,,,,,,,,,17.59,-0.0332,False,,23,2,0
dced3ae1-d69e-476a-9421-e7c5d4cd4e05,First-time Borrower,61656.39,0.1693,21,,,0.7116,8.94,,,5.82,0.1567,,,False,,22,3,0
9f346d91-8e98-4a06-a55d-f42cabc9748b,Informal/Rural Worker,19673.32,0.5712,9,,,0.586,8.11,1.58,0.5141,,,,,False,,10,3,0
5448609e-f0c1-4e1e-bf81-7e7f7e170568,Small Merchant,113865.32,0.34,24,292071.66,0.7988,0.7713,10.82,2.69,0.7348,6.34,0.1887,,,False,,22,5,0
53e36672-e6ce-4ccf-a1d5-9ef18cea2713,First-time Borrower,57401.34,0.2113,20,,,0.693,7.29,,,5.99,0.1205,,,True,683.0,19,3,0
d2061dfe-ecd1-4c0d-8149-8cf393b1a49d,Informal/Rural Worker,23285.81,0.5173,15,,,0.7369,9.04,2.19,0.662,,,,,False,,18,3,0
c9ef26bd-2f16-4b3e-8261-4f991d9fa697,Gig Worker,36386.32,0.3418,24,,,0.766,4.09,2.47,0.7303,,,22.64,0.0546,False,,21,4,0
ad61c651-de4a-4480-a870-7af248da891b,Informal/Rural Worker,25518.28,0.3572,17,,,0.787,5.88,2.45,0.7329,,,,,False,,19,3,0
7c87a374-7ae8-4956-a007-9e332b61937a,Gig Worker,38309.13,0.3339,22,,,,,1.77,0.5677,,,17.8,0.1138,False,,20,3,0
857b591c-117e-4b1f-b1f8-f5d5fc809f51,First-time Borrower,72788.33,0.1018,23,,,0.6811,3.04,,,,,,,False,,22,2,0
239a0254-4000-41a9-8b20-27c4dd7b91dd,Informal/Rural Worker,19779.79,0.4866,13,,,0.642,14.28,2.23,0.6108,,,,,False,,17,3,0
52be9ca0-8d69-4c43-8ff1-9448bc2d0cb5,Small Merchant,74441.26,0.3189,21,132730.92,0.694,0.6435,12.93,,,,,,,True,543.0,10,3,1
7677c5d9-73b1-44eb-98b6-49d8dfa979a0,First-time Borrower,50840.0,0.1684,22,,,0.6617,6.94,,,6.68,0.165,,,True,681.0,14,3,0
9f9bfc2b-96b1-4f6a-bcc5-2a1fb41f6870,First-time Borrower,66114.06,0.09,23,,,0.7836,3.85,,,,,,,False,,29,2,0
f50abb99-f453-4cac-a8a3-c03b4d332eb2,Small Merchant,81334.26,0.4183,22,156969.4,0.739,0.5358,14.59,,,3.43,0.1997,,,False,,16,4,1
4a430a55-6738-4db2-b3a0-ccef1c21144a,Small Merchant,176777.97,0.209,25,336928.13,0.9612,0.7588,2.54,,,9.31,0.1064,,,False,,25,4,0
0027f12c-050b-47f7-8638-7278cb783f3b,Small Merchant,96054.36,0.2804,24,194757.84,0.6231,0.6451,12.71,,,5.18,0.2396,,,True,592.0,11,4,1
2cd67e4b-cd24-4577-b5fb-1159de06b1e7,Gig Worker,31618.77,0.3304,23,,,,,2.72,0.6978,5.62,0.1931,15.21,0.1414,False,,17,4,0
6a5abe5e-a6b2-4978-ab25-8f42ec79b6b4,Gig Worker,22248.34,0.3618,19,,,0.5912,10.09,1.91,0.661,6.29,0.2568,16.56,-0.0157,True,600.0,10,5,1
272e74c3-210b-4a90-aec9-d6cfae744146,Small Merchant,160504.65,0.2715,26,309591.91,0.7076,,,,,7.12,0.1397,,,False,,26,3,0
cecd1d8a-1e0b-46ba-8ac0-38e68f55c153,Informal/Rural Worker,26305.43,0.3666,18,,,0.7916,6.46,2.87,0.6937,,,,,False,,23,3,1
e18cfb22-8f85-47c8-814b-b0817bf1460e,Informal/Rural Worker,16638.61,0.5282,16,,,0.6791,8.92,2.07,0.664,,,,,True,670.0,18,3,0
aaf613d4-e139-427f-872f-f49e1a7fe75b,Small Merchant,149951.88,0.1848,28,316391.07,0.8777,0.8189,2.37,3.31,0.8972,8.64,0.0639,,,False,,24,5,0
c62c29fc-b26e-456e-90af-8298c5ea3789,Gig Worker,44915.22,0.2809,22,,,,,2.69,0.8252,,,22.5,0.1268,False,,26,3,0
4d70c4f5-4d24-439c-bdcf-4419735567db,Informal/Rural Worker,22786.86,0.3733,17,,,,,2.6,0.675,,,,,False,,21,2,0
3e76e90a-2b51-4486-9c81-445bd3164b7b,Gig Worker,31497.83,0.4321,20,,,0.5113,10.05,2.2,0.7246,,,21.32,0.1034,False,,16,4,1
8d9f61d7-ef2d-421b-a92f-ee0cccbedce6,Informal/Rural Worker,23864.14,0.5115,15,,,0.7187,5.14,2.24,0.6022,,,,,False,,17,3,0
94759640-b412-4671-912b-2afc30faa7b9,Gig Worker,34830.74,0.3505,21,,,0.587,12.18,2.09,0.5286,,,18.34,-0.0154,False,,17,4,0
274a16a4-c027-4101-b9d3-a264ada21985,Gig Worker,33527.08,0.42,21,,,,,1.8,0.607,,,18.0,0.0237,False,,11,3,0
85beee13-9a48-48a5-9a8b-57c10812255e,First-time Borrower,33711.64,0.2489,16,,,0.5884,11.82,1.86,0.5366,,,,,True,573.0,13,3,0
61dbe0ec-8dc4-41ef-a0cc-d5bdf15f7150,Small Merchant,95215.84,0.3025,24,227070.19,0.629,0.7006,9.71,2.65,0.6387,3.35,0.1578,,,False,,13,5,0
b922cd1d-6d36-4fb2-9620-2888fe85a9b7,Gig Worker,30862.27,0.3301,21,,,,,1.96,0.6322,,,15.13,0.0582,False,,19,3,1
9b001c67-273b-4627-a06b-6fe747f098f6,Gig Worker,28015.87,0.3985,22,,,,,2.44,0.7081,,,20.3,0.0829,False,,23,3,0
507926c3-8db7-4306-9eff-4dcd18e4f3fe,First-time Borrower,61802.54,0.1711,15,,,0.7579,5.78,1.84,0.6587,,,,,False,,21,3,0
1fc4ea69-b600-4680-872f-5e06f0b4fa99,Informal/Rural Worker,18719.06,0.5243,12,,,,,,,,,,,False,,14,1,0
1af267c2-94e0-4c33-993e-21a22729c642,Informal/Rural Worker,15654.1,0.5939,8,,,0.5133,12.51,2.15,0.4957,,,,,False,,13,3,1
0e343824-a639-4405-b4fb-bbc1055c4336,Informal/Rural Worker,15340.55,0.4462,11,,,0.5828,10.6,2.29,0.657,,,,,False,,19,3,0
a58f3826-37e3-48f6-90f8-5bbda4e8c541,Small Merchant,198844.52,0.1947,30,429271.12,0.9688,0.9345,2.22,,,9.28,0.0658,,,False,,30,4,0
3f69afb6-7dc7-427f-a4a8-ec01c1472c45,First-time Borrower,41107.31,0.2308,16,,,0.5108,10.63,,,6.27,0.1842,,,True,584.0,14,3,1
acbe57c6-7d68-41b8-945d-5c68cff582fc,Gig Worker,37770.21,0.3071,23,,,,,2.47,0.8079,6.21,0.1299,20.31,0.0629,True,677.0,32,4,0
9a6eaf81-9c02-4703-960f-f6f6e6c6d005,Gig Worker,30129.4,0.3081,24,,,,,2.5,0.5947,5.38,0.1701,23.91,0.0017,True,635.0,22,4,0
013e7beb-7d6e-4813-9389-f6616a60e00d,First-time Borrower,61812.64,0.1806,20,,,0.7872,3.99,2.58,0.7635,,,,,True,644.0,24,3,0
7d98a6b5-d5e6-444e-a896-5983bd979830,First-time Borrower,38619.42,0.2614,16,,,0.45,15.89,,,,,,,True,460.0,11,2,1
35a97bd2-89a0-4576-b40a-d551e521d105,Informal/Rural Worker,14178.85,0.5841,12,,,,,1.3,0.7328,,,,,False,,14,2,0
d35c8f78-00d5-43b9-84e1-c61c961c4282,Gig Worker,41173.34,0.4467,23,,,,,2.57,0.7348,,,19.19,0.0026,False,,25,3,0
66f13aed-cddc-40de-8a83-95e6a68a8de5,Gig Worker,24495.01,0.4559,18,,,0.6534,13.09,2.16,0.5274,,,12.12,-0.0777,False,,11,4,0
3306ac46-c7a0-4c28-8cbc-3d952ad176b7,First-time Borrower,61334.03,0.1711,20,,,0.7414,12.17,2.3,0.6729,6.15,0.1337,,,True,608.0,24,4,1
2a58dc60-80f9-403b-9232-e227d26e6782,Informal/Rural Worker,8911.03,0.6013,12,,,,,1.09,0.5004,,,,,False,,8,2,0
0ca1860b-5201-49af-8d22-a5d21a393fd4,First-time Borrower,83652.99,0.1038,25,,,0.8941,3.59,,,,,,,True,733.0,26,2,0
07f8044a-c29c-4b19-a5ff-f3837bee82bd,Small Merchant,152273.17,0.2889,25,293586.01,0.7024,0.7888,6.06,,,7.28,0.1221,23.32,0.0203,True,676.0,17,5,0
a93a16e7-c72f-4b1e-b338-17055c5b2a24,Gig Worker,26963.34,0.3915,20,,,,,1.87,0.6873,5.03,0.1813,15.58,-0.0292,False,,12,4,0
f918228c-9d99-452a-8c31-9bf492438c58,Informal/Rural Worker,27081.86,0.3606,19,,,0.7601,3.65,,,,,,,False,,28,2,0
75442dcf-e192-4853-84c7-2438068be015,Informal/Rural Worker,17267.97,0.5707,11,,,0.5389,9.77,1.78,0.5804,,,,,False,,20,3,0
2c9a6c33-b194-46c0-b950-32c3dc39efaa,Gig Worker,21991.39,0.4767,19,,,,,1.69,0.5313,,,,,True,622.0,13,2,1
e2386914-fca4-4152-abcf-6f99323fdbef,Gig Worker,39833.17,0.3362,21,,,,,2.17,0.7405,,,21.1,-0.0043,False,,19,3,1
9f23ee3b-909b-472f-a38f-d9d69c21d377,Small Merchant,135977.1,0.3461,24,229340.56,0.6984,0.7314,8.26,,,5.71,0.1603,20.27,0.1666,False,,20,5,1
626a2161-f3d5-4462-99a2-3b6a37d41f7c,Informal/Rural Worker,23906.48,0.4264,14,,,0.8385,6.95,2.28,0.7723,,,,,False,,22,3,0
2ece5ecb-ccd7-48b0-89ea-8c166d62ec21,Informal/Rural Worker,23027.8,0.5502,10,,,,,2.59,0.6892,,,,,False,,26,2,0
bc99d899-6314-4dd6-af40-6ef60d6bfce4,Gig Worker,43524.48,0.4009,27,,,,,2.97,0.7527,,,23.46,0.0232,False,,22,3,0
4b067fa6-e879-4d3c-a652-f014f9bd69bc,Gig Worker,35613.16,0.4468,23,,,0.6594,7.2,2.49,0.6782,,,17.49,0.1024,False,,26,4,1
cd9995e8-bb2c-4367-89ab-0221592f4bbb,First-time Borrower,67673.63,0.1067,21,,,0.8974,4.98,,,,,18.95,0.1551,True,685.0,23,3,0
13bd6c5e-da8f-49a3-b67c-822e655e405b,Small Merchant,133444.62,0.249,28,394196.12,0.8651,0.8795,3.34,,,9.7,0.1045,,,False,,24,4,0
8e57cbb8-5dde-4edb-a5f1-cf436a7eadcc,Gig Worker,44877.68,0.3428,24,,,0.8599,5.27,,,,,23.74,-0.1102,False,,22,3,0
840bd842-995a-44bc-b308-df690cdd9bb3,First-time Borrower,63474.55,0.191,16,,,0.6425,6.2,2.59,0.7009,5.93,0.1582,,,True,620.0,20,4,0
2c7f3d49-019f-4115-b0c2-d8c8176ee601,Gig Worker,37258.59,0.3243,23,,,0.832,9.01,2.13,0.5488,,,20.51,0.0688,True,636.0,17,4,0
53b6d486-3636-4f0e-a9d3-508ef250e41b,Gig Worker,40957.72,0.3391,29,,,0.8435,8.31,2.65,0.8392,,,24.08,0.018,False,,26,4,0
a8556029-8c48-4dfc-ad73-dae9ab5c4672,First-time Borrower,51699.49,0.2132,21,,,,,2.58,0.5868,5.83,0.1673,,,True,635.0,12,3,0
db905059-5c5a-4cb2-8bfa-9b60714bc026,Gig Worker,43670.7,0.3812,25,,,,,,,,,19.11,0.1024,False,,21,2,0
f0380d3e-8966-4f9d-beda-cef502fbfaa6,First-time Borrower,54802.87,0.1814,21,,,0.72,5.13,2.61,0.7715,7.56,0.0973,20.95,0.0776,True,662.0,27,5,0
edce679b-9afd-4dc8-89d3-9a0f6ffb759f,Informal/Rural Worker,20099.05,0.4146,14,,,0.7746,8.61,2.08,0.5865,,,,,False,,18,3,1
37034f31-2208-466b-ba88-fe7a18bed1ba,Small Merchant,75330.43,0.425,21,,,0.421,15.0,,,2.05,0.2398,,,False,,13,3,1
27161730-7ee7-43f4-809c-e39a73ae2559,Informal/Rural Worker,23998.86,0.4436,12,,,0.683,9.58,2.5,0.7727,,,,,False,,15,3,1
2d5ad24e-dd82-4e1a-aa52-805941faf91d,Gig Worker,35522.48,0.3667,26,,,,,2.38,0.7213,,,19.54,0.0348,False,,22,3,0
245662c9-5f9d-4ccb-b14a-3d86abd7ebf6,First-time Borrower,50133.95,0.223,23,,,0.7061,6.27,,,,,,,True,601.0,17,2,0
a56def1c-c8f4-47e0-887d-345ff92d0ec2,First-time Borrower,86004.24,0.0725,26,,,0.8981,0.0,4.06,0.8759,9.9,0.064,,,True,737.0,30,4,0
dbaa76e5-a95d-4d20-b0dd-9dd86d24f9fd,First-time Borrower,58863.87,0.1234,22,,,0.8066,7.07,,,,,,,True,632.0,23,2,0
770485c2-6410-4225-9864-f1d796181e47,Informal/Rural Worker,21409.48,0.4152,16,,,0.6852,7.22,2.46,0.6463,,,,,False,,24,3,0
41216d17-14d3-48a4-b5cd-461f12599e91,Gig Worker,42232.2,0.3233,24,,,,,2.54,0.8428,,,21.43,0.1529,False,,25,3,0
1f64c504-b084-4fbd-adca-012092c8aeab,First-time Borrower,37033.74,0.3055,18,,,0.6149,13.89,1.71,0.5593,2.82,0.1947,,,True,491.0,8,4,0
e001d4d2-b8be-4018-bdb4-b50904f2c2e0,Informal/Rural Worker,12690.57,0.5121,9,,,,,1.69,0.495,,,,,True,481.0,11,2,0
24f91577-2ccc-4e81-a703-433fc449bb79,First-time Borrower,71254.52,0.1555,20,,,0.7726,2.27,3.29,0.7462,9.41,0.0972,,,True,687.0,26,4,0
3da51ed5-33bc-4ed8-9a95-88cd9cf6214a,Small Merchant,127172.85,0.2912,25,281749.32,0.7294,0.7792,9.73,,,6.67,0.1742,,,False,,25,4,0
f43a18c4-b4b1-4c73-bb69-d5600fa78153,Gig Worker,35068.59,0.4568,23,,,0.7597,6.2,2.22,0.7678,,,18.29,0.0473,True,639.0,26,4,0
7884f3ec-1e0c-492c-b0fa-56e5f2f77fe9,Informal/Rural Worker,17328.33,0.4393,13,,,,,2.5,0.6237,,,,,False,,21,2,1
43ce9ba6-f9d4-4706-b6da-d29cb8d28b1d,Gig Worker,34200.84,0.4185,20,,,,,1.71,0.6416,3.35,0.1692,20.73,-0.1235,False,,18,4,0
f0114256-53da-4613-bb32-63bc39f9db7b,Gig Worker,35238.44,0.2587,27,,,,,3.79,0.828,,,21.96,0.1998,True,816.0,28,3,0
15d940f0-a6c7-42af-aa79-f35018956ac6,Small Merchant,172121.06,0.2535,30,365027.15,0.8699,0.8314,1.47,,,8.18,0.0889,,,False,,28,4,0
8cae3249-3ab4-4044-9f28-7a43949bf4b5,First-time Borrower,44879.94,0.2954,21,,,0.6918,8.14,,,3.66,0.1686,,,False,,22,3,1
012eb0fb-7938-40da-bb41-528a7598b202,First-time Borrower,69188.26,0.158,21,,,0.7809,8.77,,,,,19.31,-0.0233,False,,21,3,0
0396b2f7-dfa1-4a62-aa94-0c9eebcd636c,Gig Worker,47372.32,0.3969,26,,,0.8917,4.02,3.57,0.8488,,,24.41,0.1581,False,,28,4,0
8445204b-a2fe-444d-840a-1e968046f76d,Gig Worker,33108.95,0.2632,21,,,0.6256,14.19,2.92,0.6029,5.34,0.1307,22.34,0.0141,False,,19,5,0
f055cb27-78df-4060-a4b3-b67265402aa0,Informal/Rural Worker,21680.88,0.378,10,,,0.5658,10.41,1.93,0.6531,,,,,False,,14,3,0
d74b6071-306f-4d31-9c0b-9893e1313ad6,Small Merchant,121982.55,0.3653,25,287353.36,0.7602,0.6702,8.2,,,7.11,0.1568,23.2,0.0448,False,,19,5,0
3e472263-a21b-43a2-91d3-8374a97c1f4c,Gig Worker,22202.21,0.5155,22,,,,,2.01,0.6909,,,17.05,-0.061,False,,17,3,0
f3b44be0-d9fc-48f6-921f-2e2e568b669f,Gig Worker,44522.23,0.2969,25,,,,,3.02,0.8048,,,24.03,0.1062,False,,35,3,0
84ba32ec-c7a4-4289-9ddc-dd898bb1a9f5,Gig Worker,45754.6,0.3391,24,,,,,2.73,0.7724,,,22.08,0.2189,False,,23,3,0
d4d6fda0-5c6c-42d9-9e1d-b11af551f096,First-time Borrower,69826.97,0.1202,19,,,0.7193,7.02,,,5.74,0.1511,,,False,,17,3,0
789f2f25-a6a0-4e34-b9c0-89bbfddaaede,Small Merchant,164412.94,0.3568,24,317334.11,0.8551,0.7391,7.3,2.68,0.6619,6.57,0.1111,21.17,0.0427,False,,24,6,0
0bad91e6-8cfe-4fc3-b7b5-d384201e1e6f,Small Merchant,129248.36,0.3264,23,235110.59,0.7171,0.7574,7.2,2.11,0.7171,5.32,0.1446,,,False,,24,5,0
5200e32a-54fd-44c9-aaa4-02cc8375a420,Gig Worker,49309.78,0.2722,24,,,,,3.01,0.8561,,,24.04,0.2079,False,,29,3,0
f853e3ea-172a-4b54-80c5-90abeb67b020,Informal/Rural Worker,9373.41,0.5123,15,,,0.5416,11.62,1.76,0.442,,,,,False,,11,3,1
d122d02e-be0d-489a-bba3-9769a69fef06,Gig Worker,29648.06,0.4413,21,,,,,2.0,0.5695,,,17.44,0.0165,False,,20,3,0
901699f0-3d8a-4be3-8269-0b318ac45ca6,First-time Borrower,49289.03,0.2156,22,,,0.7307,9.42,,,,,,,False,,19,2,0
f67cb62b-c4d0-44b7-988b-a8b3308beebe,Small Merchant,135939.64,0.272,27,267058.34,0.8463,0.7175,5.96,,,9.07,0.1201,,,False,,20,4,0
c9f6088b-58d9-4a06-af67-69348651a8fd,First-time Borrower,51906.14,0.2116,18,,,0.6218,4.75,,,,,,,True,722.0,12,2,0
9433d49d-0bee-4657-b7e9-c9ef9212236e,First-time Borrower,67931.18,0.1413,22,,,0.7308,6.81,2.47,0.6835,6.79,0.099,,,False,,22,4,0
fd2beeda-7055-48ce-8414-ac01ae7064ee,Informal/Rural Worker,13432.97,0.7528,12,,,0.4611,10.82,1.57,0.6645,,,,,False,,8,3,0
fea874e0-0577-43fe-a3a6-7ca0ac5ec4b2,First-time Borrower,71172.4,0.1983,23,,,0.668,5.19,,,4.7,0.1488,,,False,,23,3,0
c5596244-62ea-4926-b85b-ea17e684292d,Small Merchant,148961.93,0.3679,28,318093.34,0.8274,0.6798,5.39,,,6.53,0.1125,,,False,,23,4,0
1dfba0f8-ccdc-4346-a003-6f074c7ec3af,First-time Borrower,59035.55,0.2774,20,,,0.6511,6.97,,,,,17.49,0.0116,True,605.0,22,3,0
6c37432f-11ad-4c82-92e1-d6ab97a3c892,Informal/Rural Worker,14984.04,0.5325,13,,,0.5558,14.66,1.65,0.6335,,,,,False,,15,3,0
8aed08c2-2981-4e04-b50e-4444050de867,First-time Borrower,53937.18,0.2096,18,,,0.6656,9.46,,,,,,,False,,22,2,0
efa6b0bc-3acc-4f8a-a061-e2c3783ad1bd,Gig Worker,36513.71,0.4078,18,,,,,1.97,0.5307,4.06,0.185,19.28,-0.0674,False,,16,4,1
81827fcd-c026-4c9b-bd05-01c13dd9e9ad,Gig Worker,41887.51,0.4301,23,,,,,2.14,0.7306,7.18,0.1981,21.82,0.077,False,,18,4,0
d2925c08-2932-4147-9047-6ee4b3156917,Gig Worker,31011.44,0.4572,22,,,,,2.57,0.6125,,,17.89,-0.0619,True,553.0,11,3,0
15521290-a4b0-4dc4-8a26-596ec9c7f52d,First-time Borrower,40515.3,0.2279,14,,,0.6309,17.49,,,4.15,0.2236,,,True,549.0,8,3,0
fd464106-88bb-4aa8-b1b4-3e977f92e0b0,Gig Worker,39690.34,0.3615,25,,,,,2.09,0.6199,,,17.44,0.057,False,,19,3,0
269daa29-63ce-4a77-8364-348c94198fd6,Gig Worker,49017.45,0.3043,25,,,,,3.22,0.8772,7.98,0.1203,26.32,0.1531,False,,27,4,0
395d7030-541e-4db2-ae3e-1bb0273c0a98,Small Merchant,86250.39,0.4011,21,151982.77,0.6047,0.5671,13.61,1.45,0.5904,3.47,0.1903,,,False,,10,5,0
ef96be16-e460-481e-9da1-b2998457709f,Gig Worker,40123.78,0.2709,25,,,0.8061,8.49,2.83,0.797,,,21.62,0.0957,False,,31,4,0
2c2ad0a4-0307-41c6-84ca-2e65a523c84b,First-time Borrower,62739.81,0.1784,19,,,0.6489,7.76,,,7.28,0.171,,,True,614.0,24,3,0
86b1caea-db10-43b1-a6f4-cb864223da8e,Informal/Rural Worker,26804.23,0.3569,16,,,0.9135,0.45,3.44,0.8513,,,,,False,,30,3,0
d2f321c0-a21a-4e4f-89be-cb715deb040b,Informal/Rural Worker,13414.69,0.5544,12,,,,,1.15,0.6638,,,,,False,,16,2,0
8ccaadca-ed60-4c80-ba02-bce51c15054c,First-time Borrower,49390.87,0.2578,19,,,0.6823,6.69,2.34,0.6142,6.23,0.1626,20.1,0.0345,True,654.0,19,5,0
07a2b969-e625-4a0d-aff9-a4f7f342bd57,Gig Worker,44634.85,0.3667,27,,,,,2.96,0.9133,,,28.08,0.1079,False,,26,3,0
e2713327-d7c7-489c-b286-9ed81b37781c,Small Merchant,149786.53,0.1873,26,339540.09,0.8496,0.8223,8.61,,,7.56,0.1172,,,False,,27,4,0
ee1b9d86-632b-4779-9dfc-6e23fb73b346,Informal/Rural Worker,28244.18,0.5918,15,,,0.8355,6.26,2.95,0.7208,,,,,False,,28,3,1
c7c715a0-2c02-4ffd-a8e1-9d21045049a1,Informal/Rural Worker,22315.57,0.5213,17,,,0.7072,8.75,1.88,0.6233,,,,,False,,21,3,0
453a32e3-14b4-4ac1-888e-e4d00739a2ea,First-time Borrower,91067.17,0.0978,25,,,0.8088,1.24,,,7.9,0.1358,,,False,,26,3,0
2e2d81a7-f932-4e09-99ed-a43b08d1e069,First-time Borrower,63008.55,0.1846,22,,,0.6818,6.89,,,,,,,True,624.0,22,2,0
93437af6-78bb-4b35-86f0-68dab8236aa2,Small Merchant,140622.96,0.2793,26,341919.46,0.8395,0.9112,4.17,,,8.61,0.0886,,,True,656.0,23,4,0
5b1218b7-1690-421a-88c7-885da81dd076,First-time Borrower,71075.59,0.1704,22,,,0.7207,4.33,,,7.69,0.1217,,,True,688.0,26,3,1
5261f27b-9a93-40e0-b54c-8b56986d64de,First-time Borrower,64286.4,0.1581,19,,,0.6935,8.41,,,7.99,0.1284,,,True,656.0,16,3,0
826271d9-30a4-46a4-99f3-124f76885019,Gig Worker,44764.43,0.3202,24,,,,,3.14,0.6985,,,23.86,0.1308,False,,26,3,0
bbf6013d-6045-419b-9e63-df36bf12e0e6,First-time Borrower,70196.69,0.1885,22,,,0.8054,9.52,2.54,0.8061,5.75,0.1369,,,False,,18,4,0
d897b266-ef65-4a48-8dd9-7a9f4659e827,First-time Borrower,62032.1,0.1592,23,,,0.703,4.01,,,6.71,0.157,,,True,697.0,22,3,0
38f0e6d4-7d2c-4a8c-94a2-b9ec088fc6da,Gig Worker,21246.74,0.5489,16,,,0.5064,17.85,1.36,0.5186,,,17.39,-0.0574,False,,12,4,1
4a9a8014-ed64-4ce5-b790-140ce52d15cb,Small Merchant,190369.13,0.1983,27,387943.06,0.8732,,,3.75,0.948,9.37,0.1019,,,True,773.0,25,4,0
9233dc5c-7fe9-4c58-9bee-62cf9ed85846,Informal/Rural Worker,14938.85,0.4972,12,,,0.5634,12.73,1.4,0.4771,,,,,False,,12,3,0
408f4be8-586a-470a-8298-1f2ba6aa8d5b,Informal/Rural Worker,25063.33,0.6155,17,,,0.589,9.91,2.23,0.6892,,,,,False,,13,3,0
8e8c2749-2f36-44de-b4f7-e6e6b02fc36b,First-time Borrower,90961.05,0.1603,24,,,0.8908,1.87,3.12,0.8286,,,,,True,794.0,35,3,0
5eb36893-f8b5-4256-a8c9-5e68e3d02856,First-time Borrower,36613.66,0.2303,16,,,0.618,10.59,,,,,,,True,536.0,15,2,1
f34c583e-6be7-43b1-beb2-e61c8e875c4a,Small Merchant,174120.66,0.1462,25,369100.15,0.7702,0.8925,8.12,,,8.24,0.1075,,,False,,31,4,0
9756c31b-9c56-4473-aa21-90ac6a359784,Informal/Rural Worker,19856.13,0.4385,11,,,0.7182,12.18,,,,,,,False,,21,2,1
5b126db8-b6cc-4293-9c80-9d5dfce475e9,Gig Worker,23485.28,0.4642,20,,,0.5742,14.57,1.92,0.7372,,,20.43,-0.0216,False,,15,4,1
55d5229b-30e9-4a09-88e2-f127abd4ebab,Gig Worker,35522.2,0.4253,22,,,,,2.98,0.7676,6.58,0.1774,16.85,0.089,False,,24,4,0
b6365d05-d887-4e2c-b82f-8e19514c42cf,First-time Borrower,64382.29,0.1489,16,,,,,,,6.42,0.1549,,,True,601.0,22,2,0
7aab191b-e9d5-4233-b0ed-19fc7cc3ca1e,Gig Worker,36833.53,0.3725,20,,,,,2.61,0.7105,,,,,False,,16,2,0
d7636b3c-8d08-4ed0-95fd-55227c1cc93a,Informal/Rural Worker,32660.6,0.3022,21,,,0.9327,0.28,3.49,0.8573,,,,,False,,35,3,0
0d7a9ecb-88d1-4700-8d70-dd5d2183af41,Informal/Rural Worker,16789.37,0.5491,5,,,0.6438,17.93,1.67,0.4447,,,,,False,,9,3,0
5683cd34-cf9b-4464-8263-6a38f42128c6,Small Merchant,116948.17,0.3294,23,242283.8,0.8914,0.6813,6.64,,,5.67,0.1458,,,False,,24,4,0
7e039823-565f-4266-b0ad-741472550c1b,Informal/Rural Worker,11856.79,0.5554,7,,,0.6788,15.71,1.33,0.504,,,,,False,,16,3,1
4b661dae-56dc-4273-a6bf-a2707b187845,Gig Worker,45244.42,0.4235,24,,,,,2.79,0.8268,,,24.95,0.2419,False,,18,3,0
4f240026-91a2-41e0-acb3-ddca22914a76,First-time Borrower,52354.79,0.2396,16,,,0.5337,13.27,,,,,,,False,,14,2,0
c261e504-8bc4-47e5-bf48-3e6eb28f7f30,First-time Borrower,77091.2,0.14,24,,,0.7522,7.39,,,,,,,True,774.0,23,2,0
47189720-d2c3-43ff-9e03-1c076d34045f,Gig Worker,41235.75,0.2993,26,,,,,3.49,0.6815,7.81,0.135,,,True,793.0,29,3,0
4c34f88c-9d97-474b-8a75-ca270e6ff3a4,Gig Worker,39428.77,0.4312,22,,,,,2.04,0.662,,,17.7,0.0192,False,,19,3,0
9a5b8a11-5b1e-4ff9-b1cd-907a5d2649bc,First-time Borrower,64366.51,0.1835,25,,,0.7174,2.09,,,,,19.92,0.1065,True,668.0,23,3,0
5c89f8d7-0303-45ca-9b2c-527c324eb313,First-time Borrower,66004.55,0.2189,20,,,0.5659,10.16,,,,,,,True,656.0,13,2,0
f9386414-be5e-445b-9653-ea4dd54d11e3,First-time Borrower,35693.39,0.2967,9,,,0.3372,15.39,,,,,,,False,,9,2,0
4e1e3372-4a2b-46ff-96d2-f9473d0384f7,Informal/Rural Worker,12184.09,0.6923,12,,,0.4866,7.76,1.74,0.5383,,,,,False,,8,3,1
dfc96856-5df7-40ff-9c07-0b80662cd204,Informal/Rural Worker,16423.79,0.5228,7,,,0.5843,14.47,2.12,0.6302,,,,,False,,16,3,0
b8b645f1-587a-4d34-9ca4-0ace12a6dad1,Small Merchant,146167.23,0.3858,25,234686.07,0.8144,0.6999,10.55,,,4.48,0.1476,,,False,,22,4,0
7e035234-0860-4e91-83b0-06c9367d3cf2,Informal/Rural Worker,29894.76,0.3338,19,,,0.8255,1.49,2.46,0.969,,,,,False,,34,3,0
01df0065-d842-4968-8bc6-d2d00191c47d,First-time Borrower,50893.54,0.2613,13,,,0.6768,9.91,,,4.2,0.2153,,,True,587.0,10,3,0
a5bbfa9d-b536-441d-bdea-d1ad9b636355,Small Merchant,161030.0,0.3058,24,275354.23,0.8288,0.8813,7.15,,,8.88,0.1267,,,False,,29,4,0
0fbbb25c-2df9-4ee6-a2b9-93b61c0eb78e,First-time Borrower,27947.39,0.2424,14,,,0.5519,14.37,,,,,,,True,518.0,6,2,1
4615d190-8bc0-4edb-a7ba-5a9e2a299e35,Informal/Rural Worker,31105.23,0.298,14,,,0.7819,3.63,,,,,,,False,,25,2,0
6d250b8c-0dcb-45a0-954c-480e8d011022,First-time Borrower,54732.41,0.2448,22,,,0.6343,11.23,,,5.52,0.1653,18.12,0.0219,True,640.0,15,4,0
d04b6879-60af-4293-8e17-1f0dc1d83674,Gig Worker,30396.79,0.3855,21,,,,,1.92,0.6346,,,16.79,0.1913,True,578.0,17,3,0
dbe6222b-b960-4eaa-9f6a-c0794b690918,Small Merchant,117770.01,0.3185,24,253180.92,0.6754,0.5666,9.32,2.47,0.7137,,,20.86,0.0206,False,,18,5,0
9a0bfb67-c6dd-4cee-bb98-450c16609767,Informal/Rural Worker,23242.73,0.5133,13,,,,,2.61,0.651,,,,,False,,20,2,0
c72a2123-d429-45e7-997f-1d77939e7fa0,Informal/Rural Worker,23055.77,0.408,16,,,0.759,6.46,2.62,0.6661,,,,,False,,25,3,0
4a89b8f7-6971-490c-9670-847c9d424611,Small Merchant,78018.72,0.3435,22,190307.69,0.6819,0.5507,14.01,,,4.5,0.2348,,,False,,15,4,0
1a11c6c5-0b48-4a96-9842-6c714b5a964a,Small Merchant,133731.52,0.3308,23,324138.42,0.6803,0.8225,6.61,2.65,0.7514,5.82,0.179,,,False,,21,5,0
a0e01431-7c4c-40e9-9f30-6c05144a0421,Small Merchant,91887.48,0.3938,21,213946.56,0.6545,0.664,8.44,,,,,,,False,,15,3,0
e14f2060-4f24-4964-81c6-63eb6bb2b74f,First-time Borrower,39279.21,0.3052,17,,,0.4613,12.32,1.53,0.6437,1.26,0.2617,,,True,527.0,13,4,1
98b42753-b1ea-4b3b-b6cf-575ec1a7e944,First-time Borrower,63520.54,0.1819,24,,,0.6408,13.18,,,5.31,0.0658,,,False,,19,3,0
511156b1-c339-45cc-9951-a6bca3d7c7cd,Small Merchant,127947.25,0.2858,25,229961.42,0.7483,0.5938,5.83,,,7.48,0.1927,18.76,0.0223,True,676.0,22,5,0
8016bf9b-ea4b-4bb0-a412-9656cb3502ff,Informal/Rural Worker,12923.53,0.5739,10,,,0.5472,12.51,1.34,0.4858,,,,,False,,10,3,0
154afcf1-8cc3-4f0e-bb1e-3e5a545179b1,Small Merchant,112700.51,0.364,25,247313.62,0.7087,0.6555,9.81,1.94,0.5757,6.4,0.1438,,,False,,15,5,0
a227c14a-47c2-4883-a24f-d9d75d2eaee2,Small Merchant,85670.16,0.418,22,162805.47,0.554,0.3906,14.63,,,4.2,0.2008,,,False,,10,4,1
0cb86aef-2edb-4fa6-8954-e1f4bf5337a6,Informal/Rural Worker,30432.95,0.3369,19,,,0.8051,2.11,2.51,0.9738,,,,,False,,29,3,0
7cfd8088-c858-4c33-a0fc-96de58aa0842,Informal/Rural Worker,10534.47,0.5051,10,,,0.6011,10.48,2.13,0.6302,,,,,False,,9,3,1
5da1072f-8106-42c3-9471-95e3ac26d9f9,First-time Borrower,49191.98,0.2467,15,,,0.5934,8.81,2.17,0.6974,,,,,True,611.0,21,3,0
c1db18c2-7a25-49f5-9e22-3166c68e371b,First-time Borrower,57722.22,0.1899,21,,,0.6345,8.38,,,,,,,False,,18,2,0
8168c43e-e429-4e28-a868-78c203585d6c,Gig Worker,48588.45,0.311,25,,,,,2.6,0.8661,8.56,0.1426,22.15,0.2402,False,,26,4,0
76d13a6e-bc33-49eb-af8a-86fa1aed4925,Small Merchant,64755.78,0.4014,21,148700.74,0.6034,0.4552,14.53,,,2.14,0.2009,,,False,,5,4,1
6a15c7da-983f-41a3-a9af-59ca177804f3,Gig Worker,42961.09,0.2329,29,,,,,3.37,0.9236,,,27.86,0.1065,False,,26,3,0
4b677355-431f-47ce-8bce-2eb6367ea3a8,Informal/Rural Worker,25407.19,0.4818,19,,,0.8617,9.12,2.7,0.7918,,,,,False,,26,3,0
974a84c1-d181-4ec4-9297-d16874b92ded,First-time Borrower,50777.45,0.2134,21,,,,,,,,,,,False,,21,1,0
e8a73618-5cbf-432f-9d8e-3bbc08750776,First-time Borrower,55301.92,0.2315,25,,,0.6443,7.16,,,5.95,0.1753,,,True,625.0,20,3,1
461e624b-9262-4182-84b0-fc210cd79900,Informal/Rural Worker,16166.66,0.4055,16,,,0.6425,10.31,1.94,0.6986,,,,,True,631.0,18,3,0
eb43ed0a-6403-4ae4-812d-c7539c3f90e7,Small Merchant,47452.63,0.4173,21,120392.73,0.6644,0.4357,16.15,,,3.36,0.2114,,,False,,12,4,0
f1a28b82-3ac9-424d-9756-d409c35f961b,First-time Borrower,58579.97,0.0868,23,,,0.7857,9.59,,,,,,,True,643.0,22,2,0
c6133b90-09c8-419d-ae12-38e5da40b431,Informal/Rural Worker,25804.59,0.4794,14,,,0.7577,4.1,2.78,0.7649,,,,,False,,19,3,0
12881199-1ad9-4715-9f58-4b86987f112d,Small Merchant,186859.05,0.244,26,359940.4,0.8665,0.7303,8.14,,,4.97,0.1618,24.13,0.1473,False,,31,5,0
91be753b-f58a-4a6a-9b9e-727084a2c41d,First-time Borrower,89798.63,0.162,25,,,0.9652,3.37,,,,,,,True,797.0,33,2,0
08b4be99-835a-4366-b53b-77dd1b05d99b,Small Merchant,104908.68,0.4549,21,194827.35,0.6598,0.5204,10.95,,,4.0,0.2526,,,False,,13,4,1
932fc0e1-591b-4b04-ae97-b173b2751ed7,First-time Borrower,63982.42,0.1426,22,,,0.7034,4.9,2.65,0.7227,,,,,True,723.0,31,3,0
cf9e042f-9c16-4238-9a66-16b5ee7e8c04,Gig Worker,49413.95,0.2589,25,,,0.8615,0.47,3.27,0.9014,,,22.25,0.1105,False,,28,4,0
718b58f3-6abb-42f1-9023-39f5ecd3a6c7,Informal/Rural Worker,21131.8,0.5378,13,,,0.5971,7.35,,,,,,,False,,15,2,0
ec17e3fe-3335-41f9-a969-92405d617b27,Informal/Rural Worker,29705.57,0.4889,16,,,0.8312,7.44,2.57,0.6807,,,,,False,,23,3,0
e0a040d6-991b-4874-907a-3c0dbb4b3c72,Small Merchant,206983.35,0.2622,30,370176.4,0.9078,0.8279,0.91,,,9.51,0.0672,,,True,786.0,36,4,0
b385d903-3abe-4893-bbfb-7bac1feb780c,Small Merchant,154270.05,0.2596,24,354961.73,0.8921,,,,,9.0,0.1407,,,True,760.0,23,3,0
ea90b01e-590e-49e7-a18d-6b635821f50c,Gig Worker,42547.93,0.3837,29,,,,,3.05,0.904,,,25.64,0.113,True,668.0,20,3,0
8f153003-fde9-4d66-82f5-37161fee7c22,Gig Worker,43713.8,0.2767,27,,,0.6977,5.27,3.1,0.7631,6.47,0.1436,24.15,0.0479,False,,25,5,0
02806a35-389f-4ab3-b58d-f18db5f583c6,Informal/Rural Worker,19907.65,0.4675,14,,,0.7236,9.17,1.91,0.7835,,,,,False,,14,3,0
1112fa54-6f37-4414-b9eb-58903b7453f7,Gig Worker,43708.51,0.3048,23,,,,,2.68,0.7678,8.07,0.2035,21.41,0.108,False,,27,4,0
e91a23a6-9a20-463e-8e90-dc0020cc9814,First-time Borrower,69382.1,0.2444,21,,,0.8888,1.07,,,,,,,True,747.0,30,2,0
4fce02d9-2d5a-454a-9269-c80e4d47ba56,Small Merchant,137228.66,0.318,27,309400.14,0.7079,0.717,9.2,,,7.34,0.1534,,,True,671.0,17,4,0
c18180df-ff0b-486c-9811-dff90a0c8a80,First-time Borrower,56988.08,0.2297,18,,,0.7616,6.83,,,7.27,0.1451,,,True,613.0,16,3,0
c71a4de7-ae82-4033-8eee-cb8a5b3dfe79,Small Merchant,133000.13,0.3624,24,265283.36,0.6746,0.6661,9.84,,,,,,,True,598.0,19,3,0
55cc08c5-9cb4-4b22-85e5-342cbfd51e39,First-time Borrower,67177.41,0.1769,21,,,0.7936,5.43,2.8,0.7403,,,,,True,656.0,23,3,0
ca4ae5ef-acc1-43e5-afe4-f805d42de56b,Gig Worker,35879.61,0.4431,18,,,,,2.02,0.5914,,,16.83,0.0012,False,,16,3,0
27bd2d8d-35de-41e4-847a-1076e2c7a1c5,Informal/Rural Worker,16159.18,0.6117,12,,,0.5645,13.7,1.78,0.5567,,,,,False,,12,3,0
f85801cc-ccd2-4283-a77e-babe1c911312,Small Merchant,131064.72,0.3704,28,334061.68,0.7967,0.7907,6.32,,,6.13,0.1581,,,False,,26,4,0
dd9b8654-eb10-49da-b601-dd2969a9a082,Gig Worker,42628.0,0.2565,26,,,,,2.35,0.7437,6.87,0.1077,24.79,0.1065,False,,21,4,0
668155cb-8e74-4484-9cf7-3bfa92649eda,Gig Worker,18202.66,0.4429,20,,,,,,,,,14.19,-0.1133,False,,9,2,0
31000e19-0413-4587-a47c-9ebbd0e696bf,First-time Borrower,70321.69,0.1998,25,,,0.7599,3.38,,,8.06,0.1662,,,False,,28,3,0
03110484-ea40-4c66-9b53-de4fed2c025b,Informal/Rural Worker,15009.71,0.5327,12,,,0.6859,10.63,1.94,0.6735,,,,,False,,23,3,0
4ad0b203-4945-4adb-9776-5cb955bc8249,Informal/Rural Worker,25979.4,0.4632,16,,,0.8643,4.11,2.41,0.8105,,,,,False,,19,3,0
b1bccc21-2b1d-4586-880f-cfd95c66a4fe,Gig Worker,40926.31,0.2805,21,,,,,2.85,0.6867,,,17.15,-0.0026,False,,15,3,1
7f37bc43-3c73-4570-97dd-a39766bc3698,Small Merchant,148858.3,0.2699,22,282496.26,0.8235,0.7991,8.84,,,6.44,0.1753,,,False,,19,4,0
0d0ac448-f659-42d0-b84a-c7b34e9bccd4,First-time Borrower,60013.58,0.1543,19,,,0.8035,4.62,,,7.45,0.1078,,,True,654.0,28,3,0
8692fd1d-3c73-49ac-9d0f-d057d4e166c3,Informal/Rural Worker,18637.13,0.5242,16,,,0.6774,7.15,2.29,0.7367,,,,,False,,24,3,0
7e274b82-d267-4584-a683-e0956a23cd38,Gig Worker,35369.16,0.2782,22,,,0.809,7.9,2.53,0.762,,,20.53,0.1886,True,666.0,27,4,0
89365f94-526c-4de1-9c4a-5314fd3eb62a,Gig Worker,30107.13,0.3855,16,,,,,1.7,0.5443,,,17.35,-0.0053,False,,13,3,0
8790a508-f4dd-4d7b-bc96-b83cb7e93097,Small Merchant,100198.04,0.3842,22,225014.29,0.7133,0.7348,12.84,,,5.03,0.1896,,,True,601.0,13,4,1
381fa709-938c-411b-a775-79381ff660a8,Informal/Rural Worker,18919.58,0.515,13,,,0.73,8.16,2.02,0.6289,,,,,False,,19,3,0
5a952b0f-ad7c-4a86-9224-008713fe4751,First-time Borrower,66864.45,0.2472,23,,,0.5946,11.52,2.28,0.5846,6.63,0.1361,,,True,527.0,15,4,1
e5bbc31a-f8af-4bb6-9154-4d6a67061299,Small Merchant,110649.19,0.3961,23,240256.91,0.7295,0.7638,9.86,,,5.74,0.1582,,,True,584.0,16,4,1
5a0202c5-ed8e-4703-8fa1-bbc501de3416,Gig Worker,39414.11,0.2406,23,,,,,3.38,0.8876,,,24.57,0.1968,True,715.0,25,3,0
066aeb8f-81d1-4c17-9f44-e107630dcf69,Gig Worker,25860.82,0.3785,24,,,,,2.01,0.5577,,,13.81,-0.0791,False,,10,3,1
e6f96489-d69d-494f-af54-ae40c6174c2e,First-time Borrower,66139.64,0.2037,21,,,0.7948,6.5,2.63,0.6935,5.23,0.1385,,,True,719.0,24,4,1
95168391-d926-4b66-9ba2-8de8a719586f,First-time Borrower,57681.37,0.2163,21,,,0.7032,10.02,,,7.04,0.1617,,,False,,20,3,0
cc704f99-8313-4ef5-9029-caf0365c9f7f,Informal/Rural Worker,23133.25,0.4277,14,,,0.7371,9.07,2.55,0.6106,,,,,False,,26,3,1
de9b6735-bbfc-4765-87cd-b044e9bba77c,First-time Borrower,77640.16,0.1641,22,,,0.8535,0.0,3.08,0.8167,,,,,True,713.0,26,3,0
d5d41326-f1e7-4a67-8a97-0d140b5f3ef9,Small Merchant,121133.78,0.332,26,321414.41,0.953,0.7951,10.09,,,5.14,0.1432,,,False,,18,4,0
d32fb002-79b5-49e3-8a19-8ded1cb0b7f5,Informal/Rural Worker,28640.35,0.5115,15,,,0.7144,2.95,,,,,,,False,,28,2,0
01c1a473-35f3-4fc5-99ed-58f0b45386d6,Small Merchant,164474.57,0.2589,26,317198.52,0.7256,0.8608,1.8,,,9.06,0.0647,,,False,,20,4,0
063c2fdd-7403-437d-b1fb-70be556f0236,Small Merchant,88959.81,0.4218,22,198729.85,0.755,0.709,8.69,,,4.22,0.1556,,,True,621.0,18,4,1
4fd0f7ea-30a8-4579-b426-9643676ff84b,Gig Worker,31929.59,0.4687,21,,,0.554,7.0,2.14,0.7272,,,20.24,0.0702,False,,22,4,0
16803bdb-9b99-4331-af28-13ae33c6c546,Informal/Rural Worker,13094.67,0.523,14,,,0.4635,15.68,0.91,0.3936,,,,,False,,9,3,0
4c897b99-4a74-4a89-b1da-609e420a0a3a,Small Merchant,92320.91,0.3627,23,133941.99,0.5642,0.6069,13.34,,,4.14,0.1609,,,False,,15,4,0
8af4f9e7-1279-4be2-9382-cded7ab7437f,Small Merchant,126787.53,0.3918,23,,,0.6631,7.12,1.8,0.5707,3.91,0.2121,,,False,,15,4,0
157b4d2d-214c-438d-a707-ad149e4fb6b4,Gig Worker,47953.4,0.303,24,,,,,3.06,0.7465,,,26.34,0.0172,False,,26,3,0
d0e4cb45-b3be-4c32-a106-68cf5602c0a8,First-time Borrower,47781.23,0.2688,15,,,0.5482,18.07,,,3.85,0.2445,,,True,515.0,9,3,0
ac0bd918-6b1a-47df-9a28-69a9ea211245,Informal/Rural Worker,22663.02,0.3961,15,,,0.7608,7.37,2.62,0.7255,,,,,False,,27,3,0
36c93266-6d73-4875-9442-8ee9f781cc8d,Small Merchant,184069.31,0.2577,27,361630.75,0.7887,0.9367,1.81,,,7.3,0.1206,,,False,,30,4,0
c9cbecd1-221f-4408-acd0-fe81ab53cb15,First-time Borrower,47960.54,0.1913,18,,,0.631,9.32,2.29,0.5898,,,,,True,549.0,18,3,0
63637361-c1b3-428c-9b12-a9d5e5e80b47,First-time Borrower,43137.84,0.2032,17,,,0.5065,13.47,2.01,0.7249,4.82,0.1841,,,True,572.0,15,4,0
257a8d3e-8a5a-40d9-8b43-198baccd0bba,Informal/Rural Worker,29320.07,0.3041,14,,,0.7858,7.32,2.53,0.7327,,,,,False,,23,3,0
5e8781ee-e562-4e0c-a502-8c9a44114d13,Informal/Rural Worker,26757.06,0.3786,14,,,0.7596,7.28,2.48,0.7175,,,,,False,,22,3,0
ba201aee-82a4-4270-af85-2771e950b230,Small Merchant,123561.88,0.3601,26,300464.0,0.6569,0.7588,6.9,,,5.64,0.1531,,,False,,23,4,0
269c19a1-2643-428a-90c8-bdf0041be900,First-time Borrower,78796.38,0.2655,21,,,0.7876,6.73,2.96,0.7086,7.87,0.1484,,,False,,25,4,0
4738bebc-8009-4ff4-8433-d5e7d0d8f79f,Gig Worker,41182.89,0.3395,25,,,,,2.99,0.8965,,,20.44,0.0712,False,,27,3,0
89b000d5-6d6c-4f0a-aade-ea13a63db3b2,Small Merchant,109308.24,0.2946,24,201903.38,0.6599,0.6202,9.78,,,7.2,0.1761,,,False,,17,4,0
90ed2a42-d1a9-42b5-a0cf-d1bde87002ab,First-time Borrower,31688.12,0.2765,13,,,0.5339,16.27,1.72,0.4689,4.95,0.1919,,,True,513.0,10,4,0
fcb0d9e3-f871-4437-b428-64cd3c2a0ccd,Small Merchant,86702.41,0.3737,21,246397.53,0.6244,0.7084,13.91,2.51,0.7412,,,,,True,616.0,20,4,1
1d2e2b50-18f7-4d33-abc7-fc9ec70f55e3,Small Merchant,59507.59,0.381,20,199360.95,0.6371,0.5917,11.64,,,,,,,True,541.0,17,3,0
46de50a9-5aa5-471e-91bf-f36f74983065,First-time Borrower,70123.21,0.1796,23,,,0.8915,5.64,,,,,,,False,,24,2,0
2c657396-bc29-4295-8641-6afcc40a84d7,Gig Worker,27235.96,0.4776,18,,,,,1.3,0.5262,,,17.32,-0.0037,False,,15,3,1
4580708b-0fbe-4724-a889-c131d281d82b,Small Merchant,124594.46,0.2745,30,315039.59,0.7051,0.7288,6.13,,,6.57,0.1534,,,True,720.0,22,4,0
b3070d81-414f-4727-ad07-fe2c2f9c8926,First-time Borrower,64088.52,0.2308,22,,,0.62,6.63,,,7.03,0.1567,,,True,714.0,23,3,0
05682eb0-c2cb-4548-930f-e3e6416d717e,Informal/Rural Worker,15910.65,0.515,11,,,,,1.64,0.6327,,,,,False,,15,2,0
fa9e05ad-f96e-4187-bd7d-ace0c74ad820,Informal/Rural Worker,28721.67,0.4132,20,,,0.9125,6.81,2.7,0.8354,,,,,False,,26,3,0
a4e649ba-f997-4c94-812a-fd6f8fc2d8b2,Informal/Rural Worker,21238.17,0.5868,18,,,0.7443,5.39,3.11,0.8634,,,,,False,,21,3,0
b534c789-0bcf-4ea0-84d8-5588861be01e,Gig Worker,36792.78,0.4501,22,,,0.7668,2.86,2.66,0.7517,,,23.06,0.0988,False,,22,4,0
047a7a64-c3eb-42f8-a9b9-c917f593ee3a,First-time Borrower,58238.83,0.2355,24,,,0.7906,9.52,1.87,0.7444,,,,,False,,26,3,0
da30aab3-283a-4426-bac9-120cbed3e3c3,Gig Worker,34157.74,0.4089,23,,,,,2.12,0.6414,,,18.97,-0.0514,False,,20,3,0
6b783c34-8ba2-4038-a836-317445b554d8,Informal/Rural Worker,23632.19,0.3866,15,,,0.6807,8.32,2.73,0.7401,,,,,False,,19,3,0
749db1fc-50be-4043-b4b2-8e4e8b2f4884,Informal/Rural Worker,13775.03,0.4563,7,,,0.517,16.48,1.37,0.5083,,,,,False,,9,3,0
8fc671cb-9fbf-4f11-be6a-626b4c1d8d1a,Small Merchant,135260.62,0.317,25,273962.01,0.9247,0.8534,6.15,,,6.71,0.1444,,,False,,22,4,0
fadcb738-c306-4fa0-8f12-ce06353ac5dc,Gig Worker,33321.53,0.3818,24,,,0.5828,13.82,1.97,0.5808,3.65,0.1992,16.84,0.0026,False,,17,5,0
1d82a416-2d0f-45d2-9f1c-af6af7ba5090,Informal/Rural Worker,34222.37,0.3857,18,,,0.898,3.7,3.34,0.9524,,,,,False,,27,3,0
e17e7266-4930-475e-ace8-58a0efab1851,Informal/Rural Worker,17535.91,0.5309,12,,,0.5802,9.22,1.96,0.6547,,,,,False,,14,3,1
ef92ed0f-6b7a-4c02-84d6-af488af92138,Small Merchant,106675.13,0.3213,22,185514.55,0.7558,0.7954,6.81,2.15,0.5628,4.88,0.2,,,False,,21,5,0
a81eff05-efb3-4a19-a8a0-35dfce350e7f,First-time Borrower,66671.21,0.1149,24,,,0.7051,5.94,2.49,0.6562,,,,,True,724.0,24,3,0
c975c565-e7a5-44ea-9ac1-9395a5618c20,Gig Worker,32963.13,0.3435,23,,,0.7031,9.21,2.29,0.6375,,,17.71,-0.0682,False,,20,4,1
ed17e7b5-9c95-4fb5-b7a1-99442d75a0ab,Informal/Rural Worker,20831.26,0.3805,17,,,0.7761,8.35,2.04,0.5131,,,,,False,,16,3,0
ef038c22-5de9-4bfd-b2a6-8c94dbf49248,Small Merchant,95342.36,0.4506,22,167493.14,0.6457,0.511,9.36,,,4.37,0.208,,,False,,12,4,0
087742e7-1f1d-4681-9719-80e429672f18,Informal/Rural Worker,26905.94,0.4628,13,,,0.7105,9.39,1.88,0.6699,,,,,False,,17,3,0
0fcbe84e-0398-4d6e-9912-23447494ac84,First-time Borrower,61393.45,0.245,22,,,0.7571,5.05,,,,,,,True,627.0,24,2,0
85b8825a-d47d-40e2-8281-c83ea74a7130,Informal/Rural Worker,24825.61,0.5632,12,,,0.815,11.11,2.5,0.6264,,,,,False,,21,3,0
f45beaf6-d331-4fb6-83f1-df08768f1bd9,Gig Worker,41661.25,0.2935,27,,,,,3.5,0.8151,7.29,0.0946,24.94,0.0963,False,,22,4,0
56bdfa30-a23f-41af-8097-3e073cf77742,Small Merchant,80888.16,0.4053,21,206255.7,0.5091,0.61,13.99,,,,,,,False,,23,3,1
e4789eda-64dd-4106-adb1-b47837defb65,Gig Worker,34241.21,0.3474,19,,,0.6258,8.04,2.11,0.6877,,,17.98,0.0332,True,619.0,15,4,1
799e613a-31e2-471e-9a89-3865d64dd15d,Small Merchant,62111.91,0.4515,19,104566.42,0.5499,0.4083,13.86,,,1.58,0.201,,,False,,3,4,1
c452281b-1c28-43b6-a33a-901b2ab8c361,First-time Borrower,52317.87,0.2352,19,,,0.6129,9.38,,,4.83,0.1526,,,True,565.0,17,3,0
021467f2-ecd7-495f-b30c-32b2904e5176,Gig Worker,24352.8,0.5205,20,,,0.5638,14.19,1.54,0.5336,3.27,0.2006,16.01,0.0066,False,,15,5,1
715581a3-1d04-44c8-a29a-06799eb97ea7,Informal/Rural Worker,16246.44,0.5747,12,,,,,1.74,0.6606,,,,,False,,16,2,1
f9c7647d-8cb0-4a50-93b8-a4c58bdbdf63,Small Merchant,148322.65,0.2994,24,332054.48,0.8012,0.8077,5.21,,,7.42,0.1318,,,False,,29,4,0
6c82690d-897a-4245-ab74-ddaadaf385a9,Small Merchant,164974.42,0.3136,26,323147.71,0.7828,0.8438,5.86,,,7.27,0.0889,,,False,,24,4,0
f5bded8c-d950-4f72-b8e0-834e03f1080c,First-time Borrower,65184.21,0.0737,23,,,0.8709,8.57,3.02,0.9565,6.8,0.1488,,,False,,27,4,0
ff403637-1461-4bfe-a6fe-9bdc89fb4914,Gig Worker,35941.83,0.4343,23,,,,,2.61,0.7114,,,18.81,0.0757,False,,16,3,0
dc8b7aee-46d6-4fc6-83c2-8718bf9bbe6a,Informal/Rural Worker,24557.09,0.3906,12,,,0.5691,7.3,2.25,0.6118,,,,,False,,17,3,0
dcef792b-fb1c-4eb7-86ae-c7aa4264df37,First-time Borrower,68787.44,0.2279,23,,,0.789,6.37,,,,,23.56,0.1216,False,,32,3,0
94be25c6-0498-494a-8e71-c87d773db11c,Informal/Rural Worker,20167.65,0.422,14,,,0.7356,9.7,1.93,0.669,,,,,False,,21,3,0
4ad348ed-6dc9-4c2f-9201-7fdfebcc99d8,Informal/Rural Worker,22259.03,0.634,14,,,0.6651,6.94,2.85,0.6839,,,,,False,,16,3,0
112f5220-0384-481c-a65f-7724c47d05d7,Gig Worker,28845.04,0.2986,21,,,0.6987,13.59,1.62,0.6112,,,15.07,-0.0181,False,,17,4,0
2748fd15-e4de-469c-a296-1be04b203a4b,Small Merchant,155882.27,0.3119,24,347766.41,0.8247,0.7668,4.05,,,9.08,0.1052,,,False,,19,4,0
a4dbc08e-ca4c-4e14-9d18-fff05d464e9a,Informal/Rural Worker,14858.83,0.5378,17,,,0.6084,13.43,1.86,0.6702,,,,,False,,17,3,0
d112afba-f3fe-4740-bb5d-64bb08566aa0,Small Merchant,135065.76,0.2508,23,298090.17,0.8988,0.7662,9.49,,,7.76,0.1233,,,False,,23,4,0
bad20920-10fa-4591-b391-091c65c58bab,Gig Worker,30713.95,0.4648,21,,,0.5418,10.53,2.08,0.6938,,,15.37,-0.0291,False,,17,4,0
dd3053ee-d094-43dc-93c1-8b7b2c5b93e2,Small Merchant,150597.15,0.3193,26,321599.9,0.7303,0.8503,1.71,,,6.72,0.2217,22.3,0.189,False,,24,5,0
360372fe-fbd0-4874-ab63-b252a0160a30,First-time Borrower,54110.15,0.1687,15,,,0.5308,10.49,1.61,0.5964,4.5,0.1983,,,True,523.0,9,4,0
5f24159f-6493-4662-b58d-a392b2ce0ff3,First-time Borrower,30387.96,0.2671,13,,,0.4686,15.65,,,3.3,0.2769,,,True,449.0,5,3,1
338e6d11-f90c-464a-97b6-d38439bdf0b8,Small Merchant,118078.31,0.3758,25,204893.36,0.6754,0.5954,10.88,,,3.22,0.2192,,,False,,11,4,0
3352a4ec-012f-42df-9bd2-3074aef4898d,Gig Worker,43025.12,0.299,26,,,,,2.87,0.8417,,,22.63,0.2085,False,,23,3,0
6139fe78-0632-471a-98be-6ab3767af0d1,Informal/Rural Worker,15850.38,0.5486,14,,,,,1.84,0.6707,,,,,False,,14,2,1
0a89dcc7-e054-495c-b83c-f5d32b3cfc37,First-time Borrower,46627.85,0.2275,19,,,0.6298,10.24,2.53,0.6841,,,17.7,0.1006,True,619.0,21,4,0
d31db473-6ba1-4840-95e4-aa712df6d9ec,Small Merchant,116044.22,0.3442,24,201732.85,0.6584,0.6359,13.56,,,4.23,0.1931,,,True,604.0,19,4,1
34e02d79-db31-4fc1-ae99-0ff827cf4827,Small Merchant,150562.0,0.2831,27,330727.61,0.8086,0.7466,7.72,2.46,0.8215,7.57,0.1464,,,False,,23,5,0
0eeddeed-ff5f-4d1d-9278-6c9f1ed78273,Informal/Rural Worker,30992.9,0.3586,19,,,0.8409,4.41,2.96,0.8077,,,,,False,,24,3,0
54d1c948-7013-4da3-8da8-81e6a406cc11,Gig Worker,42483.38,0.2931,19,,,,,2.73,0.6541,,,21.99,-0.0455,False,,20,3,0
3b0bc22b-c52e-4d82-9301-541b14ee1851,First-time Borrower,38027.05,0.279,15,,,0.4574,12.71,1.6,0.5997,4.06,0.2266,12.2,0.0559,True,554.0,12,5,0
5ef3206a-19af-476e-960d-70af92eb3f76,Informal/Rural Worker,20712.6,0.3681,10,,,,,2.11,0.6663,,,,,False,,18,2,0
7082760d-9282-4da5-9885-195016194f02,First-time Borrower,68679.69,0.1577,25,,,0.8492,1.18,,,,,,,True,663.0,25,2,0
e0e6bdc8-aa1d-436d-8099-c2a86db495a7,First-time Borrower,46818.62,0.2689,12,,,0.4586,10.91,,,,,,,False,,13,2,0
38a29f15-b22c-4ad4-9feb-a9334e43a7bf,Informal/Rural Worker,24414.12,0.3569,15,,,0.8277,6.77,2.44,0.7002,,,,,False,,15,3,0
d2c4a4b9-8ab7-471f-836e-dc1d57bffed8,Small Merchant,139115.51,0.3016,23,267657.11,0.8461,0.6814,11.71,,,5.37,0.2095,,,False,,16,4,0
e7fc7b02-503b-4637-bb56-20fe6c31571c,Gig Worker,19496.99,0.5214,17,,,0.4387,18.68,0.88,0.4483,,,12.21,-0.1218,False,,9,4,0
54c42a9d-e16d-4c5d-94df-cf6d64d0e320,Informal/Rural Worker,12268.75,0.5296,9,,,0.5789,14.78,1.81,0.579,,,,,False,,17,3,1
d31bda98-a562-4755-b025-91abe9e259ca,Informal/Rural Worker,17335.26,0.4407,13,,,0.5873,10.87,2.28,0.6609,,,,,True,564.0,15,3,1
812ed97e-e2f3-4905-a725-77a8bc24517f,Small Merchant,170154.52,0.2389,24,330060.83,0.8154,0.8206,4.35,,,6.1,0.0975,,,False,,25,4,0
d7d664b5-458e-42ca-83e0-f02d703b5e1c,Informal/Rural Worker,20761.98,0.3819,11,,,0.6594,7.74,2.66,0.7185,,,,,False,,22,3,0
7a35786c-03d7-41e6-bbe0-fa4d78e79d6e,Informal/Rural Worker,16162.01,0.4753,7,,,0.6531,8.93,2.02,0.6258,,,,,False,,19,3,0
a30d1fcc-8d9e-43ce-b496-18c5c1a861f0,Small Merchant,149535.88,0.3315,25,328966.12,0.8253,0.8088,7.4,,,6.11,0.1501,,,False,,25,4,0
cbda83cf-18b1-4a28-96a4-fe6f6d0e48c7,Small Merchant,111642.36,0.3094,22,204800.16,0.6191,0.5595,8.94,1.93,0.6576,5.69,0.1725,,,False,,15,5,0
e8d44893-ba3e-4225-bbcc-a2b4eb5e462c,Small Merchant,65926.93,0.4271,21,114643.19,0.4882,0.4209,12.02,,,,,,,False,,12,3,1
54ef7552-7005-47f9-a9a2-49fa97e7e005,Small Merchant,107216.73,0.3127,24,191491.29,0.676,0.6491,12.59,,,5.34,0.1802,,,False,,14,4,0
5a7ded60-e092-4751-97d5-7989a1b7bfd4,Informal/Rural Worker,19832.71,0.4419,11,,,,,2.17,0.6085,,,,,False,,20,2,0
ffb6a8d3-63d1-4822-a31b-41bfc7d9e407,Informal/Rural Worker,22453.03,0.4116,17,,,0.7513,4.37,2.5,0.7194,,,,,False,,23,3,0
785a6780-8251-4891-b518-8868a3c5ffe0,Small Merchant,84029.06,0.4805,21,267790.14,0.7362,0.6316,11.44,,,3.4,0.1344,,,False,,22,4,1
cd6017a3-30c7-4ff9-a1dd-8a6ff792bd67,Gig Worker,32127.1,0.5016,21,,,,,,,,,18.87,0.0277,False,,20,2,1
addc8d97-48fb-423d-847d-cbcc0ed8934d,Gig Worker,29160.77,0.388,21,,,,,2.03,0.6713,4.26,0.2161,25.33,0.0343,True,618.0,19,4,0
6c192d1f-6d89-4678-b877-85b24fc2a789,Small Merchant,115239.03,0.2515,26,289470.06,0.8477,,,,,3.79,0.1764,,,True,639.0,18,3,0
af08c80d-b63d-4904-9219-e8bbcfaa57ff,Informal/Rural Worker,25737.04,0.3947,18,,,0.8123,3.74,2.61,0.8606,,,,,False,,21,3,0
fa248b35-12ae-48f6-b6d1-4d7e48e2f523,Gig Worker,37885.84,0.355,23,,,,,2.61,0.7621,,,21.88,0.1127,False,,24,3,1
e39a5944-aaf6-48f6-909d-68528a9ba6d6,Informal/Rural Worker,18612.18,0.4841,10,,,0.6755,11.64,2.35,0.6333,,,,,False,,16,3,0
1511f4a0-b95c-4dce-a06e-616ec6b9821d,Small Merchant,149570.15,0.2935,25,328700.09,0.8275,0.6908,10.27,,,7.58,0.1214,,,False,,25,4,1
2e60d17c-2096-4df1-ab97-baffce20ec68,First-time Borrower,28585.85,0.23,13,,,0.5454,14.31,1.19,0.5885,,,16.55,-0.1918,True,547.0,8,4,1
690f221f-e570-4436-b687-5f622070bbfa,First-time Borrower,42620.35,0.1842,15,,,0.6485,8.17,,,5.98,0.1468,,,True,541.0,21,3,0
a7d2bb87-9191-477e-9a0e-4fd02221752d,Small Merchant,142676.35,0.285,24,282048.83,0.9178,0.7302,7.22,,,3.2,0.1224,,,True,664.0,16,4,0
45de4a48-90ed-4dbf-b227-d364bd052098,First-time Borrower,59326.99,0.1843,23,,,0.7152,7.28,,,,,,,False,,19,2,0
2a363ed2-77a0-4abd-8465-c687ac642c11,Gig Worker,31090.21,0.3601,20,,,0.625,10.94,1.21,0.7137,3.81,0.1688,15.08,-0.0622,False,,18,5,1
aa1f27db-f267-4c16-8a1b-791091782637,Small Merchant,95074.69,0.3672,22,244129.12,0.5957,0.569,12.1,,,4.45,0.1498,,,False,,15,4,0
9d0d7e49-29cd-40cb-abea-c88e0b756eec,First-time Borrower,33186.52,0.25,15,,,0.3912,12.57,,,,,,,False,,9,2,0
0f7c3a1f-b6f3-45fa-8866-567b0ade1899,Gig Worker,32395.28,0.4744,22,,,,,2.09,0.5736,,,22.15,-0.0304,False,,17,3,0
3dca8304-e136-44ba-9e86-318109de99bf,First-time Borrower,43293.85,0.2715,19,,,0.6314,13.16,,,,,,,True,570.0,14,2,0
d9cd99eb-b513-4b37-b6f9-c4f2baa8747b,First-time Borrower,47780.78,0.2461,16,,,0.6416,15.39,,,2.33,0.2613,,,True,623.0,16,3,0
9659b151-f760-44b5-ab84-e200bddcaeae,Small Merchant,103012.93,0.3982,23,273874.27,0.6342,0.7093,5.83,2.24,0.7156,6.04,0.2008,,,False,,15,5,1
6d9582e9-d66e-4635-9a5b-3391f809d4c8,Small Merchant,171917.9,0.2682,27,419938.93,0.9369,0.9024,3.5,,,8.3,0.0733,,,True,806.0,27,4,0
cb9fa394-506e-48ed-8c4c-a8d043456d46,Small Merchant,147502.35,0.2803,25,304105.25,0.8136,,,,,7.81,0.1339,,,True,684.0,24,3,1
d7b4b264-f474-41ab-bbc7-8c6b32d36b64,Small Merchant,150465.98,0.2883,25,232256.16,0.7111,0.7417,6.38,,,6.81,0.1415,,,False,,19,4,1
c40cfbd9-34e2-461c-977b-d57d4dd70361,First-time Borrower,38246.65,0.288,14,,,0.5353,15.29,,,0.9,0.2625,,,True,464.0,11,3,1
baed5dbc-94ec-41fb-845d-b0e7b3a44d5a,Gig Worker,33239.87,0.4392,23,,,0.6247,9.01,2.38,0.7008,6.49,0.1813,18.45,0.077,False,,13,5,1
b870c264-6bb1-4a1f-a416-91e3935f774d,Informal/Rural Worker,31335.78,0.2268,18,,,0.9065,0.39,3.59,0.9021,,,,,True,820.0,31,3,0
6d68d053-2227-4960-bac1-f8edc6c8fdfd,First-time Borrower,48038.65,0.2528,18,,,0.542,9.36,,,4.71,0.1325,,,True,556.0,12,3,0
1bbe2c4e-9804-44a5-b52c-f63be91ab075,Gig Worker,42713.76,0.3631,25,,,,,3.07,0.8466,,,20.43,0.157,False,,17,3,0
89c087b8-6c46-4d80-b618-08ec9c7e8e82,Gig Worker,35757.76,0.3595,22,,,,,1.92,0.6126,5.67,0.2267,21.0,-0.0383,True,672.0,15,4,0
4256a5c4-08a4-4d76-b6a0-78bde4ecaad2,Informal/Rural Worker,24050.46,0.4206,16,,,0.7713,10.62,1.85,0.7409,,,,,False,,22,3,0
1d3118f9-4504-4d56-a796-b48e240072b5,Informal/Rural Worker,22613.17,0.2977,15,,,0.7482,6.44,2.5,0.6998,,,,,False,,22,3,0
c1033be3-2b73-4119-9e07-7f09f36f9615,Small Merchant,146348.94,0.2911,24,333565.68,0.775,,,,,7.73,0.1585,,,False,,26,3,0
ee05d521-d5dc-4146-b77a-80456023611a,Small Merchant,47898.36,0.5013,22,101617.94,0.6531,0.5393,17.9,,,0.5,0.2256,,,False,,6,4,0
6a3e35f2-3f7f-49cf-b8fa-69323229b865,Informal/Rural Worker,10153.05,0.5223,4,,,0.4556,18.5,1.17,0.5552,,,,,False,,9,3,0
86b61162-8805-4fd8-a163-18092e1473db,First-time Borrower,56755.76,0.2207,19,,,0.7131,11.6,,,,,20.98,0.0708,True,681.0,15,3,0
a32c0414-3682-4986-8c6e-28950368bf35,Gig Worker,31851.95,0.1502,26,,,0.8007,6.28,2.94,0.8297,8.34,0.1069,24.08,0.1153,False,,30,5,0
1a590519-e85a-4f6d-9e33-32e66698b190,Gig Worker,46190.39,0.3866,25,,,,,2.78,0.7682,8.31,0.1366,19.95,0.1023,False,,19,4,0
3ed5c3e2-00b3-4a59-ad76-499f68b70fdf,Informal/Rural Worker,20979.5,0.4152,16,,,0.7725,6.73,1.9,0.7601,,,,,False,,24,3,0
44117365-2e78-47fb-a64b-48e33081dd98,Gig Worker,32282.27,0.4064,18,,,,,2.18,0.5919,,,19.6,-0.0658,False,,11,3,0
1299e17c-6430-422a-931f-cc3040c584e1,Gig Worker,28904.12,0.4137,25,,,,,2.56,0.7836,6.6,0.174,18.4,0.0955,False,,24,4,0
56167d58-2d24-45ec-96f4-f65c70784e41,First-time Borrower,45402.81,0.2632,16,,,,,,,4.12,0.2211,,,False,,13,2,1
5e5d6e94-58ab-444d-8e75-b5663ef7db76,Small Merchant,172370.32,0.2317,27,409886.72,0.9005,0.9424,2.12,3.53,0.961,10.03,0.039,,,False,,24,5,0
66c47ad1-1d20-47d6-a208-63a0eb311ef1,First-time Borrower,42605.63,0.2495,17,,,0.5865,11.25,,,,,,,True,554.0,13,2,1
623a8b40-f61c-43a7-9cc6-ee66f87fda6b,Gig Worker,25018.85,0.409,22,,,,,2.52,0.5277,4.33,0.1737,16.74,0.0711,False,,15,4,1
18b726b9-1c61-4a55-a3d9-033e69b7647a,Informal/Rural Worker,20696.4,0.505,9,,,0.6954,9.19,1.94,0.6256,,,,,False,,17,3,0
b9507517-ffbd-4790-899d-0db6b8115b27,Informal/Rural Worker,34524.13,0.4518,20,,,0.9291,3.49,2.84,0.863,,,,,False,,29,3,0
88b61a68-7cb9-4047-98ba-d01f0707af21,Small Merchant,161827.87,0.2873,27,279625.7,0.6824,0.8036,6.72,2.87,0.7394,5.49,0.0745,,,True,747.0,31,5,0
4f82be7a-3501-458c-8ebb-708fd100cf10,Gig Worker,50008.17,0.122,29,,,,,3.54,0.8008,,,23.25,0.1751,False,,24,3,0
7d089806-1acb-451e-98d9-86caa7d3e8a4,Gig Worker,19435.14,0.3971,21,,,,,1.84,0.6483,5.1,0.1925,15.54,-0.0787,False,,12,4,0
9eaad37d-972a-4207-9868-8a06f0fa8964,Informal/Rural Worker,21612.21,0.3408,15,,,,,2.95,0.7714,,,,,False,,26,2,0
28069edc-86e6-431c-9e62-d3952f387f92,Informal/Rural Worker,19416.37,0.3865,14,,,0.7261,7.51,2.78,0.6945,,,,,False,,20,3,0
feb597f6-1c5f-444c-a8eb-fd478edf709a,Gig Worker,40339.21,0.2489,22,,,0.7198,10.07,2.7,0.7404,7.39,0.2026,18.92,0.0757,False,,24,5,1
5ac2a069-ab8f-4f2b-9a4b-b6a91b2cc5f5,Small Merchant,59293.0,0.4021,22,151379.65,0.5414,0.5709,8.86,,,1.24,0.2135,,,False,,14,4,0
91b1fae9-fe7d-4619-80d5-89ca7f8e50b3,Gig Worker,47928.77,0.3509,27,,,,,2.51,0.7034,7.91,0.1065,23.39,0.0667,False,,20,4,0
21e89ca4-a8f5-4676-9406-a7cbd6fff391,Small Merchant,183387.77,0.2781,29,403403.05,1.0,0.9326,0.01,,,11.05,0.0881,,,True,794.0,27,4,0
39934718-23ff-4621-84cf-63b9bc6ceb67,First-time Borrower,36401.18,0.2079,14,,,0.6589,10.62,,,4.98,0.2071,,,True,620.0,18,3,1
0df92094-163c-40ce-a76b-354600998ae4,Gig Worker,28328.9,0.4198,20,,,,,1.14,0.5401,,,14.1,-0.138,False,,13,3,0
ee8e113d-d14d-4c72-8110-cc492a2efcb2,Small Merchant,219607.88,0.1942,29,374750.47,0.9767,0.9788,0.0,3.32,0.8986,9.7,0.1293,,,True,797.0,35,5,0
7196741f-8ae5-4555-b308-f4452a20b4b8,Small Merchant,113194.83,0.2974,23,311746.39,0.8497,0.7203,5.62,,,8.11,0.1278,20.48,0.1297,False,,26,5,0
c4a13d12-3823-41a5-bb9e-38acae5806ba,First-time Borrower,80127.89,0.1775,26,,,0.8024,5.44,,,7.49,0.1171,,,True,696.0,23,3,0
2dc42583-9080-4da5-9bb3-af20436d928d,Small Merchant,193862.73,0.3279,26,392096.39,0.8712,0.8262,5.32,,,7.75,0.1355,,,True,744.0,30,4,0
07667bb2-64ec-433f-9c2c-922d89388e4c,First-time Borrower,63686.18,0.1496,25,,,0.8792,0.0,,,,,,,False,,27,2,1
dcd4b07e-3cf6-4b0c-850e-8ceb4d6a1aa7,Informal/Rural Worker,18586.35,0.4896,11,,,,,1.96,0.6937,,,,,False,,16,2,1
f897cbc2-5641-43d9-a919-8a95692c57c5,Gig Worker,19250.12,0.5776,24,,,0.4751,11.61,1.63,0.558,,,14.39,-0.1132,True,430.0,12,4,1
d444bd95-33e7-48c5-b7eb-6e10641a0ed3,First-time Borrower,75033.0,0.144,25,,,0.8426,8.95,,,,,26.18,0.1605,True,720.0,24,3,0
a38d506d-9346-4b7a-a188-9f4e541c9366,Gig Worker,38001.1,0.3779,21,,,,,2.55,0.562,4.51,0.1875,14.92,-0.0522,False,,21,4,0
60ba8179-9030-4e5e-b488-90f3fdf00e83,Informal/Rural Worker,17634.63,0.6225,13,,,0.4718,11.83,1.76,0.4937,,,,,False,,10,3,1
f42a59c9-7061-42f5-856f-279c64075d56,Informal/Rural Worker,26319.95,0.3423,19,,,0.9281,4.74,3.23,0.8449,,,,,False,,27,3,0
078b66b4-8db3-4302-8393-08bbd29f4202,Informal/Rural Worker,16316.74,0.6172,16,,,0.5191,9.51,1.73,0.5226,,,,,False,,13,3,0
68ded474-8fac-4046-a297-c9dd3ac90ba5,Informal/Rural Worker,18191.8,0.4572,8,,,0.6103,7.1,2.18,0.6915,,,,,False,,11,3,0
36c3079e-55d5-4da7-89c9-efbc10cdd128,Informal/Rural Worker,27546.69,0.2802,18,,,0.8236,3.34,2.98,0.9478,,,,,False,,25,3,0
f316d402-e437-4dee-bef5-b489e53077ab,Gig Worker,17153.71,0.4895,20,,,,,0.85,0.5402,3.52,0.2394,13.26,0.0108,False,,15,4,1
5d323b5d-0f2f-4dd9-81e9-2e0eed50b170,Small Merchant,191630.66,0.2417,27,397093.28,1.0,0.8799,0.39,,,10.43,0.1086,,,True,818.0,27,4,0
86ff68a5-a7a9-4076-be3b-c3edb5612502,Gig Worker,22862.98,0.5152,18,,,,,2.12,0.4642,,,18.56,-0.1385,False,,13,3,0
29e195bb-465f-45e1-aec0-731487151ca4,First-time Borrower,53315.3,0.1955,17,,,0.6076,10.43,2.38,0.6117,,,,,False,,19,3,0
4148830e-2ed3-4e9f-a606-5458a05beed4,Informal/Rural Worker,15578.96,0.7063,11,,,0.4368,13.09,1.49,0.5352,,,,,False,,15,3,1
c577113d-0f70-485f-8df7-0e073aa763bc,Gig Worker,43968.43,0.3857,24,,,,,2.41,0.6274,,,18.84,-0.0002,False,,14,3,0
2629420a-c06f-45ab-8585-5b588318b1f0,First-time Borrower,61721.72,0.2517,19,,,0.6815,7.4,,,,,,,True,675.0,19,2,0
49992f22-678a-46a3-bba7-d5315688630b,Informal/Rural Worker,10033.2,0.5409,8,,,0.6354,10.63,1.54,0.5414,,,,,False,,12,3,0
dec698de-e92b-4ee1-b9ac-61fe946fec2f,Small Merchant,137628.19,0.4397,23,228421.69,0.7073,0.6644,10.53,,,5.06,0.1773,,,True,624.0,15,4,1
8ee7f8cd-882f-457d-ae9b-963b8ac3c564,Informal/Rural Worker,17591.85,0.5212,11,,,0.547,10.53,2.04,0.4854,,,,,False,,14,3,0
f2f8032d-d2ba-409d-b9fb-1694ef6f042c,Informal/Rural Worker,19024.25,0.4576,16,,,0.7583,10.47,2.39,0.6286,,,,,False,,14,3,0
7c79aec8-a967-4290-b92f-4ea8b5036f22,Small Merchant,72605.57,0.4499,21,155596.91,0.5431,0.5446,12.52,1.82,0.4844,,,17.02,-0.0846,True,539.0,14,5,1
11adc2cd-a7d0-485d-bbd8-ab7ce9a10328,Small Merchant,123991.85,0.3556,23,252408.57,0.8322,0.5953,8.6,,,5.75,0.1711,,,True,612.0,23,4,1
3c5ddefc-b0b3-4884-b02f-70c9cad56a9c,Small Merchant,71505.07,0.3891,20,198698.67,0.6029,0.5746,14.29,,,2.76,0.1918,,,True,532.0,12,4,0
c77e0a0d-b0a3-43b2-95b2-325dda288199,First-time Borrower,55895.11,0.2178,18,,,0.6384,11.13,,,,,,,True,591.0,12,2,0
fd50438f-d75f-45c8-b505-6539c06545f8,Gig Worker,21459.92,0.4585,20,,,0.5751,13.64,1.67,0.5428,,,15.38,0.0619,False,,8,4,0
6b014267-cb63-4bb8-b62a-2ea1a5adb990,Informal/Rural Worker,20541.3,0.4129,14,,,0.549,13.07,2.01,0.6092,,,,,False,,11,3,0
36e15a8d-b7c5-4b9c-b1fa-87dc9593c946,Informal/Rural Worker,24125.49,0.3515,16,,,0.7228,11.13,,,,,,,True,649.0,21,2,0
c4f03343-c463-4ffc-ba0b-d0eb6cc81a65,Informal/Rural Worker,17334.56,0.6065,12,,,0.6114,14.38,1.93,0.5659,,,,,False,,12,3,0
4f0d7852-6fee-43bf-950e-9febba1cb1f2,First-time Borrower,26477.15,0.2976,13,,,0.5051,15.96,1.41,0.5902,2.01,0.209,,,True,458.0,6,4,1
6ebf8f3f-a84a-4a36-8057-ee815b28af2d,First-time Borrower,34467.68,0.3038,10,,,0.5401,12.08,,,2.11,0.2276,,,False,,4,3,1
4648a7ee-8eed-4c5a-b326-0a47ce4ed5f8,First-time Borrower,48880.67,0.1338,21,,,0.6897,9.58,1.98,0.7316,,,,,False,,19,3,0
ebd447d9-3988-46f1-9cab-50800281f2ca,Informal/Rural Worker,25109.13,0.3581,15,,,0.791,3.46,2.34,0.7913,,,,,False,,26,3,0
d2b3776b-9efe-4311-a985-e7a940eb6614,First-time Borrower,79076.04,0.1003,23,,,0.8343,3.39,,,,,,,True,815.0,33,2,0
dd3ed432-ab7d-404b-b615-a9a85e0c1bc7,Small Merchant,155402.55,0.2892,27,325936.08,0.8598,0.8566,7.0,,,6.7,0.0769,19.3,0.1836,False,,20,5,0
9c62372d-3cda-4cbc-8358-fbb5133cdf98,Gig Worker,28656.75,0.3798,20,,,,,1.8,0.5913,,,19.7,-0.0413,True,532.0,13,3,0
308a539c-13b7-4666-98d7-cd2303943d22,Small Merchant,215365.36,0.2231,29,420695.29,1.0,0.8825,0.21,,,9.75,0.1213,,,False,,30,4,0
576ec619-43de-417a-b280-7b9b445bce24,Small Merchant,171395.62,0.2676,27,326152.5,0.8107,0.7838,0.53,,,8.86,0.1016,,,False,,24,4,0
09b2191f-ac96-4ab1-b227-06a0f72badee,First-time Borrower,66379.11,0.1433,24,,,0.7532,3.85,,,7.32,0.1199,,,False,,25,3,0
77e2bfff-6a69-4dfc-8e59-7b1f2cf0815d,Gig Worker,27716.54,0.4182,18,,,0.4696,10.82,1.68,0.67,,,16.8,0.0006,False,,17,4,0
87ab4b79-bbed-49bd-bdb3-a5ec7e8711d5,Small Merchant,134142.43,0.2843,24,299807.96,0.8355,0.7065,10.75,,,7.5,0.1425,,,False,,22,4,0
58eee5ef-09b5-4304-b840-a80762e23969,Informal/Rural Worker,20857.03,0.4502,14,,,,,3.17,0.6351,,,,,False,,20,2,0
a898d9ce-edf4-4553-aa56-113d89cb0a3d,Small Merchant,72017.58,0.4327,21,216440.31,0.6107,0.619,12.64,,,3.95,0.1903,,,False,,9,4,0
381b1fbf-3533-49c9-a87c-e15a0296b10e,First-time Borrower,72444.85,0.0966,24,,,0.9104,0.0,,,,,,,True,718.0,29,2,0
d5529239-ef92-444a-bc38-8178a33d3162,Small Merchant,64103.12,0.3516,23,170631.68,0.5718,0.6366,13.95,1.24,0.591,3.91,0.2109,,,False,,14,5,1
c401092d-ca46-48fc-9112-986c3bddc538,Informal/Rural Worker,19715.25,0.5597,10,,,0.5339,13.14,,,,,,,False,,14,2,0
d2dc1265-57bc-4abe-b221-7ef61813f871,Informal/Rural Worker,22576.17,0.344,15,,,0.815,6.1,,,,,,,False,,18,2,0
9e9ac88a-2de4-434d-8f30-73b2e0b1c2af,Informal/Rural Worker,10276.95,0.5162,13,,,,,2.04,0.6258,,,,,False,,20,2,0
69cec82c-bb84-488c-9931-4fff9cd9e73b,Gig Worker,23027.92,0.362,20,,,,,2.08,0.5126,3.52,0.2143,14.4,-0.0629,False,,15,4,0
0b00687f-4ba5-48ab-8d53-42138d1d7f85,Small Merchant,80387.91,0.3877,23,213519.6,0.67,0.5551,10.02,2.23,0.5522,5.65,0.153,,,False,,13,5,0
f327fa9b-76fe-4e8b-8309-725180a41ace,Small Merchant,149408.0,0.3736,25,375532.39,0.8121,0.9214,3.53,,,5.76,0.0954,,,False,,22,4,0
c7273f4b-d739-4882-b820-285191e031da,Gig Worker,49008.9,0.3232,28,,,,,3.45,0.8873,,,26.59,0.1782,False,,22,3,0
3f824e73-dd69-4362-af0d-814996e03b89,Gig Worker,43204.21,0.4547,25,,,0.7507,8.4,2.84,0.6011,5.33,0.1212,17.82,-0.0167,False,,19,5,0
036b57c7-7260-4c9f-b145-d02da64f1c05,Informal/Rural Worker,24658.05,0.4968,20,,,0.7933,7.51,2.68,0.7856,,,,,False,,20,3,0
e8215624-3f5a-42e4-a6af-be1a09237a2d,Small Merchant,139709.78,0.295,25,226613.32,0.7403,0.7085,8.59,2.34,0.7639,5.01,0.0904,,,False,,16,5,0
da650d69-0412-492f-9266-e51cb8cae92f,Informal/Rural Worker,18025.31,0.3985,12,,,0.602,9.79,2.54,0.6886,,,,,False,,20,3,1
253c6a06-1b69-4183-a026-5e4bd34fee49,Gig Worker,43149.58,0.3881,25,,,0.8494,6.86,2.81,0.8298,,,19.49,0.1228,False,,22,4,0
a83be3fa-6e5b-42ea-b076-cb0299354de8,Informal/Rural Worker,8238.44,0.606,9,,,0.5796,13.66,1.68,0.4807,,,,,False,,12,3,1
53b15910-c7ec-4296-805a-48956a6f609e,Informal/Rural Worker,19633.16,0.4674,16,,,0.7056,10.07,1.58,0.6817,,,,,False,,18,3,0
2dfe747f-768a-44aa-a92c-b41a45b52673,First-time Borrower,52852.83,0.3181,16,,,0.5943,15.56,1.54,0.5463,2.82,0.1813,,,True,471.0,5,4,1
1bb00ce5-3752-478f-aa8c-a7ac728b0811,Gig Worker,38314.08,0.329,24,,,0.7739,7.05,2.67,0.7607,,,,,False,,21,3,0
72a7a37e-26cd-4719-a304-328ba53db057,Informal/Rural Worker,18221.67,0.4299,18,,,0.6457,8.74,2.35,0.7988,,,,,False,,17,3,0
a2f4d1cb-ef98-43c9-8ec8-1b1978815c5f,First-time Borrower,57602.86,0.2265,19,,,0.6818,9.36,,,6.58,0.1388,,,True,664.0,26,3,0
4a07e4ee-5ad8-4e03-9d9e-d51c9e2c2cef,Gig Worker,49728.91,0.2961,27,,,,,2.93,0.9507,7.8,0.0945,23.94,0.147,False,,23,4,0
b7666375-497a-489e-928a-613fab47926a,Informal/Rural Worker,24450.89,0.4232,18,,,0.8902,8.56,2.94,0.8343,,,,,False,,24,3,0
6d5c4baa-e730-4b4f-b319-ffd6cdb4f6ec,Small Merchant,66653.18,0.4923,22,93792.64,0.571,0.5083,12.28,1.42,0.4627,2.31,0.2126,,,False,,3,5,1
5130de9d-07a4-4843-ae9c-5639bbedfe05,Informal/Rural Worker,20651.15,0.3965,14,,,0.7221,8.11,2.5,0.76,,,,,False,,23,3,0
e15f85c7-8811-47e5-a547-52f18f0835fa,Informal/Rural Worker,31175.11,0.3152,18,,,0.8492,2.52,3.09,0.82,,,,,False,,25,3,0
b37f3629-da4e-4eb2-aa13-e6401b4aa92c,Gig Worker,34744.29,0.2527,25,,,,,2.81,0.8419,,,20.84,0.0518,False,,25,3,1
44bb9387-765b-41ad-afba-61bdc57ce07d,Small Merchant,208007.37,0.1984,28,380068.54,0.9239,0.8679,0.65,,,10.22,0.1478,,,True,815.0,29,4,1
802d8220-f4ae-4611-a473-f70c7e1655c4,First-time Borrower,66266.24,0.257,24,,,0.8033,9.31,,,,,,,True,679.0,24,2,1
fb352491-4043-4457-9b08-17cc02ed365b,Informal/Rural Worker,29133.64,0.4141,18,,,,,3.01,0.8651,,,,,False,,27,2,0
216a314c-d2a5-43ce-bb7b-3e9583eb52ad,Small Merchant,110460.23,0.279,25,241431.16,0.6503,0.6224,5.04,,,,,,,False,,25,3,0
9901afcd-770b-4f50-a4e3-60072a72e8a9,First-time Borrower,63540.26,0.2168,20,,,0.7283,8.54,2.52,0.6559,,,,,True,638.0,21,3,1
e3d80e56-9269-48f8-ba54-9e4d600b28cc,First-time Borrower,51481.3,0.1488,22,,,0.6127,5.52,2.54,0.6824,,,,,False,,23,3,0
38501ab9-d916-4cb5-8354-8daa147d2f13,Informal/Rural Worker,16517.25,0.6209,8,,,0.7487,10.97,1.78,0.5229,,,,,False,,13,3,1
ada4a9d3-cd61-4744-b9f2-738c329aca41,Small Merchant,101544.27,0.4149,23,188544.52,0.6285,0.4326,13.6,,,5.02,0.1954,,,False,,18,4,1
e7ff563a-329a-4861-82e3-df6e532597e8,Informal/Rural Worker,23055.65,0.4427,11,,,0.791,8.4,2.63,0.8292,,,,,True,689.0,20,3,0
2e8f6365-37a5-4af2-948a-f1aa0e64fba2,First-time Borrower,45622.26,0.2483,17,,,0.6172,13.39,,,4.78,0.2386,,,True,598.0,15,3,1
6c4d34f4-1f0a-42fe-8a07-2c75b0d29365,Informal/Rural Worker,29647.67,0.464,19,,,0.7764,3.72,3.14,0.7877,,,,,False,,31,3,0
dd428ba3-02ba-4734-946a-7d2d367d2650,Informal/Rural Worker,29651.4,0.3915,18,,,0.8932,3.42,3.04,0.8084,,,,,False,,32,3,0
26890b93-127b-45ff-a848-79ba84b9be4e,First-time Borrower,38575.91,0.3031,15,,,0.534,9.91,,,3.87,0.1864,,,True,526.0,13,3,0
d8d284c3-51db-4384-8f85-3ff94e1b119d,Informal/Rural Worker,11014.24,0.5716,7,,,0.5214,15.99,1.5,0.4543,,,,,False,,11,3,1
57f3d0fc-1725-47c7-a74b-f583436883c8,First-time Borrower,44887.16,0.2514,18,,,0.5096,12.42,,,4.69,0.2712,,,True,497.0,11,3,0
0a1c50dc-da13-4135-8e61-b4bcbc7bbffd,Informal/Rural Worker,20726.59,0.357,16,,,0.6969,9.15,2.65,0.6411,,,,,False,,20,3,1
001d4c86-4560-4674-a790-b2075fa031bd,Informal/Rural Worker,30080.71,0.3656,18,,,0.8252,3.59,2.97,0.7869,,,,,True,704.0,26,3,0
71c41dfa-e6c6-4d9d-8515-19f7a205c922,Gig Worker,48213.73,0.2471,25,,,,,3.32,0.814,,,,,False,,25,2,0
8dfda484-ec82-4dc6-b4fe-2c5809b43ed6,Small Merchant,68810.76,0.4081,22,185351.81,0.731,0.4417,15.42,,,,,,,False,,10,3,1
caec9d1c-abb8-4edc-bf30-1d0ee61f7017,Informal/Rural Worker,24222.41,0.4635,16,,,0.7983,4.98,2.61,0.7233,,,,,False,,22,3,0
b202accd-90e2-44f7-8f0a-d168a4e65f38,First-time Borrower,50871.85,0.1582,19,,,0.6653,10.41,,,3.51,0.1781,,,False,,15,3,1
b7ae1590-942f-4748-9795-2d4df5b77b00,Gig Worker,36662.77,0.3986,23,,,,,1.82,0.6337,,,11.94,0.0784,False,,20,3,1
61d02e9d-ca66-4e28-a0b1-3ec27b394235,Gig Worker,29154.25,0.3971,25,,,,,1.95,0.5617,,,17.58,0.0565,False,,16,3,0
4a9b94e4-6a76-4daf-a161-ff7e63bb0d6c,Informal/Rural Worker,21679.49,0.4516,13,,,0.683,8.62,2.6,0.6764,,,,,False,,20,3,0
22ebd84c-47df-4d11-8a8d-a9136d178591,Informal/Rural Worker,22307.09,0.4043,14,,,0.8214,8.11,,,,,,,False,,18,2,0
239da0da-1afb-40b1-8d6a-83dafc9637bd,Informal/Rural Worker,21492.88,0.5118,12,,,,,2.26,0.5709,,,,,False,,22,2,0
d35e775a-e175-4cef-8b04-0f35fe4b1846,Gig Worker,32273.93,0.5649,23,,,,,1.79,0.6539,,,18.8,-0.0252,True,609.0,16,3,1
5a4d63ac-362d-4009-a070-b4c1e92e804d,Small Merchant,193360.2,0.1162,28,350211.81,0.8023,0.8601,1.9,,,10.56,0.0804,,,True,797.0,28,4,0
2c53c9b8-5db8-46bd-ba92-3f12a2381554,Gig Worker,40717.35,0.2603,27,,,,,3.19,0.8718,,,22.16,0.1334,True,733.0,30,3,0
1e6bf6fb-3ecd-4bee-beae-658b8acd106d,Informal/Rural Worker,30157.5,0.5474,17,,,0.8045,2.75,3.14,0.8594,,,,,False,,25,3,0
058bbc9b-546f-41ba-b95c-9a0b606d2951,Informal/Rural Worker,25587.31,0.3785,16,,,0.8339,5.2,2.59,0.8712,,,,,False,,26,3,0
188c0503-37b2-4c81-8463-5720944db2e5,Gig Worker,39991.15,0.4393,24,,,,,1.96,0.8254,,,19.78,-0.0637,True,681.0,13,3,0
60351764-3bac-4be2-b1b9-dcf12409aa45,First-time Borrower,48292.43,0.2432,17,,,,,,,,,,,True,586.0,17,1,0
9e9f5fba-fc04-4c0c-bb73-cdff015582c1,Informal/Rural Worker,26598.62,0.3448,16,,,0.7516,0.8,2.91,0.9946,,,,,False,,26,3,0
c9410cae-49e3-4694-92d2-8919ce87fa42,First-time Borrower,79273.01,0.1993,22,,,0.8724,5.33,,,,,,,True,707.0,25,2,0
fc82cab1-8592-4636-9235-2ea44ad0d3d4,First-time Borrower,33299.72,0.255,18,,,0.537,18.4,1.54,0.417,3.02,0.2179,,,True,477.0,8,4,1
8725e5e2-fa6a-4910-8d94-538b8afe7621,First-time Borrower,49877.46,0.2446,15,,,0.5233,13.83,,,,,,,True,540.0,21,2,0
b8e6dd3e-6c55-44e1-a258-93bb2440e9ac,First-time Borrower,79984.19,0.1367,23,,,0.9355,1.57,,,8.49,0.0949,,,True,747.0,31,3,0
d712dfc0-a611-461e-98fe-a283c0fdc43a,Small Merchant,102250.9,0.3658,23,171552.81,0.6942,0.6132,12.11,,,4.06,0.1337,,,True,528.0,7,4,0
e18a4618-981d-46ea-be31-ed69cf38dc33,First-time Borrower,78152.48,0.1898,23,,,0.8711,6.15,2.57,0.7585,,,25.83,0.1137,True,723.0,23,4,0
133105d7-77c5-48b4-94b8-ba4d2c8151d1,Small Merchant,106078.35,0.3484,25,242989.37,0.7996,,,,,4.14,0.1955,,,False,,20,3,0
5ba04dbb-ac4b-4244-82ff-e540733eec2b,Informal/Rural Worker,26188.41,0.353,15,,,0.8569,1.66,2.29,0.8585,,,,,False,,20,3,0
333f2654-06c9-4d49-a1b3-48567dbe3a33,Informal/Rural Worker,20059.33,0.4672,9,,,0.6391,14.8,1.72,0.5755,,,,,False,,10,3,0
9669b222-f45b-43b5-b5ea-e55917dae719,Gig Worker,38338.64,0.3648,26,,,,,2.44,0.6777,,,22.67,0.2061,False,,22,3,0
bfe93eb9-3a12-4d3a-ba44-bc66d3be7ad7,Small Merchant,80554.32,0.3803,22,154298.91,0.57,0.6296,12.21,,,4.19,0.1778,,,True,562.0,15,4,0
a27ebb4c-fa73-432f-afb7-61b3e35f7414,First-time Borrower,63389.91,0.1234,21,,,0.7995,4.99,,,,,,,True,768.0,23,2,0
ed6af683-bb08-42d1-96dc-946f7c875c28,Informal/Rural Worker,18273.31,0.4349,13,,,0.8556,5.42,2.89,0.8488,,,,,False,,22,3,0
75e0d0cb-2a6a-4eba-b823-c7614891bf26,Gig Worker,43052.68,0.2786,26,,,,,3.58,0.8339,,,25.09,0.1505,False,,27,3,0
c2605a8b-7d29-44c7-aa65-22088ed4077d,Gig Worker,27901.81,0.4705,21,,,,,2.53,0.593,4.63,0.2001,15.59,-0.095,False,,20,4,0
3dfae356-8801-475c-aab2-a53c0d1b90a6,First-time Borrower,70710.13,0.1821,22,,,0.7603,5.15,2.4,0.8314,7.22,0.1265,,,False,,24,4,0
f97ec0e2-7a5e-4118-95b5-630584a6a564,Gig Worker,29942.31,0.3458,23,,,,,2.58,0.7393,,,,,False,,17,2,0
bc2c36b3-e491-4813-9d3f-96c1760826b9,First-time Borrower,51360.48,0.2532,14,,,0.5936,13.68,,,2.52,0.1722,,,True,619.0,14,3,1
71cd1e55-2ff7-4d54-bb2e-d14104c4dab5,Gig Worker,38371.06,0.3009,25,,,,,2.53,0.7573,4.83,0.1499,19.34,0.0771,False,,25,4,0
3a9b322a-04a8-4255-8f4b-f046c8e0db5f,First-time Borrower,48621.98,0.2219,18,,,0.6013,10.69,,,,,,,False,,20,2,0
3ffcf7e9-8408-4a06-aa22-180b981fd568,First-time Borrower,61597.34,0.2187,20,,,0.6708,9.51,,,,,,,True,615.0,20,2,0
394ceb74-b0c4-43fe-b17a-ae432eda518f,Informal/Rural Worker,11406.82,0.5786,6,,,0.4979,16.34,1.51,0.4004,,,,,False,,7,3,1
109924b2-cf38-4eb2-8ea3-7a555f4fbfd9,Small Merchant,157472.6,0.2495,25,332677.22,0.8759,0.7606,7.44,2.95,0.8416,7.28,0.1016,,,False,,24,5,0
7aeb9058-4822-466e-8a64-ec0e52fb15ff,Small Merchant,111059.26,0.3211,24,261264.38,0.5913,0.8043,9.8,2.59,0.659,,,,,True,589.0,21,4,0
e44c16e9-4294-4a3e-a9bf-8685b78129d6,Informal/Rural Worker,18500.99,0.5088,15,,,,,1.7,0.6334,,,,,False,,17,2,1
341da911-308d-4bac-aff7-70c061e45da4,Informal/Rural Worker,21670.59,0.5388,16,,,0.7682,10.65,2.41,0.6773,,,,,False,,27,3,0
c948b0c7-6de3-4439-b242-0d769d8252a2,First-time Borrower,78335.36,0.148,24,,,0.7134,2.97,2.77,0.8614,,,24.76,0.1445,True,765.0,27,4,0
6026a8fa-b303-430f-b224-db3916388d53,Informal/Rural Worker,18543.6,0.5061,8,,,0.5992,16.12,1.19,0.4395,,,,,False,,11,3,0
8c681ed8-fbe3-4fc3-b4b7-afd87bdf28a5,First-time Borrower,65546.27,0.1432,21,,,0.7642,6.12,,,,,,,True,613.0,19,2,0
73196f85-7a5e-4066-9b82-448a1d5a1a1a,First-time Borrower,38092.72,0.3235,19,,,0.5512,9.06,1.17,0.5875,3.15,0.2433,17.2,0.0059,True,534.0,12,5,0
7e4ebe1c-8a19-4f12-a83c-1a2210c77354,Small Merchant,134030.73,0.3621,26,269618.78,0.6883,,,,,7.05,0.1886,,,False,,17,3,0
08963b6c-90c6-42fd-a3c0-08eb61ac57c5,Informal/Rural Worker,15842.35,0.6456,14,,,0.5951,13.3,1.73,0.69,,,,,False,,17,3,0
1b1eeb36-9be6-4287-b9cf-9979e73529a0,Small Merchant,45455.14,0.4111,19,107617.95,0.6357,0.3997,13.51,1.59,0.4249,3.25,0.1885,,,False,,11,5,1
934b7210-0905-4d0f-8192-9a4cd59dad14,Informal/Rural Worker,12941.87,0.4757,12,,,0.6719,11.07,1.86,0.6092,,,,,False,,17,3,1
07bc3b5f-b789-4463-9654-7ff65c85e8ac,Informal/Rural Worker,13072.71,0.4875,10,,,0.6061,13.13,1.31,0.6009,,,,,False,,15,3,1
82076b31-3dc0-4a96-bfab-c819433f25f9,Gig Worker,33888.75,0.3441,25,,,,,3.04,0.8086,,,20.43,0.0402,False,,19,3,0
cabec20d-8ff7-4339-a6a4-a485b5c0aeaf,Gig Worker,17167.16,0.4411,23,,,,,1.69,0.7016,3.08,0.2565,14.61,0.0242,False,,9,4,0
9bcffa84-4c87-41f0-9435-2332c135dcff,Small Merchant,149982.94,0.3094,27,349292.88,0.7311,0.7896,4.03,,,9.22,0.1299,,,False,,20,4,0
21575d3f-657b-49bb-b133-a0518981e5ae,Informal/Rural Worker,18534.98,0.592,9,,,0.7181,9.47,2.3,0.646,,,,,False,,18,3,0
34506b02-2562-41b8-a090-2ad145472457,Informal/Rural Worker,24874.24,0.5504,12,,,0.6179,11.6,2.33,0.5405,,,,,False,,20,3,0
f362d4c5-1e3a-4188-ae29-fc51837a3595,Informal/Rural Worker,32860.12,0.2103,15,,,0.8847,2.42,3.04,0.8335,,,,,False,,26,3,0
3b350593-a47a-4657-8099-03541e363e72,Small Merchant,94632.83,0.4115,23,124244.5,0.5628,0.4636,12.85,,,2.86,0.19,,,False,,15,4,0
1cd3db06-8769-4f93-b668-fc968b75ee89,Small Merchant,148450.87,0.35,25,302259.12,0.8137,0.7209,6.21,2.35,0.6608,6.29,0.1211,,,False,,24,5,0
de15bcb8-9aed-447e-b82d-77554829d5cd,First-time Borrower,38751.77,0.2824,17,,,0.5329,13.78,,,,,,,True,539.0,16,2,0
fc8bca3d-250e-4a02-9a82-a443dfa462b7,First-time Borrower,56638.07,0.1823,22,,,0.7182,7.49,2.37,0.7487,,,,,True,622.0,15,3,0
2d5d5e59-02cc-412a-96f9-b177cbf50331,Small Merchant,155464.44,0.2884,25,337256.16,0.8489,0.8472,0.87,,,7.28,0.1303,,,False,,26,4,1
9c5d42c1-8daa-491a-bf3e-f23259af32c8,Small Merchant,109070.58,0.3111,21,249358.54,0.6556,0.6805,11.05,,,7.13,0.188,,,False,,17,4,1
ff30d3b4-74bc-4a3e-9f97-ecf6d0126710,Small Merchant,148944.78,0.3015,22,257055.44,0.7161,0.717,3.79,,,5.19,0.1694,,,False,,22,4,0
226f262e-305c-443a-9f05-f281dd4cd082,First-time Borrower,23546.95,0.3186,17,,,0.4928,9.99,1.68,0.5247,,,,,True,465.0,15,3,1
b29a7c5c-6a04-403b-b06c-b799305cfd66,Small Merchant,135386.99,0.3471,24,242955.99,0.8506,,,,,5.94,0.1662,,,True,651.0,19,3,0
2c287fe1-87a1-4813-9d5a-e7e21daf8ed1,Gig Worker,42401.72,0.3527,27,,,0.618,1.72,2.71,0.779,,,21.66,0.0902,False,,22,4,0
51bc6b71-d3ef-49b3-8ab1-e1c144c382e2,Gig Worker,36734.9,0.4033,22,,,,,1.92,0.5558,,,20.88,0.0387,False,,16,3,1
2ddde482-a755-4d14-b841-a2c5f5b17027,Small Merchant,116120.74,0.4199,26,284288.51,0.7904,0.6382,7.78,,,6.87,0.1079,24.18,0.0937,False,,20,5,0
b97e65e2-9aef-42d2-86fc-38b64a792a59,Informal/Rural Worker,20541.79,0.452,13,,,0.6225,11.04,1.88,0.7265,,,,,False,,21,3,0
2ac08d0f-92dd-4a6e-a79b-cb3e73060af9,Small Merchant,142298.92,0.3806,23,317220.86,0.8453,0.706,2.58,,,8.59,0.1556,,,False,,25,4,0
37d028c9-09e6-402f-976b-0705238785eb,Gig Worker,27547.53,0.5798,18,,,,,1.29,0.4798,,,11.29,-0.1022,False,,15,3,0
6da69784-3406-4db9-9f75-449c81ade94f,Small Merchant,143023.37,0.2907,25,306005.13,0.6941,0.8194,5.09,,,8.63,0.1091,,,False,,19,4,0
9d43ebd1-8593-4b38-826e-7ecee82d03f8,Gig Worker,44739.56,0.2499,27,,,,,3.33,0.9011,6.85,0.1294,23.01,0.128,True,752.0,30,4,0
0bf1bb12-dcd0-4fc8-8782-00aeaf644dc4,Informal/Rural Worker,16767.95,0.4327,16,,,,,2.05,0.5364,,,,,False,,23,2,0
d82151ca-8606-4aef-8b1a-fe1aa45e074d,Gig Worker,37905.1,0.4275,24,,,0.6612,8.94,2.14,0.7551,,,21.61,0.0973,False,,20,4,0
b90e447c-cf7f-42e3-bd57-3ca62f2b589b,First-time Borrower,54789.4,0.3067,17,,,0.641,12.85,,,,,,,True,613.0,20,2,0
1172a757-ad0d-481f-9034-db5e62e52b7a,Informal/Rural Worker,20250.8,0.3561,21,,,0.7922,3.54,2.2,0.7891,,,,,False,,23,3,0
292a561a-9319-4329-b9d2-3cc6d935c03e,Informal/Rural Worker,21862.72,0.5537,15,,,,,3.0,0.8514,,,,,False,,20,2,0
7bd4b33c-d5af-441a-ac06-576f10ff4c0b,Small Merchant,139303.86,0.3124,23,326890.35,0.7347,0.8081,10.23,,,7.29,0.1336,22.67,0.1178,False,,25,5,0
6c953184-5a56-4e12-a801-561689fdc8f9,Gig Worker,40305.01,0.3325,25,,,,,3.32,0.8173,7.24,0.1298,24.36,0.1439,True,717.0,21,4,0
7da25e6e-0d30-4c4a-b454-0127ce78f472,Informal/Rural Worker,16221.82,0.5978,14,,,,,1.95,0.4424,,,,,False,,14,2,1
2ca2863b-cafd-4439-9b9b-355b4c7e2822,First-time Borrower,31403.65,0.2686,15,,,0.6137,11.33,,,,,,,True,480.0,12,2,0
eff95e7d-1ece-4a68-830e-286fd2fa30c8,Gig Worker,43117.52,0.3262,27,,,,,3.31,0.8591,,,24.34,0.1829,False,,26,3,0
7f085312-4f4a-4444-81cf-b159c9293162,First-time Borrower,66488.3,0.1863,18,,,0.8269,8.64,,,5.99,0.117,,,True,683.0,29,3,0
345e0a0a-02a0-4640-9392-3340cc81f9e9,Informal/Rural Worker,9623.61,0.5725,10,,,0.3416,19.22,1.67,0.5161,,,,,False,,5,3,0
ccc3c915-81d7-427f-b5e9-d92a76f899f9,Small Merchant,147026.73,0.3481,23,244246.32,0.7636,0.7435,10.59,2.23,0.7074,5.93,0.1081,,,False,,18,5,0
b537a380-17b4-4a53-8536-64ed6e6e12a5,Informal/Rural Worker,9041.8,0.5625,8,,,0.727,10.59,1.9,0.4829,,,,,False,,10,3,0
cc19dc31-ae38-41b6-b522-16bb55671782,Small Merchant,64326.81,0.5477,22,116219.86,0.5338,0.4714,15.44,1.38,0.5584,3.57,0.189,,,False,,12,5,0
ce0a300b-9366-42bd-8636-fa5558bcfb1a,First-time Borrower,47300.62,0.2573,16,,,,,,,5.42,0.1641,,,True,522.0,17,2,0
6e2ac166-7c67-457e-89f1-bc1b89a1b437,Small Merchant,213901.33,0.2129,28,353997.7,0.8529,0.9112,3.08,3.0,0.8999,9.42,0.135,27.77,0.1921,False,,27,6,0
ba9203a3-15bc-47ab-b4d8-4a25c4e74b3e,First-time Borrower,33043.35,0.2911,14,,,0.6655,12.72,1.06,0.4689,,,,,True,497.0,10,3,0
2038f9cc-6fc9-4516-9b34-6e974871c76a,Informal/Rural Worker,17566.77,0.3899,9,,,0.6058,11.01,2.08,0.5476,,,,,False,,15,3,0
2661c5bd-9c2f-4a09-aa2e-0b2a8b7f42d2,Small Merchant,101274.28,0.4436,26,205662.18,0.6586,0.581,13.88,,,5.01,0.1176,,,False,,19,4,0
26772d51-b356-4360-9002-9ab400854778,Small Merchant,136480.19,0.3551,23,250187.08,0.8032,0.8291,7.79,,,5.84,0.1813,,,False,,17,4,0
c76d0e74-b10c-4d0e-a522-e1a19abe8b23,Small Merchant,79294.42,0.3744,19,168730.69,0.5498,0.3511,17.53,,,2.79,0.212,,,False,,15,4,0
4269d869-e9bd-4059-aa11-16ac9f1b37ad,First-time Borrower,52600.16,0.2664,18,,,0.6359,5.88,,,4.38,0.1938,,,True,582.0,15,3,1
2e293ba4-246d-449d-bc67-ac4c730dfc58,Gig Worker,40402.5,0.4566,23,,,,,2.52,0.8295,,,24.3,0.032,False,,26,3,0
d1cbb5e1-1b24-41b5-9ccf-7dbb3aaeb7de,First-time Borrower,46198.74,0.2878,17,,,0.6677,13.64,1.36,0.5351,,,,,False,,18,3,0
eaed7611-bc2f-4400-9ff7-a609c459fa7f,Informal/Rural Worker,31646.33,0.4379,17,,,0.79,7.23,3.34,0.8323,,,,,False,,28,3,0
ced453b7-f7a2-41f3-86d4-cca192c3ddbb,First-time Borrower,67255.06,0.1962,23,,,0.6513,9.47,,,,,,,True,566.0,22,2,0
8f26a9ec-5e45-4f2b-ab88-ebac03e261aa,Informal/Rural Worker,18044.22,0.4496,11,,,0.6368,11.43,2.19,0.6058,,,,,False,,15,3,0
77184c35-5cc7-4277-9f36-c30a4ce6137b,Gig Worker,24665.17,0.4145,22,,,,,1.3,0.5048,5.07,0.1156,17.16,-0.0006,True,573.0,13,4,0
0dd04b88-eb32-4e60-ae4d-0d7f68f249a2,Informal/Rural Worker,28450.04,0.2671,16,,,0.7818,2.93,3.08,0.7993,,,,,True,731.0,26,3,0
2a16f8ef-bf66-4b65-b2ce-57b5e9f83770,First-time Borrower,71037.82,0.2371,22,,,0.821,10.74,,,,,,,True,646.0,20,2,0
36c569e6-766e-4490-915a-aec1ab363e4a,Gig Worker,45363.46,0.2642,25,,,,,2.71,0.8182,,,20.93,0.199,False,,29,3,0
ff711ea9-2d50-4240-bf6c-2990644a8031,First-time Borrower,53409.9,0.2245,14,,,0.6587,12.24,,,,,,,True,519.0,18,2,0
91347d94-33f2-492d-86b2-e881aa47e77b,Small Merchant,79663.98,0.4687,22,143726.45,0.5484,0.4252,10.62,,,0.96,0.1929,,,False,,11,4,0
b6b5c6d6-9453-4b1a-afd6-103c7154c4b5,Informal/Rural Worker,15177.52,0.5068,14,,,0.656,15.06,2.14,0.4715,,,,,False,,11,3,0
aaf149ea-de77-4fce-9ced-3a8f68167444,Small Merchant,100737.93,0.3367,23,251795.85,0.6556,0.691,10.44,,,4.92,0.2081,22.83,0.0406,True,585.0,19,5,0
088ffb6f-b7f6-42db-97d6-05363b2539fc,Gig Worker,22798.05,0.5352,17,,,0.569,13.97,1.14,0.411,0.99,0.2769,12.49,-0.145,False,,6,5,1
2a12ac46-a560-477b-b227-8b95509e914b,Small Merchant,174287.13,0.2466,25,327098.27,0.8554,0.7319,4.57,2.88,0.7669,5.67,0.1337,,,False,,17,5,0
a667d726-31f2-4a4f-a8f2-d80032462fa3,Informal/Rural Worker,20527.78,0.617,13,,,0.6455,12.76,,,,,,,False,,9,2,1
1d9f5c42-b4c1-4171-b4c7-d94da6e16133,Informal/Rural Worker,19530.2,0.5461,17,,,0.7512,9.25,2.46,0.527,,,,,False,,19,3,0
4e03faf0-e765-4957-8a6e-f294f879f056,Informal/Rural Worker,9381.85,0.6956,7,,,0.4505,17.9,,,,,,,False,,9,2,1
ea38e067-e560-433f-99e3-a5fb882b459a,Small Merchant,67459.85,0.3597,24,215212.5,0.5698,0.5227,14.31,,,2.99,0.2033,14.28,0.0421,True,515.0,15,5,1
ad370e5e-a11b-428d-8b98-48f57d75e39e,Gig Worker,47048.37,0.2906,23,,,,,2.08,0.8103,7.99,0.1182,23.91,0.0716,False,,24,4,0
a1e503f1-7597-43a9-9f0f-9db062a8a75f,Informal/Rural Worker,33055.44,0.409,20,,,0.95,0.11,3.77,0.9899,,,,,False,,28,3,0
00c77586-3cab-449a-94e0-5dd203bfe7bd,First-time Borrower,62893.55,0.2209,19,,,0.6699,6.96,,,,,20.67,0.0409,True,588.0,18,3,0
acc8eb52-2801-486d-86fa-2b5e174f35fc,Gig Worker,30440.72,0.3782,24,,,0.705,13.5,2.02,0.5827,,,15.99,-0.1549,False,,20,4,0
4c62f634-69d5-4094-bcf9-614176b9ab21,First-time Borrower,65069.73,0.2321,22,,,0.6163,6.14,,,,,21.0,0.0868,True,578.0,18,3,0
40e1ee22-e4a8-4105-963a-c6d9f4356dd5,Small Merchant,96632.2,0.325,22,253842.49,0.7819,0.6259,11.56,,,4.32,0.1925,,,False,,18,4,1
3fcc5100-0ae9-4044-9472-aa6cf1e77a27,First-time Borrower,44815.86,0.1938,20,,,0.6512,11.34,2.37,0.7147,4.82,0.1466,,,True,613.0,16,4,0
1f5c3d5d-de60-43ec-b1a1-3e63edbb4b82,First-time Borrower,79070.85,0.248,23,,,0.8664,8.95,,,6.58,0.145,,,True,755.0,18,3,0
a6c500d8-30b4-4300-ac1d-31d207407474,Small Merchant,160398.68,0.2987,27,307413.83,0.8356,,,,,7.69,0.1733,,,True,673.0,30,3,0
e962d4a9-83d2-4df5-b878-69b07879294d,Gig Worker,40825.76,0.2488,25,,,,,2.71,0.6869,,,21.04,0.2354,False,,21,3,0
6c58b4cd-0348-423d-b14e-926243eea1a5,First-time Borrower,87824.38,0.164,27,,,0.7833,3.76,,,8.51,0.0795,26.3,0.0541,False,,32,4,0
90455673-302d-4ada-9dbf-a63e13cceaa3,Small Merchant,106615.99,0.4062,24,259861.58,0.661,0.5656,11.09,,,4.08,0.2002,,,False,,14,4,0
160cf13c-4c0e-4d97-861d-43ef87ffc9f8,First-time Borrower,57826.35,0.1112,20,,,0.6785,6.32,,,4.79,0.1435,15.36,-0.0619,True,607.0,25,4,0
27e4b9c2-e8ac-48a2-a00d-f773912c7850,Small Merchant,72158.79,0.4901,19,153801.13,0.669,0.5453,12.48,,,3.52,0.1749,,,False,,17,4,0
4c80fb09-a23d-4582-b233-28be95d2e9d5,Small Merchant,107331.95,0.4056,25,209227.17,0.7602,0.6781,12.39,,,4.91,0.1549,23.28,0.0415,False,,20,5,0
a7eed1f2-88c5-412e-99c0-3eed43e80a47,Informal/Rural Worker,20988.37,0.5054,16,,,0.7029,10.33,,,,,,,False,,19,2,0
565ad3b6-8d9e-4ebe-872b-d2a5f1a95a6b,First-time Borrower,50873.27,0.3146,17,,,0.4677,9.3,,,,,,,True,510.0,18,2,0
015fef1e-262e-4e80-8903-ee15a8c594a0,Gig Worker,46688.46,0.2939,24,,,,,2.78,0.7096,5.66,0.1349,18.92,0.1273,True,688.0,18,4,0
9257e443-28a3-4d31-b676-519069559b3f,Gig Worker,39366.54,0.4412,25,,,,,2.48,0.755,4.15,0.1522,20.96,0.0567,False,,24,4,0
fa62c8e9-1fc8-4519-a031-00dfc399f5c5,First-time Borrower,82481.02,0.105,28,,,0.902,2.01,,,10.26,0.0576,,,True,799.0,31,3,0
14205a4e-4ec4-4891-b00a-c25dfb81213d,Informal/Rural Worker,32509.37,0.4041,19,,,0.8201,3.14,3.54,0.9086,,,,,False,,21,3,0
63b4724f-528a-4357-a54e-b9878f6c7594,Gig Worker,28582.21,0.4732,18,,,0.6068,13.98,1.85,0.574,4.97,0.212,13.5,-0.192,False,,15,5,0
70b715cf-f442-4992-8d67-7ac8c136a8eb,First-time Borrower,63007.36,0.2167,25,,,0.6849,7.63,,,6.11,0.1099,20.08,0.0354,True,711.0,25,4,0
d7fbe4e2-4dfb-4768-8770-8f85c5f560ce,Informal/Rural Worker,20152.21,0.5448,11,,,0.5996,11.29,2.46,0.7022,,,,,False,,18,3,0
65da7ca8-b67b-4a21-ad22-33f497135dc4,First-time Borrower,36754.97,0.322,13,,,0.6226,14.83,,,2.5,0.1957,,,True,546.0,15,3,0
b406f1ac-f53d-45fd-9978-c42aa9afabe2,Gig Worker,27276.06,0.4237,21,,,,,1.91,0.5512,,,17.76,-0.0137,True,636.0,17,3,1
f4aeac53-f81a-4fd0-8cb6-6013b7c35f8e,First-time Borrower,58642.06,0.1789,21,,,0.6785,9.29,,,,,,,True,619.0,18,2,0
387e491c-4fe4-4ef2-9de4-e87d66cddada,Gig Worker,48070.08,0.2566,24,,,,,,,9.35,0.038,26.77,0.0952,False,,25,3,0
2ee912bd-bd91-447b-aa8a-5e30ac37b177,Informal/Rural Worker,22023.26,0.4453,12,,,0.6552,13.32,2.34,0.6888,,,,,False,,9,3,1
6387ec51-8a7d-4b41-b438-28565a1ed93a,Small Merchant,136948.16,0.2929,22,261598.26,0.6312,0.6176,6.91,,,6.23,0.1369,,,True,666.0,20,4,0
864712d7-5590-4de8-a4f5-1c2f23b15836,First-time Borrower,43835.57,0.321,20,,,0.6857,10.95,,,,,,,True,587.0,18,2,1
e3b6b608-f118-4a6b-8812-b49f54a48643,Small Merchant,187900.6,0.1697,28,355888.6,0.8936,0.8401,0.0,,,7.96,0.1041,,,True,772.0,30,4,0
59bedf86-1b87-4255-a292-b100091cea3c,Informal/Rural Worker,8708.95,0.674,6,,,0.5228,18.46,1.73,0.3903,,,,,False,,13,3,1
87ddc2c3-9f71-40e1-904b-826cc811a494,Informal/Rural Worker,17269.73,0.3996,14,,,0.7105,5.03,,,,,,,False,,20,2,0
f20a3e8c-7485-404d-9e6b-baabc59e3f68,Gig Worker,39986.06,0.2241,26,,,,,2.7,0.7861,,,17.08,0.0904,False,,22,3,0
2af8240d-7bae-4562-9bd7-2b2ca9b6597a,Small Merchant,97276.47,0.4315,23,220862.3,0.826,0.6831,10.9,,,5.94,0.1366,,,False,,16,4,0
bc779076-b321-4177-85ac-012c10687cf2,Informal/Rural Worker,15962.7,0.5903,14,,,,,1.59,0.5604,,,,,False,,12,2,0
b55bd81d-09ba-454b-a1da-30533a228674,Gig Worker,44795.14,0.291,25,,,,,2.87,0.7139,,,23.88,0.2039,True,749.0,26,3,0
c8ae396d-3e57-45fc-bc24-91d96745130e,Informal/Rural Worker,18666.93,0.4565,11,,,0.5368,14.25,1.76,0.5369,,,,,False,,11,3,1
e6d84d98-54dc-4583-a2f5-eced618c6357,Small Merchant,90830.85,0.2338,24,216923.96,0.7006,0.634,11.21,,,5.49,0.1569,,,False,,10,4,0
67d50a75-1d95-4aed-825f-f07854924a9b,Informal/Rural Worker,24987.63,0.3517,17,,,0.7409,7.11,,,,,,,False,,23,2,0
0d24bb4f-aa06-41c8-8a32-e1142fb7f2f9,First-time Borrower,49476.19,0.2032,22,,,,,2.8,0.6722,5.36,0.1588,,,True,647.0,21,3,0
8eb7082c-ee07-4a93-874f-5511c7f3b518,First-time Borrower,61220.75,0.1758,22,,,0.7172,4.86,2.68,0.846,6.85,0.1532,,,True,609.0,24,4,0
1c3e15b4-2353-43c9-9f1c-5859a14d6d0e,First-time Borrower,52202.51,0.1966,18,,,0.6465,4.51,,,6.74,0.1957,,,False,,27,3,0
3e821108-c3bb-44ef-9b20-90c0059de362,First-time Borrower,23773.81,0.3088,13,,,0.5827,13.9,,,6.14,0.2627,,,True,509.0,10,3,1
8c4d3d41-aa99-4fb3-80d1-bde4495676a8,Gig Worker,28511.39,0.4046,21,,,,,1.63,0.6529,4.24,0.1604,17.74,-0.039,False,,12,4,1
8c99b5d2-a16f-4ed9-a92c-c34d70b482bb,Small Merchant,79693.6,0.4853,20,162343.89,0.6727,0.6271,12.5,,,,,,,True,551.0,14,3,0
7fec573c-33fc-4a39-847f-3afe8384be53,Informal/Rural Worker,29072.31,0.4274,17,,,0.7946,5.9,3.01,0.8405,,,,,False,,22,3,0
9654d4d1-8919-4358-bd46-37ed23693347,First-time Borrower,12487.89,0.2842,14,,,0.4117,15.26,,,,,13.07,-0.0101,True,450.0,4,3,1
328b5c04-2aaa-4f76-882a-2c997b9f5d62,First-time Borrower,61661.72,0.222,19,,,0.7248,7.19,2.61,0.764,,,,,False,,24,3,0
36a94244-1585-41d3-af52-ee5f73ae48b3,First-time Borrower,30443.45,0.2842,13,,,0.4384,15.55,,,3.87,0.2904,,,False,,12,3,0
dab75017-192f-48df-abe3-94bf8d1c1f2b,Gig Worker,25104.5,0.4732,21,,,,,2.05,0.4871,,,17.84,-0.1211,True,586.0,17,3,1
bb9b9086-c387-46bf-9705-c2ca55a7ab6b,First-time Borrower,45258.2,0.3328,14,,,0.507,14.9,1.27,0.5496,,,,,True,511.0,16,3,0
a40ad21d-f7b6-4c0f-be4a-4dffe567cb1b,Informal/Rural Worker,17807.88,0.4496,16,,,0.8132,6.06,2.57,0.7077,,,,,False,,26,3,0
78fa3a59-8aaf-43db-88cc-91f37306c578,Gig Worker,30802.1,0.3494,18,,,,,2.63,0.6476,,,21.96,0.0557,False,,22,3,0
f13b2cad-1cf7-4383-bc8a-dc1b68fbb67d,Gig Worker,52597.52,0.1908,27,,,,,3.04,0.8291,,,24.53,0.1522,False,,27,3,0
1f7030c8-1f2c-48a0-b0a3-878fc0b41fd5,First-time Borrower,51361.22,0.2649,18,,,0.633,10.25,1.37,0.57,,,,,True,541.0,16,3,0
92d84e30-0b0d-4c91-b1bf-ee2f7760f60f,Small Merchant,107178.39,0.3916,26,259415.23,0.6946,0.6092,11.94,2.16,0.6505,,,17.81,0.0587,False,,18,5,0
edf201f4-9a21-49c7-8bd2-a1ff33a75f75,Informal/Rural Worker,17127.43,0.4531,6,,,0.5557,12.79,2.18,0.6222,,,,,False,,11,3,1
e2517c93-3316-4f0f-8f48-e92ff18e8d15,First-time Borrower,82538.38,0.1446,23,,,0.8275,2.53,,,,,,,True,742.0,29,2,0
ee321b57-6af1-4268-a5e4-4236617324c7,First-time Borrower,65339.51,0.2243,22,,,0.8567,6.04,,,,,,,True,732.0,25,2,0
0689849b-9612-4c6f-b29c-7866ce72fc90,Gig Worker,48122.55,0.3472,27,,,,,3.03,0.7681,,,27.48,0.1911,False,,27,3,0
fb11c960-9ebd-49c5-a2bb-29cd9a9d1f2f,First-time Borrower,39950.28,0.1995,15,,,0.6509,10.93,,,,,,,True,607.0,12,2,0
7069acf6-2701-4674-9748-703291ec9ed9,Informal/Rural Worker,21755.24,0.3815,16,,,0.7515,5.72,2.57,0.6844,,,,,False,,22,3,1
5dad176a-4645-4926-bb06-5a895010ee68,Gig Worker,49862.19,0.1708,26,,,0.8609,2.77,2.77,0.8625,,,23.1,0.1853,False,,27,4,0
9b81f13e-104f-47ba-99ec-e26664fe1487,First-time Borrower,81148.34,0.1448,23,,,0.7657,1.64,,,8.27,0.1207,,,True,815.0,29,3,0
20b2480e-2236-415e-9d7c-8d0a6a9d3348,First-time Borrower,70844.85,0.1443,25,,,,,,,7.11,0.1415,,,False,,29,2,0
f4ec4ec9-4a9e-43ec-9ad6-ce56ab27ecb2,Small Merchant,226646.25,0.1284,30,454375.99,0.9486,,,3.57,1.0,11.63,0.1099,,,True,823.0,30,4,0
f6c719b5-2145-45c8-b8d9-39154509214c,Small Merchant,158061.35,0.3179,27,344596.76,0.7788,0.8612,4.76,,,7.18,0.1217,,,True,738.0,32,4,0
07d3b0ab-953e-4a4b-a142-43a741d8e3e5,First-time Borrower,39279.21,0.2689,16,,,0.6121,11.88,,,3.82,0.1799,,,True,570.0,20,3,1
53de4ad2-5a2b-477d-a927-6134dc59e051,Gig Worker,26914.94,0.4516,18,,,,,1.94,0.5992,,,14.65,-0.0169,False,,20,3,0
6505168d-042e-49be-a1ec-b3e6c06d1cd8,Gig Worker,23926.16,0.3971,20,,,,,1.72,0.5541,,,14.02,-0.0457,False,,13,3,0
be424a38-936a-421c-b321-f71ff0793a38,Small Merchant,94908.82,0.3874,22,227489.85,0.6975,0.6394,8.84,,,3.98,0.1118,,,False,,16,4,0
9c864258-6bda-440a-beeb-20f72433f358,Informal/Rural Worker,21642.09,0.5604,15,,,0.5504,10.38,2.0,0.5754,,,,,False,,17,3,1
7dc14a28-52c7-4588-8bb5-8c1e507b38da,Small Merchant,112643.1,0.4053,22,225436.31,0.7357,0.687,8.46,,,4.06,0.1086,18.9,0.0186,True,634.0,16,5,0
395c6cff-cd58-49e9-b0e5-a5647734e2a2,First-time Borrower,62820.74,0.1899,18,,,0.7124,12.32,,,6.06,0.1438,,,True,639.0,15,3,0
602b3526-8f2f-460b-9bb0-018f374d1fbf,Gig Worker,28908.99,0.3313,21,,,0.6797,9.24,3.07,0.6887,,,19.39,0.0819,False,,22,4,0
bc298c03-f305-4efe-937b-f26c2755489e,Small Merchant,141076.47,0.4375,25,252030.37,0.6923,0.7133,10.98,,,4.71,0.1377,,,False,,22,4,0
8ea14509-f4fe-48e2-9407-ba90cbb2c37a,Informal/Rural Worker,18630.61,0.4649,10,,,0.6587,12.1,2.19,0.6233,,,,,False,,9,3,0
42eef09f-eb8f-41d5-9530-e700c623ae0c,Small Merchant,145463.29,0.2762,28,317673.04,0.8868,0.6469,9.06,,,7.79,0.1153,,,False,,27,4,0
e9a54083-1b08-40c7-8780-e8f1cacec217,First-time Borrower,35524.57,0.252,13,,,0.4751,16.9,,,,,,,True,434.0,14,2,0
122ce965-f03d-41c7-8c4c-5af48d9f4a41,Informal/Rural Worker,31166.94,0.3159,19,,,1.0,0.0,3.43,0.9576,,,,,False,,33,3,0
f50aa6f6-e7bb-45ce-8703-813d1790bdd0,Small Merchant,129532.26,0.2961,25,308485.04,0.681,0.7864,9.23,2.32,0.6894,6.57,0.1075,,,True,630.0,19,5,0
cc19cf93-f916-44d8-af5a-8fd487f0b333,First-time Borrower,50450.14,0.2558,17,,,0.5806,12.13,,,,,21.19,-0.0486,True,559.0,18,3,0
3a558bb5-0bd8-4a75-85d2-97c241e72323,Gig Worker,28834.17,0.4669,23,,,,,1.9,0.5606,,,15.37,-0.0534,False,,9,3,0
353bcc42-360d-4b3a-8d0a-10eb4ecce95d,Informal/Rural Worker,15024.5,0.4906,9,,,0.5161,13.34,1.8,0.6452,,,,,False,,16,3,1
b12c533c-6668-44bc-b31c-12a51e6edba2,First-time Borrower,59626.86,0.2397,17,,,0.7394,8.13,2.78,0.7323,,,,,False,,19,3,0
3a777ce2-5769-41e7-afcf-075c72921ef6,Informal/Rural Worker,15031.44,0.5016,17,,,0.6216,10.3,2.72,0.6265,,,,,False,,18,3,0
209c588d-02c5-4de3-926e-c5b02b54aa14,Small Merchant,142461.09,0.4386,21,286545.26,0.7338,0.782,7.77,2.38,0.7064,6.86,0.1295,,,True,710.0,26,5,0
8c5eb1ed-990c-4d93-9787-b272bbdd4757,Small Merchant,91087.35,0.4387,22,116028.59,0.5623,0.5743,16.3,,,2.37,0.2154,,,False,,11,4,1
5f906b9a-d155-46eb-8c9e-4c24225d6939,Gig Worker,36716.03,0.3187,24,,,,,2.23,0.6918,,,20.71,0.0339,True,635.0,21,3,0
d470b210-fa03-4732-a2bb-7c056807ec35,Small Merchant,146031.99,0.2727,27,331458.81,0.8514,0.8469,6.12,,,8.21,0.1037,,,False,,23,4,0
4e67017a-bce5-4dd3-983f-b48b885dab39,Gig Worker,39427.97,0.3462,26,,,,,2.57,0.7463,7.23,0.1315,20.4,0.0253,False,,22,4,0
89821b16-aa90-44e2-a359-5c2ef68c6dc4,Small Merchant,161762.24,0.3069,27,385079.03,0.925,0.9322,3.63,2.92,0.9071,8.11,0.0826,,,False,,29,5,0
aa4c2c44-defa-4da1-8f94-2ae4e2414ce9,Small Merchant,72531.5,0.4614,24,203939.49,0.597,0.5523,14.92,1.43,0.4979,2.14,0.1841,,,False,,14,5,0
a21f6919-cab2-4582-ae5c-5c7d5e9542e1,Gig Worker,32914.23,0.5115,21,,,,,1.87,0.5389,2.49,0.2311,16.12,-0.039,False,,16,4,0
f85000ca-a752-4724-95ad-c3de6870f15c,Small Merchant,189917.14,0.2895,28,353116.5,0.9035,0.9053,1.77,,,10.36,0.0947,,,False,,31,4,0
f35271b1-ade1-402d-a036-fb43c8366e12,Small Merchant,157172.42,0.3406,25,377434.62,0.7634,0.7889,8.52,,,10.36,0.0959,22.17,0.1945,False,,22,5,0
8647151f-cd54-42ee-8304-6c286d59c29f,Small Merchant,162425.55,0.2801,26,316789.83,0.7986,0.8561,6.46,,,6.99,0.085,,,False,,20,4,0
1ac130c5-3a6f-4e13-8599-e94b7662ea7a,First-time Borrower,75156.58,0.1536,23,,,0.7901,5.11,,,,,,,True,703.0,28,2,0
b6c77e56-6193-4de1-9f21-ef2c1dc18db9,Small Merchant,111285.19,0.3346,23,245340.48,0.6775,0.586,8.5,,,6.28,0.1513,,,False,,18,4,0
65e8446f-269f-4c63-848b-a45526d521ad,First-time Borrower,46787.22,0.2638,14,,,0.5019,10.59,,,,,,,True,520.0,10,2,1
0075655b-eaff-49a0-977a-a608e8a44146,Gig Worker,34684.07,0.4051,19,,,,,2.21,0.6487,,,18.23,-0.0957,False,,17,3,0
35f26a76-446a-4f38-81e7-a41c200e7538,Informal/Rural Worker,23307.09,0.6752,14,,,0.5622,10.49,2.07,0.6309,,,,,False,,18,3,0
731f2289-82c9-49f5-ab9e-4fab7ac995e7,Informal/Rural Worker,18763.26,0.4732,19,,,0.7207,7.44,2.44,0.6526,,,,,False,,22,3,0
54a3cd8b-cb41-4807-9012-7f25b4f66fc2,Informal/Rural Worker,29809.87,0.4749,18,,,0.8368,7.66,3.29,0.8311,,,,,False,,26,3,0
81a1d29d-2f98-44d7-9827-ad6923f6ebee,Informal/Rural Worker,18109.4,0.5402,12,,,0.523,12.04,1.96,0.6478,,,,,False,,12,3,0
b82e015c-3a54-40d7-ba35-16262bd19873,Gig Worker,49607.6,0.3991,24,,,,,2.9,0.904,,,23.39,0.1337,False,,24,3,0
80778cfe-17d8-4acb-862c-8664917dc4e5,Informal/Rural Worker,17136.03,0.4532,14,,,,,1.98,0.6693,,,,,False,,14,2,0
1ab4d474-8716-4af1-9d71-2918acd5a4d3,Gig Worker,23418.21,0.428,20,,,0.7014,12.17,1.71,0.6146,3.44,0.2198,15.13,-0.0708,False,,12,5,0
52ceebac-d021-4b2d-814f-5c48260046d1,First-time Borrower,42248.66,0.2428,18,,,0.5395,13.81,,,,,,,True,537.0,13,2,0
df757bbd-5dad-4430-9b3e-2f110d011751,Small Merchant,69179.98,0.45,21,98447.38,0.5544,0.3793,12.13,1.49,0.4619,2.57,0.2353,,,False,,10,5,0
2a88fd4b-f169-44a0-923a-e3beb49fb546,Small Merchant,140799.25,0.3402,23,352861.23,0.9457,0.9659,3.03,,,9.13,0.1233,,,False,,23,4,0
23bd6065-cef0-472f-bff0-c608bbfde5e9,Gig Worker,19066.15,0.4504,21,,,,,1.61,0.387,,,16.91,0.0288,False,,8,3,0
c9721fca-1b54-49ca-a065-31f762d3450a,First-time Borrower,62010.26,0.1886,18,,,0.4817,9.47,,,4.85,0.1562,20.39,-0.0504,True,681.0,22,4,1
7c376360-439e-46be-93d9-209f193f0ec9,Small Merchant,146765.01,0.2675,26,314744.37,0.8131,0.9357,2.03,3.08,0.7653,7.41,0.1154,,,False,,27,5,0
be0e665f-0b4d-4d17-8755-138e8c7d6fbd,First-time Borrower,26724.73,0.3076,13,,,0.4406,14.89,,,,,,,True,443.0,8,2,1
ad8012bd-7441-4b2c-bd8e-06a21fabdfa1,Gig Worker,33383.98,0.3296,21,,,0.6275,10.79,1.97,0.5916,,,13.52,-0.0377,False,,17,4,0
28e09050-99f0-4342-b4e0-f731a0a91d1c,Gig Worker,33821.84,0.3596,22,,,,,1.91,0.6315,,,,,True,588.0,21,2,0
c27c598b-8061-4150-94da-d4a84519c796,Small Merchant,109824.22,0.3923,24,239977.2,0.6202,0.5563,8.13,,,4.8,0.1564,,,False,,18,4,0
23301293-3e0a-4ef6-afd5-cd20de448609,Informal/Rural Worker,26558.15,0.3247,20,,,0.7545,6.11,2.34,0.7954,,,,,False,,24,3,0
c24fe45a-ff87-4606-bf4b-a1be3e84075f,Informal/Rural Worker,14794.87,0.524,15,,,0.5884,12.89,1.6,0.5939,,,,,False,,26,3,1
f3509125-161b-4715-9e4a-25e28a725b60,Informal/Rural Worker,22776.94,0.5406,9,,,0.7472,10.96,2.32,0.7127,,,,,False,,23,3,0
20b06e77-8461-4c2b-979f-89ca17f0e9bc,Gig Worker,49882.73,0.3715,26,,,,,3.02,0.7982,,,22.8,0.1091,False,,32,3,0
8f093f57-6402-4fd9-b88d-f55b046f53e7,Small Merchant,152714.5,0.3482,25,341359.14,0.7797,0.8801,6.01,,,7.16,0.1298,,,False,,26,4,0
1d2c8ff7-50cb-4576-acda-3d9147047fd6,Gig Worker,24170.18,0.3512,21,,,,,2.31,0.6192,6.91,0.1796,19.25,0.0838,False,,16,4,1
ae8f161a-19f4-427a-a596-29f5ed9c7a33,Informal/Rural Worker,23566.03,0.4769,16,,,0.7344,7.1,2.62,0.6968,,,,,False,,18,3,0
b635f65f-f82d-4bd9-8539-d1b5d0e14f7d,Informal/Rural Worker,8101.36,0.5169,11,,,0.5738,13.62,1.6,0.5064,,,,,False,,8,3,0
146be920-176e-4f2e-b86e-f6da70667f82,Informal/Rural Worker,19151.98,0.5263,11,,,0.6921,7.59,2.17,0.6103,,,,,True,619.0,19,3,0
f1ca85f5-2285-4d19-a859-0262b60e0018,First-time Borrower,53738.47,0.2444,19,,,0.6205,9.6,,,,,,,True,586.0,19,2,0
30290c25-4546-4102-acee-c18e85c18e3c,Gig Worker,55722.7,0.2419,27,,,0.942,4.26,3.78,0.924,,,27.35,0.162,False,,32,4,0
cae26a29-d260-48e1-b70f-30713aa5678a,First-time Borrower,34615.48,0.2118,17,,,0.5406,17.86,,,3.75,0.2183,,,True,470.0,3,3,1
d079669f-4705-456f-9a15-a9235f2a417d,Gig Worker,42294.1,0.2225,23,,,,,2.68,0.868,,,25.63,0.0798,False,,24,3,0
085ab1f2-8fc5-4baf-b67b-a1b431b29991,Informal/Rural Worker,25564.28,0.4451,18,,,0.6742,4.21,2.41,0.7237,,,,,False,,22,3,0
12dd7c5c-0d74-4077-9083-6a6a96f41595,Gig Worker,13296.66,0.5427,19,,,,,1.23,0.4622,,,13.24,-0.0762,True,461.0,5,3,1
c3451ed9-0174-4903-b269-db7915a43744,Small Merchant,144686.26,0.3675,26,267004.5,0.6927,0.787,11.95,2.34,0.7296,5.97,0.176,,,False,,21,5,0
ed50b1fc-537a-4025-bba7-ea0f2e79e8b3,Informal/Rural Worker,24813.56,0.3162,17,,,0.8393,2.12,2.99,0.8261,,,,,False,,27,3,0
10567645-852c-4b38-90f2-b884faced7ed,Gig Worker,28739.78,0.3163,25,,,,,2.49,0.8058,,,17.85,-0.0062,False,,27,3,0
46bac622-df32-438a-aac0-315b0a0eba2f,Informal/Rural Worker,29005.94,0.3749,18,,,0.8012,4.21,2.79,0.8181,,,,,False,,27,3,0
7a401d85-8537-46f6-814f-d0420f97f537,First-time Borrower,68660.6,0.1708,21,,,0.7194,4.77,,,,,,,False,,24,2,0
61b4232a-5bae-4a9e-8f4a-b2449ac39f97,Informal/Rural Worker,15639.37,0.5145,19,,,,,2.13,0.6813,,,,,False,,17,2,0
d06c2315-13c5-4bb4-86c8-2832c5a35616,Small Merchant,49639.35,0.3686,21,126899.81,0.5687,0.4935,17.02,,,3.15,0.271,,,True,382.0,7,4,1
65b19e0f-6f09-4cca-8416-d9f3f3c0ae6a,Gig Worker,37326.24,0.3361,22,,,,,2.3,0.7434,,,21.59,0.0046,False,,25,3,0
5f383829-eba8-42d3-871b-530044afb551,Gig Worker,27738.94,0.4344,24,,,,,2.4,0.7264,,,19.46,0.094,False,,22,3,0
ab0e17f5-d09b-4c64-a56d-32c2a6a7595c,First-time Borrower,79678.63,0.1508,23,,,0.8149,1.24,,,,,,,True,779.0,31,2,1
ae7d5b44-959a-4a51-b3c5-00e182b9d472,Informal/Rural Worker,28581.49,0.2545,23,,,0.8287,4.91,3.5,0.8745,,,,,False,,28,3,0
34d122df-4b0d-47fd-a2ca-b1bdb877034c,Gig Worker,34929.8,0.3773,21,,,,,2.01,0.6527,,,17.89,0.0094,False,,13,3,0
d0ed9b97-6137-455f-b0f1-af952fcf8eb4,Informal/Rural Worker,29215.16,0.3859,15,,,0.8125,4.98,2.79,0.8179,,,,,False,,22,3,0
ebfe09f8-715b-4cc8-a1ed-13778eda3dde,Informal/Rural Worker,16611.96,0.4185,14,,,0.6437,8.48,2.2,0.7033,,,,,False,,21,3,0
7b00fece-c238-434a-b438-cc1c66b0366b,Informal/Rural Worker,15103.75,0.4525,12,,,0.624,11.23,2.41,0.6313,,,,,False,,18,3,1
417269b3-0fdb-453e-a224-54fded1077f8,Informal/Rural Worker,16732.55,0.3623,17,,,0.6672,9.03,2.71,0.6811,,,,,False,,19,3,0
30ec8d02-3a51-4366-9ada-0542cfd9b3de,First-time Borrower,61684.98,0.213,18,,,0.6974,8.77,,,6.01,0.0986,,,True,556.0,17,3,1
9337f2c8-7e2a-43ab-9411-dbbbd9063acc,Informal/Rural Worker,19439.31,0.5354,12,,,0.5629,8.81,1.17,0.7264,,,,,False,,16,3,0
c540f4bb-992d-4dab-a3be-82fbafe07b8c,Informal/Rural Worker,26799.47,0.4431,15,,,0.8782,6.93,,,,,,,False,,19,2,0
c1f78918-77ef-476c-a9f4-d2acc0cde9df,Gig Worker,37219.64,0.2928,22,,,,,2.24,0.7611,,,16.11,-0.0368,False,,25,3,0
eed024a4-06da-4c47-bacb-ac34d156ddd6,Gig Worker,43625.34,0.2229,26,,,,,2.93,0.9164,8.46,0.0897,19.53,0.1774,False,,32,4,0
60458236-6b4e-4906-b34e-74a69e025285,Informal/Rural Worker,24222.85,0.5163,19,,,,,2.39,0.7403,,,,,False,,13,2,0
81968ea7-3c5c-4176-b145-9e9974fec059,Informal/Rural Worker,13440.34,0.4943,12,,,0.5601,11.87,2.22,0.3995,,,,,False,,18,3,0
579a3e76-3706-4c2b-b368-ecafa188a597,Gig Worker,39647.5,0.3844,24,,,,,2.47,0.8022,,,21.11,0.2111,True,658.0,27,3,0
375a6752-133b-4392-8f8f-5d3cd76ff8bb,Gig Worker,39769.68,0.4318,25,,,,,2.49,0.8411,,,18.42,0.2004,False,,20,3,0
679a6d98-b7f2-41a7-8b1c-069ec6df3ed7,Informal/Rural Worker,21092.05,0.6447,13,,,0.5483,9.35,2.29,0.6766,,,,,False,,19,3,0
d436f0cf-8d67-4f46-9ede-836af70f9f8b,Informal/Rural Worker,18817.5,0.4427,15,,,0.5636,8.75,1.69,0.6236,,,,,False,,14,3,0
0d8a9dc3-7767-4d0a-9325-efeaa4cbc050,Informal/Rural Worker,14198.06,0.5655,12,,,0.599,15.01,2.18,0.6152,,,,,False,,10,3,1
0232f86c-66e4-4243-a577-e68a95829f45,First-time Borrower,56450.17,0.1966,16,,,0.7252,13.14,,,5.01,0.173,,,True,582.0,23,3,1
3cf106e9-8112-4151-9131-dd4c164ef304,First-time Borrower,43031.96,0.244,19,,,0.646,10.51,,,4.76,0.1776,,,False,,14,3,0
220800b9-1321-45ea-a1b8-c493639b93e8,Gig Worker,32965.93,0.4818,18,,,,,2.17,0.5876,,,19.6,0.031,True,581.0,18,3,0
c5d7fb69-52ce-45b1-a609-3cddc30367bd,First-time Borrower,64234.25,0.1811,20,,,,,,,,,,,True,766.0,20,1,0
dc561f28-b34b-4ff8-8303-10096e30f01d,First-time Borrower,82809.84,0.1751,24,,,0.9402,1.19,,,8.63,0.0554,,,True,855.0,23,3,0
3e480735-a98f-4bb8-ab2d-53e013311e8a,Gig Worker,30067.89,0.4149,16,,,0.7182,11.66,2.28,0.4842,,,17.69,-0.1701,False,,13,4,0
bf2ef657-3a31-4675-9d8f-18af61f08a37,Small Merchant,35203.57,0.4392,19,127907.53,0.4833,0.4882,14.98,,,,,,,False,,8,3,1
134b183b-10ae-4e4b-a92f-ab7d5c0a4bbc,Informal/Rural Worker,28192.07,0.4651,14,,,0.8093,8.44,1.92,0.6946,,,,,False,,19,3,0
b1edd985-5035-4118-88e2-d03ee2f0760b,Gig Worker,23075.37,0.4442,20,,,0.5457,13.9,1.74,0.501,,,18.74,-0.0592,False,,15,4,0
4fdb2c63-d6ad-4181-8975-0343450d670b,Informal/Rural Worker,27820.49,0.4147,20,,,,,2.9,0.7436,,,,,False,,23,2,0
27d7c519-61a5-40b0-81ce-806e67b64ff8,Small Merchant,181132.32,0.2224,28,301364.86,0.834,0.8236,6.56,,,,,,,False,,29,3,0
dade4990-9b8c-484e-8e17-0e17524d91bc,First-time Borrower,79874.92,0.1294,24,,,0.9305,2.55,,,8.34,0.0828,28.65,0.0972,True,724.0,33,4,0
4be29e5b-61a7-4098-8f6d-73767cd4ec14,Informal/Rural Worker,30490.99,0.3238,22,,,0.8625,0.0,2.99,0.8378,,,,,False,,24,3,0
a509baee-07a5-451e-a111-3e9c37c0c724,Small Merchant,58688.78,0.4934,21,78654.18,0.687,0.5863,15.71,,,,,16.29,-0.0146,False,,6,4,1
5c5138f1-ce15-4848-b0f5-3d8665740914,Informal/Rural Worker,19932.72,0.4127,15,,,0.7821,8.02,2.33,0.8324,,,,,False,,18,3,0
f34fa2cd-a33b-4739-a2f4-a3183c867448,Gig Worker,32592.95,0.3473,23,,,,,2.24,0.6651,,,18.34,0.1245,False,,18,3,0
71b17d90-e969-4053-8cf6-595a43e85b13,Gig Worker,54701.93,0.4102,29,,,,,3.72,0.8227,7.84,0.1153,24.68,0.1192,False,,30,4,0
95667aba-8f6d-4a57-a013-aae010f6c466,Informal/Rural Worker,13235.26,0.4934,14,,,0.5982,9.78,2.5,0.6264,,,,,False,,16,3,0
d09c56b6-03c0-4e50-a4bf-9916a029bea3,First-time Borrower,57209.62,0.1291,20,,,0.7287,3.34,2.35,0.6894,,,,,True,628.0,21,3,0
a077fd9e-71be-44fa-b778-7dbe6c085fa1,Small Merchant,112204.86,0.3961,24,147463.75,0.6939,0.6679,14.25,,,,,,,False,,10,3,0
0cb1a307-c9b0-4ad3-aa4b-732ba65744bb,Gig Worker,41536.21,0.2549,24,,,,,2.92,0.7731,,,24.1,0.1601,False,,28,3,0
d54827ae-0764-41ce-b348-9e50eddf307f,Gig Worker,22032.04,0.4415,17,,,0.5051,21.25,1.13,0.4466,,,12.24,-0.1263,False,,6,4,0
6f47eb0f-5cd4-415b-9305-b1e37e7f9733,First-time Borrower,56579.26,0.1694,18,,,0.6877,9.01,2.27,0.6677,7.52,0.1507,,,True,592.0,19,4,0
1cc3c1f3-008f-400d-b7e5-9b5f1007c960,Small Merchant,92347.39,0.361,23,158616.0,0.66,0.5248,10.42,1.77,0.6667,4.18,0.1706,,,False,,18,5,0
22292dfe-4349-4f8b-a8c7-48db65d485d9,Informal/Rural Worker,21237.76,0.55,19,,,0.7463,9.21,2.42,0.7502,,,,,False,,21,3,0
deae4c8e-66b6-49b8-9ce1-4abf0969ea80,First-time Borrower,42994.03,0.2476,13,,,0.5935,11.12,1.79,0.6184,,,,,True,520.0,13,3,1
a996adef-08a8-436e-bdad-31ba5caa155a,Gig Worker,23263.83,0.4524,21,,,0.5787,14.22,2.03,0.5461,,,15.46,-0.0938,False,,13,4,1
8c566556-bacb-465c-b402-6a31787127cf,Small Merchant,98500.76,0.3221,21,198402.06,0.5572,0.6925,12.18,,,5.26,0.2234,,,False,,17,4,1
1b52876e-ba42-4cab-a864-c92f588766af,First-time Borrower,66678.05,0.1615,20,,,,,2.54,0.6498,6.65,0.1422,,,True,679.0,16,3,0
c8908205-48e9-40a5-98d2-b87433c9dc1e,First-time Borrower,73828.92,0.0906,20,,,0.7655,4.88,,,7.2,0.0769,,,True,620.0,22,3,0
21164a54-8a77-4e0a-be4b-6418bfd331d0,Small Merchant,123969.21,0.3568,23,257863.41,0.7349,0.6226,10.23,,,7.66,0.1467,20.12,0.0524,False,,20,5,0
f11118df-9be3-44d3-a46a-791f3b34b695,First-time Borrower,54548.2,0.1975,17,,,0.5434,8.6,2.32,0.67,4.84,0.2479,,,False,,18,4,1
6ec761a1-501a-4658-bdad-be91f9088345,Small Merchant,144959.93,0.263,24,375950.9,0.8435,0.8947,2.07,,,7.53,0.0787,,,False,,29,4,0
cc219ffa-646b-4d3f-a597-fb40739560c4,Gig Worker,34782.0,0.481,23,,,0.7218,9.74,2.03,0.6296,,,22.2,0.0635,True,583.0,15,4,0
b2df493c-8c77-4fe6-9423-90a07cfa76e7,Small Merchant,182332.69,0.2423,23,,,0.7955,3.41,2.57,0.7755,6.89,0.0849,,,False,,24,4,0
a1cfe98e-c64c-48f6-8db4-d2cfe27a61ce,Gig Worker,28484.43,0.4489,20,,,,,1.9,0.5637,,,19.26,0.0023,False,,11,3,0
2f0a4e2c-6e28-45cd-8249-f54cdf5812d5,Small Merchant,163192.49,0.3162,26,332514.27,0.8109,0.8794,8.69,,,7.16,0.1571,,,False,,21,4,0
c5e34701-2ec4-440f-90a3-b9b8b929a710,First-time Borrower,43508.7,0.2162,16,,,0.6585,14.52,1.4,0.6166,,,,,True,585.0,10,3,0
e4c65153-d665-4776-9a57-703ce64e21bd,Small Merchant,183497.64,0.2549,24,405239.51,0.865,0.8849,5.44,,,,,23.41,0.1801,False,,28,4,0
53d2dc9a-fe6b-44a7-8eac-6f404b3e9d05,Gig Worker,36836.5,0.3204,25,,,0.7627,7.71,2.52,0.8056,8.08,0.1487,17.91,0.1525,True,676.0,21,5,0
a02a870e-fb3d-4540-b133-7b3cb628179d,Informal/Rural Worker,24896.97,0.4573,19,,,0.7827,7.58,3.18,0.8714,,,,,True,769.0,27,3,0
ba4c87d9-7dfc-4748-9ede-6998c14f11eb,Informal/Rural Worker,15064.34,0.5244,13,,,0.6639,11.65,,,,,,,False,,10,2,1
712a9e78-0597-4e34-9924-cd7d0cc94a10,Informal/Rural Worker,20176.96,0.5018,8,,,0.7715,12.82,2.04,0.6315,,,,,False,,15,3,0
b7ff38ff-5789-48e9-bdc9-0f082ae2f343,Gig Worker,27612.77,0.4421,18,,,,,2.07,0.6139,4.75,0.2227,16.59,-0.0454,True,550.0,9,4,0
8a6d4529-675f-42e0-99dd-91dd9fc4a957,Gig Worker,19351.3,0.5165,20,,,0.5318,10.93,1.84,0.4684,,,12.77,-0.0533,False,,7,4,0
bec1ea88-3fde-48a5-8b61-bcfe14b25dd2,First-time Borrower,38924.53,0.2898,16,,,0.5956,12.91,,,3.53,0.2662,,,True,466.0,15,3,1
0b9515af-bcaf-4f74-8764-32b98dbde4a4,First-time Borrower,60598.28,0.1485,18,,,0.7476,11.69,1.92,0.5443,,,,,True,619.0,20,3,0
45976b94-276d-4536-be1e-71042d2f9e84,Gig Worker,31711.45,0.3844,21,,,,,1.93,0.6616,3.95,0.1872,17.29,-0.0248,False,,18,4,0
fa5773e8-5501-45fe-b88b-e385ff1b8cf7,Informal/Rural Worker,18388.41,0.4373,9,,,0.6851,8.28,2.0,0.5324,,,,,False,,17,3,1
314e5102-ee35-4ed2-b996-bb353474645b,Small Merchant,94592.64,0.4232,25,188941.34,0.5492,0.6139,10.08,,,5.45,0.2269,,,False,,12,4,0
d87fb259-ce1a-4b39-9192-4349dda0d08b,Gig Worker,31838.93,0.4581,21,,,,,2.34,0.6831,,,20.94,0.023,False,,11,3,1
0e731b07-a2e6-4537-a697-bd4793934616,First-time Borrower,64316.46,0.2168,20,,,0.8066,5.4,,,,,19.97,0.1446,True,644.0,16,3,0
655274e5-2353-4870-b90a-be9691071495,First-time Borrower,46502.45,0.2166,16,,,0.549,13.19,1.89,0.5148,,,,,True,574.0,10,3,0
dd1eb453-d028-4b45-8e6c-8e16bbdf29d2,Informal/Rural Worker,18157.67,0.481,17,,,0.6912,8.99,2.03,0.6566,,,,,False,,17,3,0
55d854c0-d31d-45a7-8632-e6b781937cce,Small Merchant,83350.82,0.4381,21,210235.42,0.5413,0.5431,16.17,1.88,0.5181,3.55,0.2226,,,False,,16,5,1
35309b00-d1b3-4eab-8b28-50febb5205d4,First-time Borrower,36136.37,0.2705,19,,,0.5738,12.43,,,,,16.03,-0.0311,True,562.0,11,3,1
77060244-72ce-4a96-97b7-2c4361573621,Small Merchant,142551.4,0.1674,25,286193.81,0.7572,0.8013,5.55,,,6.92,0.1863,,,False,,20,4,0
2885104d-657f-4158-8317-33f61b4ede77,First-time Borrower,81876.59,0.1424,24,,,0.9167,0.35,3.22,0.9016,7.45,0.1308,,,True,763.0,31,4,0
f1cc52d7-2219-45f4-8f59-25a3c121eb7d,Gig Worker,40124.64,0.3842,24,,,,,2.78,0.7889,,,18.33,0.1529,False,,22,3,0
4514887e-b818-48c9-80cf-b75369f35b74,Small Merchant,160592.84,0.2584,25,332346.19,0.7981,0.8955,6.1,,,8.71,0.151,,,False,,27,4,0
9bddc655-cf27-4f42-a1a2-5e537c785819,Small Merchant,73696.79,0.4121,20,113527.28,0.5446,0.4288,17.73,,,0.96,0.2234,,,False,,8,4,1
5755d3dc-dd00-49de-9e92-6aae9181e8c0,Small Merchant,108491.98,0.3954,21,224816.71,0.5805,0.6099,9.0,,,,,,,False,,13,3,0
55622468-60b1-4087-9a4a-59fece255d0e,Informal/Rural Worker,12692.61,0.6748,9,,,0.5804,17.4,1.75,0.5816,,,,,False,,7,3,0
578a6f2d-161d-4fd3-8723-a1135bd0d6c6,Small Merchant,93509.08,0.4032,22,,,0.6691,11.82,,,5.11,0.1451,,,False,,15,3,0
df8d3e5e-7de4-46b5-9325-5afb24bc0593,Gig Worker,13395.56,0.5808,19,,,0.5576,16.45,1.55,0.4988,,,10.31,-0.1795,False,,3,4,1
bc192606-34f6-4786-b97b-bc1402d925f1,Informal/Rural Worker,16946.39,0.5279,12,,,0.531,12.28,2.25,0.5246,,,,,False,,12,3,0
00416957-30a5-4ff4-87ea-c7fcbee30c52,Informal/Rural Worker,18953.15,0.5432,15,,,0.5686,9.74,2.06,0.6928,,,,,False,,16,3,0
6d47ec57-1a86-4ade-918c-96ad32feb580,Informal/Rural Worker,21674.78,0.4473,16,,,0.6837,7.11,2.54,0.7747,,,,,False,,20,3,0
3f1431dd-6cbf-4241-a0b3-a9ab9104cc58,Informal/Rural Worker,27470.63,0.4703,17,,,0.7248,9.83,2.49,0.6114,,,,,False,,25,3,0
3f54fe16-c2eb-4d5a-9d58-06264c8674fe,Gig Worker,26488.71,0.4864,19,,,,,1.87,0.6007,,,16.1,-0.1215,False,,7,3,0
ace64342-0e95-45ee-bece-c4cbf8745f5e,Small Merchant,150464.1,0.2693,27,378795.24,0.8569,0.9336,0.0,,,8.82,0.1002,,,False,,29,4,0
469f48cd-6672-470c-a08a-952ba2fd08cd,Informal/Rural Worker,29072.52,0.4133,20,,,0.8301,3.82,3.4,0.9403,,,,,False,,27,3,0
8b280d61-1168-4327-ad5e-ca237d5d0cce,First-time Borrower,81697.71,0.0673,23,,,0.9371,1.64,3.21,0.8701,,,,,True,751.0,25,3,0
f5771c79-e385-4071-b924-425d0c153518,First-time Borrower,83363.19,0.1455,26,,,0.8761,3.98,,,8.77,0.1184,,,True,811.0,28,3,0
f953fafd-a1bb-4937-9a7a-8263613652d3,Informal/Rural Worker,23789.61,0.4329,12,,,0.6414,10.52,2.6,0.6271,,,,,False,,20,3,0
b7c6ce0c-330b-4996-bfb5-3e85a87d7cb8,Small Merchant,99112.94,0.3856,23,168253.28,0.7197,0.5956,10.34,2.03,0.6817,5.57,0.1898,,,True,547.0,20,5,0
b7193de8-fa8d-4f19-afca-965e2fd01f5d,Small Merchant,90820.77,0.3827,20,155736.26,0.4932,0.4319,13.71,,,3.34,0.2674,,,False,,13,4,0
ea0289d1-102c-4e73-86f1-ae6a79408945,Small Merchant,157509.5,0.278,27,305923.09,0.8348,0.7977,2.99,,,7.41,0.1,,,False,,26,4,0
8b2a8091-747c-439f-ad89-998048107f9d,First-time Borrower,63760.53,0.2186,18,,,0.6979,9.73,,,,,,,True,623.0,21,2,1
8d3bc9df-3561-42dc-809b-6b91558d91f2,Gig Worker,50456.88,0.2866,26,,,0.9919,2.4,3.09,0.9285,,,29.3,0.1629,False,,32,4,0
3ab30a61-a1cc-4205-92cd-59c48f18e5c4,Small Merchant,77545.39,0.4156,21,178102.19,0.4684,0.5837,16.09,,,,,,,False,,18,3,0
5f04e30c-da8a-4454-be29-c4458f80ab86,Gig Worker,37957.64,0.3582,24,,,0.6846,10.01,2.36,0.716,,,17.24,-0.0353,False,,20,4,1
ada45349-08d2-40be-8185-a591027518de,Informal/Rural Worker,16874.37,0.4296,12,,,0.644,12.87,1.98,0.6102,,,,,False,,12,3,0
654f8cd5-c7d0-414c-b6e7-c68de70dee9d,First-time Borrower,66791.48,0.208,22,,,0.7075,4.8,,,7.92,0.1331,,,True,685.0,22,3,0
2d2a5575-4fd5-42f6-8f2b-b810c77688ea,First-time Borrower,86012.94,0.1194,25,,,1.0,4.95,,,,,,,False,,28,2,0
6a5655f8-ab17-4f5d-a0a4-a84bc7cf6a0a,Informal/Rural Worker,14221.16,0.435,12,,,0.5866,12.5,1.71,0.5419,,,,,False,,10,3,1
72d53121-c7e6-473b-b8df-36d537a7cec5,Informal/Rural Worker,17008.62,0.5164,14,,,0.5564,10.68,2.02,0.6426,,,,,False,,16,3,1
18a8ede3-ccb3-4351-9491-704cfa6cccd1,First-time Borrower,49329.71,0.182,19,,,0.6203,7.76,,,,,,,True,674.0,20,2,0
d4ae6f8c-3e51-4d0e-9d70-90c859db8e18,First-time Borrower,65048.1,0.1862,16,,,0.7609,5.2,,,,,,,True,643.0,17,2,0
5c428e05-d2cf-45ec-8af5-a6fc01293cb5,First-time Borrower,49237.06,0.218,20,,,0.6093,7.6,,,,,,,True,649.0,20,2,0
f887ee52-7949-4b2a-8c0c-d27a96b8ba84,Small Merchant,130129.48,0.3408,26,272037.3,0.8426,0.6937,7.31,2.72,0.7153,5.52,0.1688,,,False,,22,5,0
6a08f20c-47bb-47a9-bf26-040c71afe37d,Informal/Rural Worker,22092.9,0.5845,14,,,0.5652,9.64,1.86,0.6641,,,,,False,,14,3,0
ef56951c-22ad-430c-baf9-34529101a196,Informal/Rural Worker,29995.66,0.4293,17,,,0.7609,3.82,3.03,0.8223,,,,,False,,22,3,0
0b78e9eb-c379-4b0e-bb86-f38323c95ec3,First-time Borrower,35240.68,0.2682,16,,,0.535,15.37,,,,,7.92,-0.1148,True,455.0,12,3,0
d1fd6353-f12c-4fce-890e-7e73e7a6df01,Informal/Rural Worker,7561.45,0.6517,11,,,0.5445,18.58,1.21,0.4361,,,,,False,,5,3,1
bb31da43-9f41-4c6a-8bba-bf9f557a7626,Informal/Rural Worker,18951.79,0.542,13,,,0.6225,13.88,2.52,0.6095,,,,,False,,15,3,0
9720d681-6deb-47c9-9b7e-e860e3463b32,Gig Worker,42474.02,0.3475,23,,,,,2.7,0.7025,,,19.88,0.0764,False,,16,3,0
09d4a5af-4a53-4fa2-9166-4564059794d3,Gig Worker,22598.94,0.5576,20,,,,,0.9,0.5698,,,15.49,-0.0818,False,,11,3,0
d8c179ce-de38-491a-a9c4-31999cf33aa1,Gig Worker,46888.17,0.362,23,,,,,2.89,0.7838,6.43,0.1744,21.97,0.0708,False,,28,4,0
f6e3bf33-ec44-412e-b8d0-c62963200254,Small Merchant,185810.3,0.2432,25,303056.12,0.8469,0.794,3.83,,,8.77,0.1989,,,False,,30,4,0
d9598641-7327-41b4-bfcb-11eb41499e75,Gig Worker,23357.93,0.5283,17,,,,,1.15,0.5984,,,17.52,-0.0412,False,,11,3,0
0732cbd2-9e1c-4a82-9934-e3f8082afb62,Informal/Rural Worker,18013.36,0.3423,17,,,,,2.71,0.6712,,,,,False,,19,2,0
b0f38bbe-aa19-44d8-afd2-18ea16f66065,Small Merchant,79680.67,0.4023,24,212566.91,0.6539,0.5017,13.77,2.03,0.5347,5.73,0.1758,,,False,,11,5,0
a071f85a-2bde-4603-8700-b19eeb66108f,First-time Borrower,57392.25,0.1644,20,,,,,,,7.57,0.1146,20.31,0.1388,True,716.0,23,3,0
de983964-4879-4137-baf1-67dd8b27caff,Gig Worker,18719.08,0.4725,19,,,,,1.41,0.4562,,,12.66,-0.1424,False,,6,3,1
47ac39ff-8962-4073-9e67-dabe20ac77d4,First-time Borrower,48108.11,0.2457,16,,,0.6055,10.78,,,,,,,True,532.0,18,2,0
e7be12c8-9330-4d5a-848e-85e1de5662a8,Small Merchant,97594.77,0.4201,24,184115.81,0.5812,0.6405,12.72,,,3.66,0.1811,,,False,,4,4,0
df846718-5563-4529-acf7-567bf71be1f0,Gig Worker,42108.91,0.3451,25,,,0.7669,12.72,1.97,0.7249,,,18.69,0.0906,True,691.0,26,4,0
26ed84bb-cdf1-4aa5-abd2-e39a906983eb,First-time Borrower,33364.93,0.3108,13,,,0.539,13.05,,,4.09,0.19,,,True,575.0,14,3,0
fccf528a-654c-4468-9dcc-c462a820de85,Gig Worker,31225.13,0.4055,22,,,,,2.5,0.7251,,,22.98,0.1408,False,,20,3,0
476b6f38-d3f4-47f5-bcba-22ecf741fc61,Informal/Rural Worker,25176.83,0.5528,18,,,0.7333,5.34,2.72,0.6829,,,,,False,,19,3,0
6fccefbb-fa34-44c6-a398-109d0ee77f1c,Informal/Rural Worker,28208.45,0.3958,17,,,0.8919,0.0,3.04,0.8167,,,,,False,,27,3,0
33ddda15-6880-4db7-9c86-961c4d0a1cd2,Small Merchant,113250.44,0.397,24,206053.65,0.7895,0.6684,13.08,,,,,,,False,,17,3,0
c55dae6e-2a60-49cd-b4a9-2f2054bb9864,Informal/Rural Worker,23455.06,0.3669,14,,,0.8467,6.13,3.02,0.8365,,,,,False,,25,3,0
ca751f26-9961-477d-9f4c-d114ffe57546,Informal/Rural Worker,24886.45,0.3974,21,,,0.8523,4.43,3.34,0.7826,,,,,False,,20,3,0
6d2d474b-ae4d-4782-8f37-d8028c5d2750,Small Merchant,43049.0,0.4866,18,126809.29,0.5901,0.4808,15.97,,,,,,,False,,12,3,0
abf875bb-c5c6-4368-aa7e-6e9987121cdc,Small Merchant,132627.34,0.3554,26,243950.09,0.7353,0.6655,7.33,2.14,0.6738,6.95,0.1271,,,True,595.0,15,5,0
99aef581-dcb4-44e0-bd92-a4fc09d13687,First-time Borrower,65802.82,0.1354,20,,,0.8421,2.01,,,7.31,0.1247,,,False,,27,3,0
81165d7b-0f5f-4d51-aeb8-a1de475635c8,Informal/Rural Worker,24170.06,0.5564,17,,,,,2.21,0.8414,,,,,False,,28,2,1
b79f7a30-d025-4aa6-af5c-ca4382026cfd,Informal/Rural Worker,21345.99,0.5808,14,,,0.5815,6.54,2.07,0.6244,,,,,False,,10,3,1
c8791a54-04a6-4815-b3fe-86fdcdf6979b,First-time Borrower,34627.1,0.3441,13,,,0.4164,13.71,,,,,,,True,471.0,5,2,1
c82a59e8-e370-41e4-a140-d77274cc1071,Small Merchant,131180.88,0.3199,23,257802.73,0.8265,0.6642,6.72,,,4.36,0.1463,,,False,,20,4,0
50422ed8-86f2-4161-9922-b33b411afc90,Gig Worker,24349.14,0.4909,17,,,,,1.44,0.4565,,,15.11,-0.1187,False,,13,3,0
1e3fb597-addd-4ad2-a88f-6f29b1c2837c,Small Merchant,134982.59,0.2126,26,361851.09,0.8485,0.6536,4.95,,,,,,,False,,23,3,0
b9c84093-018d-43f5-b2e2-e538ed56cd9e,Gig Worker,37091.22,0.2579,24,,,,,2.5,0.7203,6.92,0.1606,22.09,0.1549,False,,22,4,0
ae0cf495-8d24-4af4-b696-bd6d5f71532e,Gig Worker,35451.67,0.3241,21,,,,,2.09,0.6186,,,20.08,0.0737,False,,17,3,1
0c800b8f-97b3-4eda-b5fe-4329a12772b7,Gig Worker,30797.54,0.4214,25,,,,,2.25,0.6345,4.09,0.1892,24.77,0.0461,False,,21,4,0
ef2da981-c70a-4fcb-bf8a-fd501bca80da,First-time Borrower,41341.03,0.242,15,,,0.6405,12.0,1.63,0.5131,,,,,False,,10,3,0
8056d924-a467-4387-94d4-1980786f9947,First-time Borrower,58774.17,0.1704,24,,,0.7955,9.91,,,5.82,0.1575,,,True,649.0,23,3,0
3b187023-226d-4bf1-8ad7-636dbc9d97ed,Informal/Rural Worker,18937.49,0.4152,13,,,0.5853,13.33,2.01,0.6704,,,,,False,,12,3,0
4886b952-da6c-45a4-b709-038b4ab53467,First-time Borrower,70060.74,0.1725,24,,,0.7697,5.81,3.36,0.8623,,,,,True,711.0,26,3,0
a670da7b-26a2-4b41-aca8-7322a0972eab,Informal/Rural Worker,22705.16,0.3796,13,,,0.6447,7.68,2.4,0.6817,,,,,False,,18,3,0
77786d47-96a4-4b87-9890-868e09c551ff,Small Merchant,128993.4,0.3351,24,246023.79,0.7117,0.5964,9.59,,,4.72,0.1281,,,False,,20,4,0
26c27bd5-caa3-412f-aae8-280f660092f7,First-time Borrower,76951.19,0.1987,24,,,0.8812,1.34,,,9.2,0.123,,,True,766.0,23,3,0
6ff94217-d1b5-45b6-8658-03cc0134abdd,First-time Borrower,37482.85,0.2374,11,,,0.5538,16.54,,,,,,,True,462.0,14,2,0
d90dff56-9c49-4f59-9b7e-c1417eee342b,Informal/Rural Worker,12750.2,0.7325,13,,,0.4389,13.93,1.45,0.5546,,,,,False,,12,3,1
35fbc83a-2edf-4033-a24c-80f84f87477c,First-time Borrower,42704.0,0.3278,16,,,0.5134,16.95,,,3.18,0.19,,,True,459.0,14,3,1
4737c082-7b11-4da0-8b5f-30290ace02fd,Gig Worker,12940.46,0.6076,16,,,,,1.65,0.3909,1.6,0.2414,14.39,-0.0193,False,,10,4,0
221cf067-1ea7-4982-a2a9-b942ed1a8e4c,Gig Worker,32814.26,0.4496,18,,,0.5952,11.58,1.99,0.6674,3.54,0.2048,17.85,-0.0377,False,,14,5,0
6a7e2f2b-190f-4580-8273-84fad758e104,Gig Worker,20796.51,0.3859,18,,,,,0.81,0.3825,3.58,0.2382,11.0,-0.1127,False,,4,4,1
3206f271-f99c-4d64-8d85-f5b0668089bd,Small Merchant,80826.53,0.3761,22,171334.34,0.5206,0.5369,11.16,,,,,,,False,,8,3,1
073a08e6-5227-4141-b7b1-a33498a7ce7a,Gig Worker,40767.1,0.3855,25,,,,,2.53,0.8991,,,23.06,0.1086,True,738.0,20,3,1
e0c9c520-7ebf-4f7b-9e3c-a042e80e3b50,First-time Borrower,36308.94,0.286,19,,,0.5097,11.99,,,,,,,True,542.0,17,2,1
9aa76ab6-ab5b-4d26-93d2-c9617d0c13ad,Small Merchant,147055.59,0.2557,29,318436.8,0.8045,0.7914,5.95,,,,,20.44,0.0644,False,,20,4,0
fce8347d-145a-4bdb-ae80-2f05649c7268,Informal/Rural Worker,29540.02,0.258,18,,,0.9228,1.35,3.6,0.9079,,,,,False,,32,3,0
f19e1601-693b-450f-8c35-36685b7b4940,First-time Borrower,60083.63,0.251,15,,,0.591,12.19,,,,,,,True,629.0,18,2,0
8e297e26-f004-4cf5-988a-85ca4eab266f,First-time Borrower,39629.39,0.2716,11,,,0.4767,16.44,,,,,,,True,490.0,4,2,1
a36b87f3-debc-4a15-99a5-faecbcb267e0,Gig Worker,31451.44,0.3726,23,,,,,2.54,0.7004,,,23.9,0.0964,False,,24,3,0
00242e77-be35-40b6-a25e-6f496a481bf7,Gig Worker,30961.47,0.3883,18,,,,,1.44,0.4162,,,17.94,-0.0576,False,,10,3,1
cfe3da7b-57b4-4a37-b7d2-a11a8606c5b2,Informal/Rural Worker,17911.38,0.475,14,,,0.721,11.36,1.63,0.6444,,,,,False,,17,3,0
bc72a5f1-9a7f-43b0-b970-daab0563b3c9,First-time Borrower,78982.84,0.1277,28,,,0.95,3.65,,,9.07,0.0704,,,False,,26,3,0
913b5b49-8e39-4156-a75d-5ec2cfb8eaa5,Small Merchant,100445.04,0.4428,22,157662.92,0.6506,0.5181,13.34,2.05,0.4469,,,,,False,,12,4,0
7990b83e-24fd-400f-816f-5fc023153adc,Gig Worker,39194.86,0.3787,22,,,,,2.1,0.6228,6.91,0.1848,17.98,0.002,False,,17,4,1
61d0dd66-57d3-4dd4-9643-2add3b9b5db3,Informal/Rural Worker,15494.36,0.5573,9,,,0.5859,12.53,2.16,0.5896,,,,,False,,13,3,0
dce162fd-51c9-49f9-b6fa-f851263231e6,Small Merchant,108505.71,0.2973,23,214714.68,0.6505,0.5897,8.04,,,4.89,0.1613,16.11,-0.0201,False,,21,5,1
12bb198d-86f1-4361-b618-e93c910bbab0,Gig Worker,35886.96,0.5019,19,,,,,1.9,0.6572,,,15.98,-0.0566,False,,9,3,0
18a3e4cc-bcc3-4534-855a-f07d8bac1ae4,Small Merchant,178459.75,0.3241,24,335200.76,0.8227,0.9263,7.71,3.24,0.8109,6.69,0.1438,,,False,,27,5,0
1a04dafb-43f6-4270-bf7b-0be39986c2da,Gig Worker,28322.91,0.4281,24,,,,,2.39,0.7367,6.17,0.2032,18.09,0.0729,False,,14,4,0
f52acf45-4641-4c74-aa79-971e50326e01,Small Merchant,144833.03,0.3124,22,301306.73,0.7623,0.7514,8.01,,,5.26,0.1434,,,True,677.0,23,4,0
d4c0ae9e-f224-4600-87bc-6b51d62ee42c,Gig Worker,18597.62,0.5211,17,,,,,1.34,0.5409,,,13.39,-0.1553,False,,11,3,0
609ef240-6189-4b3d-84f1-8c8ba612fcc5,Small Merchant,46111.71,0.4657,19,45937.45,0.4612,0.4839,19.22,,,2.56,0.2554,,,False,,5,4,0
d7a0c789-e3d6-4cc1-a03d-a089e44e37b0,Gig Worker,37199.42,0.1858,22,,,,,2.39,0.7061,7.53,0.0512,,,False,,18,3,1
f137534b-f164-4a54-bb33-c627c3002b85,Informal/Rural Worker,24328.79,0.3874,15,,,,,2.12,0.6404,,,,,False,,24,2,0
fe80042f-29d5-46a0-9b54-5bb852e879e2,First-time Borrower,34717.15,0.2616,15,,,0.5865,16.96,,,,,,,True,499.0,12,2,1
4febd177-0eab-4afd-8583-2878fa39c2b6,First-time Borrower,65625.12,0.0844,24,,,0.8373,2.72,,,6.83,0.1744,,,True,775.0,20,3,0
61200cfa-641b-4c87-a497-feea3cb17b93,Small Merchant,138500.38,0.2844,25,347008.45,0.7786,0.7617,6.38,,,6.44,0.1191,,,False,,22,4,0
cbd7a010-10b0-417e-96f8-33cc01ae02a6,First-time Borrower,35253.11,0.2544,14,,,0.5771,15.26,1.75,0.5704,,,,,False,,13,3,1
81a9773f-fd0a-4c49-989a-e8b8ce6466cc,First-time Borrower,68024.68,0.1456,22,,,0.8357,7.07,,,,,27.36,0.1506,True,718.0,25,3,0
7e56602c-4c5a-4574-bb19-37250068594b,Small Merchant,165380.34,0.2251,28,373435.95,0.879,0.8672,0.0,,,9.54,0.1056,25.31,0.2322,True,708.0,30,5,1
2f906ff0-4433-4e07-ae11-ed8ee6678973,Small Merchant,80480.21,0.3228,21,198307.09,0.6248,,,2.39,0.6103,5.03,0.2128,,,False,,18,4,0
07198259-cd06-41e5-8f5d-20e499875c05,Gig Worker,40358.67,0.3554,26,,,,,2.96,0.8811,6.88,0.1154,24.01,0.109,False,,24,4,0
485c324a-ca3f-493c-844d-5b10af09de80,Small Merchant,126381.05,0.3391,24,209523.29,0.7702,0.7078,8.96,,,5.11,0.1758,,,False,,14,4,0
cebd1165-4d53-4a66-b877-10b5da41ddf8,First-time Borrower,67183.52,0.175,23,,,0.7211,6.13,,,,,,,True,636.0,23,2,0
c98b7ba9-b528-4c9e-bc05-45797f643967,First-time Borrower,70465.47,0.0634,23,,,0.9815,2.42,,,7.96,0.115,,,True,729.0,23,3,0
b1499a82-44d9-4e44-8a3c-8b878ae6eb60,Informal/Rural Worker,14897.34,0.5656,9,,,0.5022,7.95,1.79,0.5823,,,,,False,,10,3,0
487ce05f-5403-4fde-8426-3d1544895fd1,Small Merchant,91598.63,0.3295,21,199427.64,0.5793,0.5131,17.94,2.04,0.5447,2.63,0.1945,,,False,,15,5,0
a3686628-82bf-4a60-92f0-69b9f25fcce9,Gig Worker,43347.92,0.2605,26,,,,,3.39,0.8611,,,25.95,0.1856,False,,32,3,0
5bbb5fcf-089f-4db9-946a-4065ebd7925c,First-time Borrower,55828.27,0.2261,18,,,0.7522,7.82,,,5.77,0.1732,,,True,571.0,16,3,1
102f4b54-6619-44d5-b766-919bd0297810,Gig Worker,34932.25,0.399,26,,,0.6996,10.34,1.61,0.8252,7.07,0.1628,18.96,0.0575,False,,20,5,0
92db9205-c1d4-441f-b97d-cc919ac426fb,Gig Worker,33413.28,0.3824,23,,,,,2.2,0.7629,5.6,0.1663,18.59,0.0145,True,610.0,18,4,0
7ace1278-53d2-493f-8442-2271036940b5,Gig Worker,27514.27,0.4328,18,,,,,1.63,0.5522,2.1,0.1955,16.29,-0.0317,True,487.0,6,4,0
a6915e00-3a51-48a8-beb9-5ff1340cf0ee,Small Merchant,110724.99,0.3214,24,317396.87,0.8388,0.7231,6.12,,,,,,,False,,36,3,0
0f1b632c-ba3a-4bfb-af3d-ed1c8edc6a78,First-time Borrower,73857.21,0.1927,23,,,0.8196,6.06,2.8,0.7212,6.62,0.1082,,,True,686.0,23,4,0
c307c662-be17-41ab-9686-5dc75fd1019c,Small Merchant,128834.58,0.4019,22,,,0.5968,10.79,,,4.65,0.1669,,,True,571.0,17,3,0
c408d7c3-f439-45fb-acf1-05836b66d193,First-time Borrower,37600.04,0.2677,19,,,0.5696,14.72,,,,,,,False,,11,2,1
06e6978c-4da1-4044-ab99-8874bec62e8f,Gig Worker,18684.08,0.4954,21,,,,,1.36,0.6391,,,14.17,-0.0275,False,,10,3,0
ceb87906-e9fe-4264-a0cd-2147fa808caa,First-time Borrower,59233.92,0.2551,17,,,0.6299,10.52,,,,,,,True,535.0,16,2,0
47079263-e69b-4122-b08f-f08d0bbf1f76,First-time Borrower,87962.06,0.1708,25,,,0.9423,4.12,,,8.62,0.1025,,,True,733.0,27,3,0
0ec6b5a8-0d2b-4abe-86c9-d5fc566b389e,First-time Borrower,78804.31,0.1195,22,,,0.821,6.89,3.34,0.7241,7.19,0.061,,,True,749.0,27,4,0
77fae281-a267-4247-a603-02aca7b29769,First-time Borrower,50211.36,0.1942,18,,,0.6674,11.9,2.35,0.6103,3.1,0.1465,,,False,,18,4,0
7dbdecf5-1fec-41af-8b1b-5847eaff5af0,Small Merchant,60748.28,0.4258,21,114961.13,0.5199,0.5374,14.68,,,4.43,0.2375,,,False,,11,4,1
5bd42774-9ceb-4b9e-ab09-92b8daf069a7,Informal/Rural Worker,18308.59,0.4682,15,,,0.7284,11.02,2.41,0.5439,,,,,False,,13,3,0
0bd0ae90-54d3-4bbb-9cb2-a6e4182fdd29,Small Merchant,122022.74,0.2852,22,235512.37,0.7187,0.8147,8.03,,,4.37,0.1093,,,True,597.0,14,4,1
ae9aea90-f88c-419b-8cce-1fec1ed36e93,Gig Worker,38779.98,0.3313,22,,,,,2.74,0.7426,,,22.39,-0.0271,False,,24,3,0
88f30726-f3e9-40c3-b1fa-b3cd8937c8d6,Small Merchant,161175.49,0.2446,24,335502.0,0.7462,0.7606,3.93,3.15,0.7023,6.43,0.1491,,,False,,27,5,0
87d29836-89ca-4026-9e27-930cd7f6966d,First-time Borrower,47067.38,0.2408,18,,,,,,,5.23,0.1799,,,True,515.0,12,2,0
ce24951c-5d94-41c3-a013-a9944a99bb50,Small Merchant,73480.39,0.4559,21,136725.27,0.6568,0.4606,15.2,1.27,0.5442,3.82,0.1827,13.61,-0.0954,False,,3,6,0
1f70744a-7ac7-4e73-9376-da247826a36a,Small Merchant,163697.11,0.3193,27,297607.33,0.7588,0.7767,3.33,,,7.6,0.1288,22.07,0.1392,False,,21,5,0
97110ca1-d4c7-4576-bfcd-ea7c0a42edd3,First-time Borrower,73590.58,0.2441,22,,,0.7601,6.26,2.64,0.7773,,,,,True,634.0,21,3,0
f2cf6a61-c24a-481f-a94e-2489bc00852c,Gig Worker,37818.31,0.4055,25,,,0.6867,4.75,2.82,0.7473,,,24.17,0.0312,False,,25,4,0
2fba85dc-670e-4c27-a654-85b9be0eb073,Gig Worker,24128.88,0.5027,19,,,0.3227,17.54,1.19,0.4869,,,6.5,-0.1876,True,431.0,8,4,0
e673c47e-f6a6-46e2-94ff-94d28234dd2b,Gig Worker,38103.9,0.4711,23,,,,,,,,,18.47,0.0411,False,,17,2,0
864bd0dc-e936-4652-b432-54609d6a73d4,First-time Borrower,33877.26,0.2208,14,,,0.5219,14.39,,,3.48,0.1947,12.43,-0.0895,True,544.0,7,4,0
67635826-a78d-4069-b08c-731d4b0c8990,Informal/Rural Worker,17395.5,0.5894,9,,,0.5534,14.88,2.17,0.6177,,,,,False,,17,3,1
7f048ca3-48f0-4c94-a107-b1ef2a25f3b5,Gig Worker,30255.26,0.4937,23,,,,,1.56,0.5849,,,13.95,0.0073,False,,14,3,0
4a2cde09-8603-4334-8d29-4c7ff5c81175,Gig Worker,33379.14,0.2938,23,,,0.765,7.32,2.42,0.7437,7.32,0.2162,23.59,0.0272,True,676.0,17,5,0
b737ba31-8b82-4487-9640-1188bfc64874,Small Merchant,61886.61,0.4789,20,90472.18,0.5735,0.542,18.45,0.87,0.4461,1.68,0.2161,,,False,,6,5,0
a12e4edb-e766-4261-bbc6-74c9a282d9b2,First-time Borrower,54457.19,0.1547,19,,,0.7732,5.19,,,,,,,True,661.0,23,2,0
b572a6f8-6104-42a2-9e20-0a7cd26f4000,Informal/Rural Worker,17096.39,0.4352,15,,,0.6539,8.08,1.97,0.5777,,,,,False,,17,3,0
0879d4a9-f06f-4187-8bde-04e618bd9598,Informal/Rural Worker,19628.39,0.4896,13,,,,,2.17,0.6285,,,,,False,,16,2,0
5b1097b2-6595-4ae9-869f-d5f6a98c8238,Small Merchant,178244.82,0.1961,26,392474.1,0.9296,0.9574,3.1,,,7.86,0.1279,,,False,,29,4,0
9e4fdc3e-0a94-40c8-9875-8d22df78cfd1,Gig Worker,24992.08,0.4493,21,,,0.455,16.91,1.56,0.4761,,,18.24,-0.0709,False,,15,4,0
91162d26-8dc7-4a5d-b798-37dab6244023,Gig Worker,25647.8,0.3085,20,,,,,1.78,0.6363,3.62,0.2055,13.95,0.024,False,,10,4,0
73cf860d-2351-4bc2-afd0-56cfa19a17c1,Gig Worker,33170.92,0.4462,21,,,,,1.62,0.5675,,,17.47,-0.0876,False,,16,3,0
829ccf76-5c55-4ac3-b58e-f4b069d0c360,Small Merchant,193557.3,0.3062,26,428234.05,0.914,0.9328,4.89,,,10.06,0.0677,,,False,,32,4,0
1278dcbe-df3a-4b31-ae56-a56cf2c1cdd3,Gig Worker,26289.06,0.3307,23,,,0.6262,11.25,1.99,0.6767,,,16.31,-0.007,False,,19,4,0
b2bf6525-7d64-426b-bd64-f29da0d80999,First-time Borrower,62967.24,0.1198,20,,,0.6758,9.22,2.58,0.7589,7.11,0.1772,,,True,722.0,22,4,0
9ac9def4-e098-48a9-a33f-8a0651fbd3fe,Gig Worker,22106.99,0.4528,19,,,,,1.25,0.5891,,,17.49,-0.1243,True,536.0,14,3,1
72321a3a-1e5e-4f98-b71b-d9df46e6769b,Gig Worker,25174.92,0.4702,22,,,,,1.83,0.643,2.25,0.2711,16.69,-0.0407,False,,15,4,0
dd84dc11-1f6a-4459-b211-9802d1a0e56b,Small Merchant,74619.67,0.4267,17,120498.51,0.5168,0.4772,16.78,,,1.1,0.1759,,,True,482.0,12,4,1
44bcb7e0-09a6-4a41-8f3f-a3c430e9e60a,Small Merchant,87347.04,0.3866,24,169215.54,0.5862,0.6119,14.43,,,4.57,0.1691,,,False,,16,4,0
0b44fe40-4cab-4592-9be4-69f7ce996a9e,Small Merchant,71747.0,0.3587,20,102430.33,0.4523,0.4869,13.46,,,3.5,0.2177,,,False,,12,4,0
e26261b6-a643-41c5-b66e-7d1e06faa4f5,Small Merchant,86942.8,0.3014,23,211286.8,0.6714,0.7066,11.48,1.68,0.5903,,,,,False,,19,4,0
c7d2e475-ed63-4c4f-82d3-74ddca6c937d,First-time Borrower,27750.26,0.392,16,,,0.4008,14.14,,,,,,,True,453.0,8,2,1
49ebf0aa-188a-445e-a63f-f79528131d27,Informal/Rural Worker,19179.39,0.5753,16,,,0.5875,10.58,2.01,0.6511,,,,,False,,21,3,0
2d80c06a-3992-4c73-b1d2-7f3f02558be9,Small Merchant,178485.13,0.2768,26,403533.7,0.8417,0.9646,1.43,,,8.47,0.1187,,,False,,27,4,0
5dca149d-1d24-49de-8507-62272524716c,Gig Worker,38249.99,0.3513,22,,,,,2.11,0.6026,,,22.63,0.0015,False,,23,3,0
118056cf-f669-4b29-89bc-a635dbf764ec,Gig Worker,20036.78,0.5601,20,,,,,1.28,0.4952,,,15.09,-0.0649,False,,12,3,0
7447dd1e-0527-4775-b581-70121f48fb56,Gig Worker,36932.39,0.3961,23,,,,,2.28,0.6798,,,,,False,,19,2,0
41f89dd0-5ab6-4f5d-92ad-c1772c738aea,Informal/Rural Worker,17928.38,0.5223,14,,,,,2.18,0.5149,,,,,False,,14,2,0
a6b40e66-7466-4b99-80a2-6c8544cce5b7,Informal/Rural Worker,10362.54,0.6353,9,,,0.486,10.52,,,,,,,False,,7,2,0
69105a96-f3e1-48d4-8f01-77e11cd49afc,Gig Worker,40512.71,0.3233,26,,,,,2.75,0.7155,6.96,0.1132,20.13,0.064,False,,17,4,0
a51b0358-d799-412d-8be1-e52f9d39a5c9,Informal/Rural Worker,15528.9,0.5293,8,,,0.4651,16.89,1.83,0.6412,,,,,False,,11,3,0
b2587ade-10e9-423d-b52b-077b51f4f504,First-time Borrower,44117.68,0.1976,17,,,0.6989,12.29,,,6.09,0.1759,,,True,575.0,12,3,0
734a5a94-ef15-47b3-9f0b-7d2817d036ed,First-time Borrower,87169.26,0.0655,26,,,0.7802,4.52,,,,,,,True,772.0,25,2,0
5b27b5dc-c02d-4ff5-a718-39f034732315,Gig Worker,20762.58,0.4823,22,,,,,1.4,0.5009,,,,,False,,12,2,0
14779472-7b3a-426c-a37c-2805fa3389ef,Small Merchant,148157.39,0.2705,28,356870.91,0.7677,0.8511,8.93,,,7.93,0.198,,,True,704.0,25,4,0
6c22ed06-4df7-48b2-8397-634df3fbef98,Small Merchant,154853.1,0.2836,26,268592.17,0.8162,,,,,6.76,0.1603,,,False,,19,3,0
0a4ce87d-a792-4038-a88e-cc6e013732b5,Small Merchant,166932.08,0.2484,27,326672.2,0.8653,0.9752,3.76,,,5.84,0.163,,,True,737.0,26,4,0
b6d1a191-bc43-4639-8e0d-e4416bb328b2,Small Merchant,137273.61,0.3694,24,301782.74,0.7678,0.7784,8.56,,,5.69,0.1637,,,True,679.0,20,4,0
c8b0b135-da2a-4b98-a181-60f9fcd75293,Gig Worker,47095.57,0.2608,26,,,,,3.1,0.8891,,,25.54,0.1723,False,,25,3,0
33c9d447-28ed-45ab-9d77-4ff2953d1da6,First-time Borrower,43504.46,0.2604,17,,,0.6162,11.28,,,3.8,0.1776,,,True,574.0,16,3,0
8bd54e92-ba0c-459d-93e4-ea11b04a0a06,Small Merchant,141567.69,0.2448,26,,,0.88,6.23,,,9.32,0.1453,,,False,,24,3,0
a9a95298-7c66-417a-92bd-4cfcab780c7a,Informal/Rural Worker,23172.8,0.3975,16,,,0.7398,7.8,2.57,0.7001,,,,,False,,19,3,1
84eff4d6-6b6f-47a8-9220-b54dd02cf6dc,Small Merchant,90431.84,0.4216,18,137626.01,0.5505,0.5832,15.06,,,,,,,False,,8,3,0
a2167318-02f7-47b2-9c5e-df75b8011ab9,Small Merchant,101500.8,0.3878,21,215749.01,0.6449,0.6188,12.84,1.67,0.4825,5.4,0.2195,,,False,,12,5,1
62274419-43ed-4a33-b12c-344c2d4ec790,Informal/Rural Worker,22128.02,0.4351,15,,,0.7626,8.05,,,,,,,False,,19,2,0
507009eb-f42d-48e8-bb48-4fa70b68221d,Gig Worker,50141.15,0.301,24,,,,,3.38,0.8636,,,24.4,0.2409,False,,25,3,0
c0598fc8-9174-42d9-98c6-638a4dccf510,First-time Borrower,86093.16,0.1476,27,,,,,,,9.13,0.0885,,,False,,29,2,0
c9600a2b-fc3c-49ce-be5b-802670dbbf56,Informal/Rural Worker,23196.89,0.3935,12,,,0.733,6.1,2.59,0.7192,,,,,False,,23,3,0
d80109c4-94dd-4126-aa33-e76d4d1e28af,First-time Borrower,52561.25,0.2833,15,,,0.7618,10.61,,,,,,,True,600.0,18,2,0
cbf3ff7f-9bd1-49e0-9a41-cd2d90a77d92,Gig Worker,18030.1,0.4058,18,,,,,1.39,0.4983,3.09,0.2027,13.89,-0.1217,True,547.0,10,4,1
d590965c-7e87-438f-9fbc-d921221fd0af,Gig Worker,23063.73,0.449,18,,,,,1.18,0.4039,,,16.05,-0.0839,False,,13,3,0
54b25b34-3cd3-4ccf-ab10-8ee3f4832257,Gig Worker,31069.91,0.4562,22,,,0.7591,9.09,2.69,0.6853,,,21.42,0.001,False,,15,4,0
34db78b7-ad81-418b-b166-18dafa9d12ed,First-time Borrower,52047.84,0.2612,25,,,0.771,9.77,2.18,0.6591,,,22.5,0.0613,True,634.0,21,4,0
96d4c9df-1cf8-4042-b5c9-ef964bd4d717,Informal/Rural Worker,16521.28,0.5581,16,,,0.7741,11.5,,,,,,,False,,23,2,0
ac8ce04d-9d97-445c-97aa-177e57a514d5,Gig Worker,37017.57,0.3383,24,,,,,2.99,0.8726,,,17.39,0.1036,False,,17,3,0
d500d404-8173-4e7e-9c4d-3dd1caf9073b,First-time Borrower,76027.18,0.1267,21,,,0.774,6.01,,,,,,,False,,29,2,0
ab4579cd-5a2e-4413-80f7-21826cdc86fc,Small Merchant,37217.89,0.4007,23,134876.97,0.5771,0.4368,15.67,,,2.49,0.2551,11.46,-0.1195,False,,4,5,0
ddfca660-71f8-4da3-b99b-2f2ca84bfe6b,Informal/Rural Worker,22755.08,0.5482,7,,,0.5406,10.93,2.45,0.6511,,,,,False,,27,3,0
e67f5913-7773-4f1d-ba3c-3153d5ec39fb,Informal/Rural Worker,22812.78,0.316,19,,,0.7794,3.13,,,,,,,False,,23,2,0
8a55feef-05bd-4c0e-b8f6-99110f8a07b0,Small Merchant,72213.1,0.3492,20,92172.93,0.5272,0.4808,14.05,,,4.19,0.241,,,False,,9,4,1
50c7faf2-ce79-4c81-978c-57872436049a,Small Merchant,34593.54,0.4571,19,140711.73,0.6703,0.4776,12.86,0.95,0.3973,,,,,True,426.0,7,4,1
776add70-e8ab-46be-9a32-7a1fbffa2b0f,First-time Borrower,54174.82,0.2319,23,,,,,,,,,,,False,,20,1,0
fab44512-5a31-4b38-81d8-618b87173543,First-time Borrower,82826.33,0.1221,23,,,0.7881,5.27,3.11,0.7649,7.45,0.1119,22.17,0.1205,True,778.0,25,5,0
61ba3e99-d547-4404-acf3-206f2631b325,First-time Borrower,51048.14,0.2162,19,,,0.6238,9.44,2.44,0.6202,,,,,True,566.0,23,3,0
8c798e49-392d-46a5-9534-63033bc825c5,First-time Borrower,46778.52,0.197,18,,,0.6146,9.86,,,,,,,False,,15,2,1
4af14444-9277-49dc-8a96-feb637f88ae7,First-time Borrower,64568.38,0.2353,19,,,0.7729,4.82,,,5.06,0.1407,,,True,634.0,19,3,0
b2c7239b-bbeb-4d68-b0f1-782891659012,Informal/Rural Worker,19745.16,0.5739,9,,,0.5524,13.58,1.79,0.6624,,,,,False,,15,3,0
7ac41ecb-4f07-43a5-ad50-0326a8c87118,First-time Borrower,58440.08,0.2111,18,,,0.7804,5.26,2.09,0.6207,5.34,0.137,,,True,650.0,21,4,0
556ba3cb-03af-410f-aa2d-3b8318632553,Gig Worker,19352.11,0.5378,14,,,,,1.25,0.5397,,,14.23,-0.154,True,422.0,12,3,1
272a89b7-08bb-440e-bbd8-40155f8ed123,Informal/Rural Worker,15698.86,0.5159,9,,,0.5146,12.05,1.46,0.5879,,,,,False,,11,3,0
305fb1bd-677e-4fb6-b582-b1b829c25693,Informal/Rural Worker,22855.68,0.4023,16,,,0.7566,6.19,2.92,0.8917,,,,,False,,31,3,0
9266dd2c-7804-493a-89cc-3523dcca2220,First-time Borrower,50079.67,0.1833,22,,,0.597,8.65,,,4.36,0.1511,,,True,617.0,19,3,0
fb8aaabf-6d6e-4e74-963c-896a33b2a825,Informal/Rural Worker,27530.71,0.2718,21,,,0.7569,5.69,2.82,0.7912,,,,,False,,28,3,0
02c3cea5-f325-40d4-a529-51021ad088ee,Gig Worker,33733.5,0.4804,26,,,,,1.56,0.6142,,,15.58,-0.0008,False,,16,3,0
a79c032f-fbc3-46e9-b9e6-f4be9d2ce7e3,Gig Worker,22182.04,0.4417,19,,,,,1.98,0.4074,,,15.31,-0.0672,True,537.0,12,3,1
92e2e832-bb49-4490-9e5c-8d14a45fa472,Small Merchant,147444.58,0.333,25,211606.69,0.7423,0.7468,9.09,,,,,,,True,554.0,14,3,0
bf4dd32c-ca15-4f12-9e44-18d52e0788c1,Gig Worker,41763.37,0.3787,24,,,,,2.53,0.743,,,18.67,-0.0175,False,,21,3,0
ab3ab658-6ed3-4c6a-b507-b38771f0509b,Small Merchant,153034.47,0.363,24,322839.83,0.7857,0.6387,4.72,2.75,0.8102,6.8,0.1656,,,False,,20,5,0
76c5d693-5f52-454e-b33f-655febd83afd,First-time Borrower,75847.13,0.2224,23,,,0.9304,2.2,,,7.83,0.0911,,,True,763.0,27,3,0
8d97fc17-af3e-4067-83ed-bd412183713e,Informal/Rural Worker,25590.45,0.2769,18,,,1.0,4.51,3.52,0.8679,,,,,False,,30,3,0
36546628-f44a-4d19-844f-d6e82b83cfde,First-time Borrower,77360.73,0.1897,25,,,0.8724,2.71,,,6.72,0.0724,,,False,,29,3,0
836176bd-91b5-47ed-958a-b3d218dddf20,Gig Worker,49175.16,0.3574,24,,,,,3.36,0.9329,10.38,0.1171,24.67,0.1802,True,754.0,26,4,0
218defcf-b7f9-48ce-9086-8e00c68f01e1,Gig Worker,46214.38,0.2838,28,,,,,3.17,0.848,,,25.75,0.0803,False,,27,3,0
72f2bebf-559a-42fe-8601-687b515efbbd,Gig Worker,43978.67,0.2515,22,,,,,3.09,0.8459,,,24.09,0.2667,False,,30,3,0
8c874ec6-4b6c-4aaa-804a-b8f5a8698824,First-time Borrower,51415.36,0.2026,22,,,0.543,11.0,2.16,0.4972,3.86,0.2339,,,True,545.0,18,4,0
bc50935b-1d2d-4b18-8338-d39a8fff4906,Informal/Rural Worker,16881.49,0.5317,14,,,0.5407,12.97,2.6,0.5721,,,,,False,,20,3,0
1d6ffa4d-646d-4abd-8e86-d0e43937e538,Gig Worker,41488.41,0.3862,21,,,,,1.96,0.7501,4.15,0.1603,21.52,-0.0022,False,,21,4,0
2aa60741-3d8a-4206-a893-eb592ea4fcb3,Informal/Rural Worker,25110.73,0.4778,17,,,0.757,8.0,1.98,0.6731,,,,,False,,25,3,0
756650e3-2a1b-416b-af52-d119d9502d52,Informal/Rural Worker,26942.57,0.325,17,,,0.8042,3.15,3.04,0.8152,,,,,False,,23,3,1
41c9777e-054f-489b-9d21-cf94717be9cc,Informal/Rural Worker,21941.48,0.4405,16,,,0.6336,8.14,2.28,0.8045,,,,,False,,18,3,0
ce883a94-b901-4567-8127-bd1e02b0aeef,First-time Borrower,52176.93,0.1861,16,,,0.619,10.3,,,6.23,0.1396,,,False,,13,3,0
2f0f1c0a-c568-4354-a10c-a96aa641dce3,First-time Borrower,36166.57,0.2938,14,,,0.4881,17.15,,,,,,,False,,21,2,1
3c1b3074-488e-4569-b870-52f1abdc665d,Small Merchant,111269.81,0.3035,24,283413.07,0.7693,0.7521,10.0,,,6.29,0.151,,,True,607.0,20,4,1
a32973c1-d56d-4008-9c2e-40992ae874ba,Informal/Rural Worker,18560.77,0.589,11,,,0.693,10.68,2.17,0.5078,,,,,False,,17,3,0
5901ca35-56ed-42c2-9558-c5e6c305af0d,Gig Worker,25882.04,0.4453,18,,,0.6907,9.29,1.89,0.6258,,,15.91,-0.0369,False,,19,4,0
4d0b8b31-91f2-4d24-802e-87f291dc9a4a,First-time Borrower,53872.44,0.2649,18,,,0.5591,7.63,,,,,,,False,,16,2,0
01d328f2-6be1-4561-b723-57fa4214e68f,Gig Worker,22143.34,0.4229,20,,,0.5784,10.47,1.54,0.5083,,,17.7,-0.1483,True,498.0,15,4,1
27ea7348-c1f6-4c82-8941-3223d5ab1133,Informal/Rural Worker,18604.81,0.56,12,,,,,2.4,0.544,,,,,False,,11,2,0
0994f7a0-64ef-40c0-8ccc-3e6c6837d6da,Gig Worker,41867.6,0.367,23,,,,,2.11,0.7164,,,,,False,,20,2,0
27b27463-c680-4b5f-8e3a-6a8e1de6e464,Small Merchant,122711.4,0.406,21,246906.43,0.6502,0.578,8.53,,,,,,,True,550.0,14,3,1
11b980b0-f703-48e6-9d1c-0655fba9df7c,Informal/Rural Worker,30639.8,0.4457,18,,,,,3.3,0.8411,,,,,False,,30,2,0
2118ca55-c845-4a97-858b-409cdf0b8073,Small Merchant,130572.44,0.3472,25,363042.43,0.857,0.8402,7.28,,,8.01,0.0798,,,False,,23,4,0
2f604112-5743-4bed-bbb1-2fb348bfaab8,Small Merchant,151223.81,0.2862,23,282496.31,0.7315,0.7019,6.74,,,5.61,0.1656,,,False,,18,4,0
33058ccc-9b1b-4306-8771-37e141670916,First-time Borrower,50688.01,0.1984,19,,,0.7025,9.32,,,4.95,0.1376,,,False,,14,3,1
e031fbc0-287b-47f4-81f1-b981480020b7,First-time Borrower,41768.33,0.3133,13,,,0.4879,12.44,1.43,0.5695,,,18.86,-0.2095,True,490.0,12,4,1
804cb2df-a6bf-4890-b260-b17d4476d8ce,Informal/Rural Worker,24219.65,0.4627,18,,,0.7877,7.55,,,,,,,False,,18,2,0
ce747ec9-1192-4615-aadb-4810af156cb6,Small Merchant,142667.35,0.2634,25,358535.94,0.8985,0.8787,6.27,,,6.96,0.1174,,,True,631.0,22,4,0
006983b5-1de8-44d0-92a3-87159504ea27,Small Merchant,75388.3,0.2636,24,171903.52,0.6754,0.6107,15.12,,,4.27,0.1684,11.53,-0.0039,False,,12,5,1
fa8f1707-e169-4e48-b3f5-9280e8a9715c,Small Merchant,74956.28,0.4909,22,156942.04,0.7196,0.6194,14.18,,,3.95,0.164,,,False,,13,4,1
9c20941e-8ade-488d-b5ee-3a534a1a8549,First-time Borrower,52676.73,0.2604,22,,,0.6598,12.28,2.01,0.5778,6.2,0.2497,17.85,-0.1046,True,593.0,13,5,0
7eb734c6-344e-4951-9d61-df8c00e52011,Gig Worker,23628.63,0.4277,20,,,0.6274,13.3,1.19,0.4904,,,16.73,0.0007,False,,15,4,1
2caabebb-bb95-4c8a-84e8-96c898bb394d,Gig Worker,37424.87,0.3468,23,,,,,2.52,0.6703,,,21.78,0.1075,False,,15,3,0
d1f4f17a-7544-4b6d-8bfd-52fca4b7001a,Informal/Rural Worker,15072.29,0.4535,12,,,0.7009,10.3,2.38,0.7259,,,,,False,,18,3,0
4d89bc33-cf9c-40f8-b299-bc159d4c4047,Informal/Rural Worker,25502.05,0.4411,15,,,,,2.74,0.8236,,,,,False,,19,2,0
883d8851-d290-4ec9-80d8-33c377b444de,Gig Worker,14024.03,0.4455,18,,,,,1.66,0.427,,,12.03,-0.2248,False,,4,3,0
c730a318-5b8f-4137-ae56-7c77633ff9ba,Informal/Rural Worker,31415.06,0.5095,16,,,,,2.53,0.8145,,,,,False,,30,2,0
41894392-bcb8-4785-95af-d6ce5205b432,Informal/Rural Worker,15638.22,0.367,16,,,0.8013,8.31,2.49,0.7253,,,,,False,,17,3,0
9f868cd8-745b-42a8-99cf-2a3d93091070,Gig Worker,33934.63,0.4645,21,,,,,2.47,0.7523,,,17.86,0.0922,False,,19,3,0
71142b46-ae6f-464f-a148-18afca18e24d,Gig Worker,40127.91,0.2999,26,,,,,2.7,0.784,6.45,0.1328,21.25,0.0708,False,,31,4,0
417a1adc-d47a-4a19-898b-192b18cfcbe9,First-time Borrower,33427.35,0.2142,16,,,0.5865,14.4,1.35,0.5874,,,,,True,502.0,15,3,1
f3e6feb8-42cf-4470-bb06-d83c1a9e3e41,First-time Borrower,62406.8,0.25,20,,,0.6893,9.38,,,6.2,0.0678,,,False,,22,3,0
9d2c402e-978a-4ce5-84fc-69561f4acbef,First-time Borrower,41282.88,0.1578,23,,,0.6813,9.88,2.18,0.6635,,,,,True,605.0,19,3,0
af936ecb-35e1-415b-88d5-17be9c951f7a,First-time Borrower,56328.52,0.208,20,,,0.7408,6.3,,,5.3,0.1788,,,True,637.0,16,3,0
0b1f8c7a-0a49-45c4-83fb-d4b65ab00138,Gig Worker,21996.5,0.4722,20,,,,,1.93,0.5588,3.59,0.1725,18.64,-0.0707,False,,20,4,0
877ae567-146f-4aef-97f0-e33565c688b6,Gig Worker,25440.55,0.4441,21,,,,,2.17,0.6147,,,13.86,-0.0911,False,,16,3,1
0dc8cfd7-5232-4899-8b33-c50d4622e2d9,Gig Worker,23355.49,0.4409,21,,,0.4911,17.71,1.43,0.4193,5.11,0.2789,13.29,-0.0733,False,,12,5,0
9f56a9e6-8eb4-4fa4-b5cf-f3c9a079850b,Gig Worker,34790.87,0.4617,23,,,,,2.09,0.5971,5.42,0.2008,14.76,0.0355,False,,13,4,0
f0943cb9-28a5-41cd-a917-b291ce032986,Informal/Rural Worker,14617.99,0.5696,6,,,0.5471,14.31,1.67,0.5456,,,,,False,,6,3,1
f10a5dcf-985a-4ea9-af6a-39076ddd2a2f,Small Merchant,150989.99,0.3101,24,352011.06,0.7481,,,2.81,0.9302,6.05,0.1466,,,True,777.0,20,4,0
34a34c97-2b00-419b-8c88-d34272259523,Gig Worker,31885.39,0.4403,21,,,0.5137,15.4,2.44,0.54,5.52,0.1931,17.43,-0.099,False,,22,5,0
b61ba7a3-7cf6-464f-bab8-baac93b918a9,First-time Borrower,67045.19,0.2014,22,,,0.7953,2.61,3.01,0.8055,5.32,0.1446,21.48,0.0619,True,699.0,23,5,0
1b4cf936-b114-48c4-8666-a1277f0d5866,First-time Borrower,64773.82,0.2093,17,,,0.7082,10.16,2.03,0.7148,,,,,False,,22,3,0
2f9c6396-aa13-4ee2-80a3-c9f007ad96b1,Informal/Rural Worker,28712.19,0.4376,16,,,0.8045,1.28,3.16,0.7594,,,,,False,,21,3,1
8e8bd7a9-6740-4680-b5d9-f17b9da1928e,Small Merchant,47585.03,0.4007,21,92664.67,0.5863,0.4561,18.61,1.57,0.4495,4.24,0.2031,,,False,,6,5,1
d5397cef-fc93-4ea6-aa7f-a4d14039628d,Informal/Rural Worker,19294.34,0.4129,14,,,0.6239,6.7,1.73,0.7558,,,,,False,,21,3,0
beb898bb-1b25-48d9-afef-f86fbe4622a5,Informal/Rural Worker,15676.36,0.5553,9,,,,,2.25,0.5496,,,,,False,,11,2,0
cefecb7d-fd38-4d82-851f-be436d0732d6,First-time Borrower,57782.35,0.149,16,,,0.7245,8.66,2.15,0.6744,,,,,True,606.0,16,3,1
173e1fd1-095f-47eb-afc2-df48e690a5ff,First-time Borrower,55592.52,0.2192,20,,,0.5854,13.39,,,4.36,0.1618,,,True,546.0,15,3,0
2aff28b4-37c0-4d57-b062-fddf2f7a048f,First-time Borrower,50864.5,0.1959,19,,,0.6496,6.64,,,5.89,0.2,,,True,608.0,16,3,0
50b25a8d-2e95-4dc1-87f8-1028478f1777,First-time Borrower,40653.47,0.225,15,,,0.6465,11.82,,,2.59,0.1817,,,False,,13,3,0
6f875e06-3ad7-426d-8a64-59ac2566dbfc,First-time Borrower,49481.64,0.1271,18,,,0.7328,6.4,2.08,0.6037,,,,,True,630.0,22,3,0
a4ab8139-9533-4ee0-a34b-000a4a0c6d03,Gig Worker,46938.36,0.2738,27,,,,,3.34,0.8864,,,25.41,0.2661,True,741.0,33,3,0
9c59e157-8c14-474a-b4fe-0595792a8c31,First-time Borrower,60992.69,0.2662,18,,,0.7558,2.79,,,,,,,True,642.0,19,2,0
e83d318d-12db-4dfc-bb6b-db2a959b756e,Small Merchant,128575.25,0.3536,26,271844.36,0.8132,0.8588,6.39,,,,,23.2,0.2024,False,,26,4,0
e6d09e9a-1cc3-456d-b971-28691f87ac09,Gig Worker,27999.89,0.4908,19,,,0.5212,14.71,1.83,0.5423,,,14.39,0.0335,False,,15,4,0
fce6457a-1c8f-42ed-a85c-dadf3a0161cc,Informal/Rural Worker,23333.14,0.3835,17,,,0.7428,5.0,2.47,0.7557,,,,,True,707.0,24,3,0
46851a14-3dd1-4420-b68d-22875392234c,Informal/Rural Worker,28344.46,0.4274,11,,,0.7312,2.44,2.4,0.7313,,,,,False,,21,3,0
1ea1722c-64a5-482f-ae37-ca2e83e37f17,Small Merchant,156209.52,0.2507,26,348342.37,0.7562,0.8265,2.78,,,6.68,0.1584,,,False,,26,4,0
f852479c-ef19-4169-ba0d-72abbcbcf936,Small Merchant,142399.42,0.3051,24,270477.78,0.8151,0.8061,4.89,,,7.38,0.1283,,,False,,19,4,0
5f93319b-6ed0-4f2f-9d16-6aecef71032c,Informal/Rural Worker,13527.1,0.591,12,,,0.58,16.92,1.66,0.4046,,,,,False,,10,3,0
a1f56ecb-d002-44af-b31d-d832f2272517,Small Merchant,115840.58,0.3073,23,224887.14,0.7252,0.6314,10.61,,,,,,,True,657.0,16,3,0
d8fbc7a2-de3a-440b-899c-ce9e7ea2b0ad,Informal/Rural Worker,21680.37,0.4298,17,,,0.76,7.18,2.73,0.7134,,,,,False,,27,3,1
71a682a5-5eb0-4bf9-9d34-d86d720c6680,Small Merchant,120062.84,0.3548,25,259704.93,0.6877,0.7674,10.78,,,7.15,0.1991,,,True,620.0,24,4,0
2b4697f2-c798-45dc-960f-b7766b392d6c,Gig Worker,46578.27,0.2808,28,,,,,3.18,0.8772,,,26.01,0.1431,False,,26,3,0
301c13ca-908e-4090-a805-377bc6c3d2d0,Small Merchant,81151.16,0.3892,21,192742.76,0.617,0.5366,11.79,,,3.05,0.1826,,,False,,11,4,0
25c694c9-d00f-436a-a3b7-486567602cab,First-time Borrower,55452.8,0.2382,19,,,0.5832,12.29,2.16,0.5156,,,,,False,,16,3,0
4f6f3500-cd76-4bc8-9fc6-f67fb60bcadf,First-time Borrower,34454.81,0.2443,12,,,0.4321,18.34,,,,,,,True,479.0,9,2,1
6695498c-3324-4563-abdc-981d37ab5700,Small Merchant,155605.31,0.3344,26,305525.66,0.7497,0.623,9.73,2.7,0.6766,5.03,0.1267,,,False,,22,5,1
9c8349aa-bc66-4532-ac62-8eda6ca69a7e,Gig Worker,26373.41,0.4623,22,,,,,1.35,0.4991,,,13.58,-0.184,True,492.0,16,3,1
bf904bde-ec6c-4a77-a43d-7c60feab0a24,Informal/Rural Worker,12471.94,0.5197,8,,,0.6047,14.85,1.71,0.5905,,,,,False,,9,3,0
7f5df668-486e-40d2-8626-bfdbcac55c7a,Small Merchant,151002.78,0.2716,24,261338.55,0.6917,,,,,6.97,0.1056,,,False,,15,3,0
3a7d92ff-a002-4809-af92-770d93379e0f,Informal/Rural Worker,14708.76,0.534,12,,,0.4771,9.2,1.84,0.5361,,,,,False,,18,3,1
56d7d00f-f694-4701-abef-e30dbb6510cc,First-time Borrower,37359.18,0.3097,15,,,0.5585,19.89,1.42,0.4059,,,,,True,456.0,12,3,1
6f2b6576-e0b7-47c7-804e-d8c80d1a00b1,First-time Borrower,39623.24,0.2788,18,,,0.5765,13.25,2.01,0.5968,4.75,0.2081,,,True,579.0,13,4,0
a989fb17-4bca-451f-b1dd-5eb097e757f4,Small Merchant,160001.95,0.2556,26,360885.08,0.8951,0.9104,8.41,,,7.25,0.112,,,False,,27,4,0
b630d12b-5749-46a2-a92a-7008550ce932,First-time Borrower,37975.02,0.227,14,,,0.6042,9.73,,,3.67,0.2051,,,False,,12,3,1
c84e7898-632a-49a7-a936-079860a9c873,First-time Borrower,51061.95,0.2049,20,,,0.6172,11.11,2.12,0.6617,,,,,True,561.0,18,3,0
41028648-3a15-43cc-aa19-7e5290a73bb6,Small Merchant,127544.31,0.4012,25,173407.58,0.6456,0.5288,14.55,,,4.77,0.1705,,,False,,14,4,0
a7069f5a-0df0-4d84-ab1b-e2ed25e2ad65,First-time Borrower,80226.27,0.1311,20,,,0.8301,7.06,,,,,24.2,0.2633,True,764.0,19,3,0
bf20c7dd-146a-470f-b8cd-0a875ef91883,Small Merchant,148338.16,0.3254,24,286260.32,0.7433,0.6431,7.02,,,7.13,0.1197,,,True,686.0,16,4,0
ec1ba5f6-f104-4043-b499-eb94eb013f96,Small Merchant,205511.92,0.3567,28,365588.42,0.8416,0.8509,0.0,,,,,,,True,770.0,31,3,0
7304fe19-315e-44fe-9e97-b67c6ab2b56f,Small Merchant,133334.78,0.3585,23,334037.64,0.6983,0.7148,5.4,,,,,,,False,,26,3,0
ab4affe4-8384-4911-93e9-a3a958770105,Gig Worker,24927.32,0.4494,22,,,,,1.99,0.5613,,,16.01,-0.0751,False,,20,3,0
b2f4e1f3-0f79-44cf-87fd-e78733387364,Gig Worker,30276.79,0.3976,22,,,0.6116,11.77,1.35,0.5764,,,15.22,-0.0178,True,571.0,16,4,1
96d26ee9-1163-483e-bf1e-3fc4fa29e469,Gig Worker,51058.93,0.3145,25,,,0.9849,0.71,3.35,0.8553,,,,,False,,36,3,0
bb7c9dd2-aa42-48bf-ab06-d0fd8302b29a,Small Merchant,123443.52,0.3114,25,281387.46,0.8183,0.584,8.77,,,6.21,0.153,,,True,621.0,18,4,0
b9bb5f4d-6e34-43e3-b859-c8a0b4cc21b4,First-time Borrower,68496.12,0.1706,22,,,0.7381,9.36,,,,,,,True,662.0,19,2,0
58e2a641-c040-4d87-960c-99da3e63f95d,Informal/Rural Worker,24193.14,0.379,20,,,,,3.42,0.8315,,,,,False,,29,2,0
8fedfb95-df89-4034-bd85-032dd9ac61c5,Small Merchant,195377.31,0.3573,27,,,0.8873,4.24,2.95,0.8772,7.59,0.0888,,,False,,31,4,0
a9c0d66b-365a-4c34-bcb5-862e7e0bf61f,First-time Borrower,52932.59,0.2385,24,,,0.5347,8.85,,,,,,,False,,21,2,0
fa4c3c75-9f1a-494f-9bba-dc13057a3e7b,Informal/Rural Worker,16079.02,0.5602,13,,,,,,,,,,,False,,15,1,0
3ba61cf7-4989-46fa-a2ea-bb980a90f693,Gig Worker,37748.94,0.2911,21,,,0.6624,4.97,2.71,0.6741,,,19.82,0.0757,False,,22,4,0
76089cfd-2592-4fc1-93fb-7b2c4a819f86,Gig Worker,16556.63,0.6018,22,,,,,0.67,0.5336,,,13.75,-0.1319,False,,15,3,1
e10d6962-23c8-4925-afaf-65ee4a0ac796,First-time Borrower,62771.52,0.2185,15,,,0.6382,12.96,,,4.52,0.196,,,False,,20,3,0
3b9b24b1-8eb2-45ca-98ff-ed118f5ee650,Gig Worker,26704.8,0.3926,23,,,0.6457,12.64,2.45,0.7273,,,16.71,-0.0003,False,,17,4,1
ca6818e2-0aaf-4834-a381-5730e81ec29d,Small Merchant,138590.01,0.357,25,322685.13,0.794,0.7362,7.82,2.07,0.6523,6.95,0.1801,,,False,,15,5,0
110b0643-6b34-40d4-9a47-54bb2a38f9c4,First-time Borrower,54138.26,0.2743,21,,,0.6564,8.62,,,5.17,0.1681,,,True,637.0,26,3,1
bfdcefb5-4795-4f26-a7bb-1ca95b86ef2b,First-time Borrower,67858.62,0.1735,25,,,0.7176,10.04,2.22,0.7102,,,,,True,683.0,22,3,0
b04b6201-94d8-47f9-a776-d73f321472b2,Small Merchant,165072.73,0.3086,24,287134.17,0.8456,0.7403,11.25,,,4.83,0.1729,,,False,,18,4,0
a81b4b58-19a4-42b3-ad47-7c66b51aac70,Informal/Rural Worker,30822.01,0.3691,19,,,0.8382,2.47,3.25,0.7718,,,,,False,,23,3,0
e664ed12-64f3-4476-8f94-e5ace8e4b4b6,Informal/Rural Worker,13313.34,0.4248,13,,,0.5577,13.59,1.52,0.6247,,,,,False,,13,3,1
72f228e4-c2f4-4f96-ad27-5bfd98aa9aa0,Small Merchant,75565.11,0.4492,22,179310.8,0.6393,,,,,4.21,0.1709,14.68,-0.06,False,,12,4,0
747148cc-ec00-4426-a495-dd332b317a96,Small Merchant,127133.93,0.3611,25,267201.19,0.7996,0.7127,9.11,2.73,0.7457,,,,,False,,18,4,0
14a0e382-7521-407e-989e-6deacf58017a,Gig Worker,43722.38,0.2311,27,,,,,2.94,0.9653,8.25,0.0935,23.73,0.2323,False,,27,4,0
fa6c0c11-d2bb-4786-87cc-733a7fd4be08,First-time Borrower,34213.87,0.3715,15,,,0.4722,15.87,1.3,0.3702,,,,,True,528.0,7,3,1
e7afc543-4b0a-4900-b325-0d9c2a78f476,Gig Worker,39042.85,0.3419,20,,,,,2.32,0.7082,,,23.28,0.0804,False,,26,3,1
ccce96f3-e34f-4810-b502-8b7bedd342ea,Informal/Rural Worker,17078.64,0.5622,16,,,0.6555,4.11,2.27,0.5666,,,,,False,,15,3,0
0f955b90-2f97-415c-b6fd-cda30daa8645,Informal/Rural Worker,16867.53,0.4822,14,,,0.6484,10.92,2.02,0.7112,,,,,False,,22,3,0
411afed9-a178-47aa-bbf5-4c490f4d6c13,Gig Worker,27370.88,0.5322,21,,,,,2.39,0.5786,,,16.45,-0.0194,False,,17,3,0
38da51a0-a77e-46e5-ad79-e0ec233c02aa,Gig Worker,39043.69,0.4069,22,,,,,2.86,0.7209,,,21.73,0.1613,False,,25,3,1
9efd5df0-c8ab-4dd0-8de0-f4610e60c2d8,Small Merchant,113360.28,0.3496,24,198022.03,0.736,0.5444,11.78,,,4.46,0.2321,,,False,,14,4,0
058c9e1c-8f55-43e3-8fed-a4ec9ca84a90,Gig Worker,28463.32,0.3174,23,,,0.6393,10.49,2.1,0.6733,,,17.6,-0.0175,False,,20,4,0
5d64c4eb-3f91-4922-87fb-e418198ace57,Informal/Rural Worker,13377.99,0.4871,12,,,0.6094,12.53,1.99,0.5376,,,,,False,,13,3,0
79ebd214-2f6c-483d-b339-652f99bde974,First-time Borrower,53856.54,0.2934,20,,,0.6985,12.04,,,,,,,False,,23,2,1
f0e397a5-7ca8-4233-be96-784d9484dabc,Gig Worker,36961.97,0.4333,19,,,,,2.14,0.7547,,,15.67,0.0781,False,,19,3,0
63b57d3d-ea0d-4555-8791-b4cc34923c65,Gig Worker,25700.4,0.4778,19,,,,,1.71,0.4926,,,10.15,-0.0299,False,,11,3,0
2d6a6f3e-8898-4dcd-9ae7-ddf50515f2e6,First-time Borrower,48937.3,0.2749,14,,,0.524,14.68,1.92,0.5037,3.41,0.1732,,,False,,12,4,1
007c3d70-c8ce-4c05-bc1e-2f6c077104c4,First-time Borrower,37125.45,0.2469,17,,,,,,,,,,,False,,13,1,0
751192f1-5e2a-4011-83d6-c01ef80d9049,First-time Borrower,49907.42,0.2858,17,,,0.7118,10.0,,,5.43,0.1363,,,False,,23,3,0
a0e36c1d-fa46-4d2d-9ea2-fe6e89a19240,Gig Worker,36200.97,0.3679,23,,,,,2.53,0.7741,,,21.73,-0.0007,False,,16,3,0
57034a96-6b70-49f2-aa90-108259a3dd81,Informal/Rural Worker,27464.9,0.4791,19,,,0.8548,3.33,3.13,0.8928,,,,,False,,31,3,0
432a75f4-87be-429b-86eb-3ffe150b90ec,Small Merchant,173361.92,0.2166,26,336361.82,0.8927,0.8659,2.07,,,,,,,False,,24,3,0
7d1b760a-94bd-40f0-adf7-5c2aecdeb944,Informal/Rural Worker,26133.28,0.4214,11,,,0.6022,4.36,1.74,0.6323,,,,,False,,14,3,1
f2acba8d-5104-42c5-bab5-3bf36be3fa75,First-time Borrower,45912.65,0.2134,18,,,0.516,15.0,,,,,,,False,,11,2,0
e110a847-3bd9-4262-ba8a-f85d61dffe4a,Gig Worker,46353.29,0.3357,24,,,,,2.37,0.7357,,,23.04,0.1259,False,,23,3,1
ccbd263b-9be2-49b5-8b2d-a9f7a7fe9c98,Informal/Rural Worker,23888.71,0.4458,13,,,0.7988,7.27,,,,,,,True,717.0,26,2,0
df256327-0336-45ab-9339-8790ef00a466,First-time Borrower,64048.45,0.2012,18,,,0.8309,3.45,3.09,0.8093,7.09,0.1359,,,True,704.0,20,4,0
8451e005-e053-42c6-8039-079adbcd113c,First-time Borrower,73977.67,0.1572,25,,,0.9241,2.46,,,,,,,False,,27,2,0
d0c97764-0c39-4f87-bd79-ce907f961ca8,Small Merchant,113240.0,0.3846,19,191595.26,0.7389,0.6606,11.17,,,4.54,0.1904,19.5,0.051,False,,22,5,0
64828b14-bf4d-4088-b25a-501770aa382a,First-time Borrower,53050.97,0.2359,19,,,0.6898,12.77,,,,,,,True,550.0,16,2,0
c4309d17-ed16-4b9e-b7b4-ced5ce2da4f7,Small Merchant,178501.74,0.2857,28,388566.23,0.8474,0.8473,3.86,,,,,,,False,,23,3,0
29aa63b9-0f34-46c8-ba25-dd202d628b01,Gig Worker,27515.97,0.5227,20,,,,,1.83,0.5997,,,15.33,0.0162,False,,11,3,1
5e6ae850-a206-425c-9c07-ba6f01bb3eaa,Informal/Rural Worker,17586.87,0.5073,13,,,0.7342,7.49,2.53,0.7309,,,,,False,,21,3,0
dc2f4019-d8bb-4f1a-8586-08d7e05f3d94,Informal/Rural Worker,30220.37,0.3664,19,,,0.8517,2.95,3.2,0.8284,,,,,False,,27,3,0
4265e95c-2be0-4fd5-9e46-a5ab8b0376d6,Gig Worker,32561.12,0.3629,22,,,,,1.93,0.6874,,,20.29,0.0981,True,636.0,18,3,0
768358a4-2841-4b81-95a6-0fead2a890fd,Informal/Rural Worker,21505.15,0.3964,14,,,0.7369,8.64,3.08,0.6991,,,,,False,,24,3,0
7c73efbd-1c93-4ca1-865d-d008ae26a4de,Gig Worker,28952.74,0.3939,25,,,0.7113,9.13,1.85,0.7727,,,21.02,-0.0185,True,629.0,21,4,0
b5a0b227-0163-4908-8bc2-e3712d35c213,Small Merchant,113655.51,0.3395,23,302679.58,0.656,0.6705,8.08,,,6.09,0.1503,,,False,,18,4,0
7c26d017-a46c-4d76-b0f9-4e6413cea720,Small Merchant,153898.32,0.2632,23,295184.08,0.6685,0.7926,8.66,,,5.88,0.1684,,,False,,19,4,0
6ef137fa-6aa0-4034-888e-993451a58ece,Informal/Rural Worker,15758.11,0.4194,14,,,0.5076,15.78,1.38,0.5519,,,,,False,,16,3,0
983969b4-b43a-4d5b-a45b-8b421402cee9,Small Merchant,127251.14,0.2772,26,284265.01,0.7994,0.6939,9.68,,,6.02,0.1169,,,True,575.0,25,4,0
a7d1be08-c7d1-48a3-8542-311947cbf900,Informal/Rural Worker,26058.71,0.3862,12,,,0.674,10.85,2.32,0.6097,,,,,False,,27,3,0
5ddb981a-d79a-448f-9e30-8c4c1329f1b0,Informal/Rural Worker,15872.54,0.648,12,,,0.5771,15.13,1.8,0.5725,,,,,False,,13,3,0
4fa2e6f5-f0fe-440a-9aa1-e39e313019e9,Gig Worker,55703.68,0.425,25,,,0.8992,5.19,2.86,0.9098,,,21.65,0.0887,False,,27,4,0
7db87c1f-1e78-476b-a94f-fc11ba12941b,Small Merchant,204676.18,0.1453,29,383633.57,0.9078,0.8771,0.19,,,7.55,0.0421,24.85,0.2045,False,,36,5,0
23b184f8-c688-4e40-af5f-de2b44301ae5,First-time Borrower,46431.39,0.1718,21,,,0.6866,9.32,,,5.51,0.1827,,,True,635.0,19,3,1
8cc83c45-b5e7-4c47-90b2-78d77d781ec2,Small Merchant,166507.56,0.2451,28,351927.51,0.8281,0.9121,2.17,,,8.55,0.096,,,False,,26,4,0
188a0d8e-9a12-4bd9-a140-073aaf9bfacb,Small Merchant,94162.09,0.4046,21,156204.87,0.5583,0.6004,14.1,,,3.39,0.2038,,,True,483.0,10,4,1
32e819aa-af3d-4e92-9484-1c5f8fd7c11e,Small Merchant,161255.17,0.2863,29,359675.16,0.9027,0.9176,3.22,,,7.7,0.0817,,,True,703.0,26,4,0
78c3e194-d776-4fcd-9520-c618b5281429,Gig Worker,36598.98,0.4791,23,,,,,2.89,0.7722,7.9,0.1323,19.72,0.1179,False,,22,4,1
05c354e1-b38a-48dd-be23-71980b045675,First-time Borrower,61854.53,0.1989,21,,,0.7693,2.92,,,7.42,0.1061,,,True,679.0,27,3,0
ad191c01-3a19-4ae9-b7a0-1f8fdf227414,Small Merchant,72651.07,0.4035,21,190336.92,0.639,0.6172,10.2,,,5.32,0.2041,,,False,,17,4,1
69c5b05c-7e29-4cd5-8c73-d0e7d9f307a3,Small Merchant,103134.43,0.3325,22,164416.99,0.6951,0.662,9.67,2.12,0.6257,3.52,0.1508,,,True,547.0,25,5,0
92ff7723-14d6-4d29-9d44-6e55e66736c3,First-time Borrower,36609.2,0.2314,12,,,0.4862,12.65,,,4.24,0.1836,,,True,554.0,13,3,0
b90bb9c3-3090-4cbf-aae8-a83926b8ea4f,Informal/Rural Worker,19352.95,0.5481,12,,,0.4282,10.22,1.51,0.5586,,,,,False,,10,3,0
d5ea2a50-f520-40ba-9f1a-70c5260b9d07,Gig Worker,29576.54,0.432,21,,,,,1.75,0.6075,,,16.38,-0.0293,False,,10,3,0
75565bb6-b175-4a63-8e27-145c44f51482,First-time Borrower,65008.34,0.2348,21,,,0.6358,7.28,2.67,0.5609,,,,,True,617.0,22,3,0
6577a877-a275-43fa-a2e6-668df4764dd3,Informal/Rural Worker,23020.63,0.4854,17,,,0.6628,5.64,2.9,0.6676,,,,,False,,23,3,0
db3751e3-f3cb-47fb-a675-58a9bbb37bf2,Gig Worker,27848.92,0.4358,21,,,,,3.03,0.6753,,,20.97,0.0713,False,,21,3,0
0901ae97-dd7b-4a5e-a2a3-99cf2732cbe1,Informal/Rural Worker,17319.28,0.3055,15,,,0.7293,7.05,2.31,0.6284,,,,,False,,20,3,0
2864e84d-55c6-42f6-ae4c-a871375df03a,Informal/Rural Worker,15663.41,0.4827,8,,,0.5378,14.11,1.78,0.5728,,,,,False,,13,3,0
338fc8af-9c15-453e-867b-646718149788,First-time Borrower,26077.72,0.275,13,,,0.4518,19.22,,,1.82,0.1995,,,True,470.0,16,3,1
13f8a47a-0dd8-4a1d-9ae9-0e2964667a14,First-time Borrower,60982.8,0.2172,18,,,,,2.46,0.7298,,,,,True,622.0,17,2,1
136c2a9c-5c37-49fd-b06c-e6a33167038f,Informal/Rural Worker,11942.99,0.5869,9,,,0.4802,12.8,1.13,0.3271,,,,,False,,10,3,1
d0fb2edb-8864-4b06-b87a-dd15871183fd,First-time Borrower,57445.02,0.2233,19,,,0.6121,8.91,,,,,,,True,605.0,16,2,1
80d74ae6-476b-478e-ac71-ff152b949830,First-time Borrower,70823.31,0.1339,23,,,0.8528,0.0,3.17,0.9156,,,,,True,773.0,24,3,0
d3dccbbe-c146-4d3b-a5c7-c996184cecc1,Informal/Rural Worker,17540.11,0.4475,13,,,0.7264,4.62,2.55,0.7051,,,,,False,,30,3,0
38c5f367-ebff-4d78-a401-69ecdd4efbfa,First-time Borrower,50057.07,0.2299,22,,,,,2.33,0.5947,,,,,False,,18,2,1
0db6e174-b250-4d34-aed7-550662da282e,Gig Worker,37859.36,0.4467,23,,,,,2.77,0.6685,,,21.66,0.0713,False,,20,3,0
834a4585-8345-40fa-a730-4f884c2ab0fb,Gig Worker,20625.81,0.4171,22,,,,,2.45,0.4874,4.79,0.2104,17.36,-0.0246,False,,11,4,0
70548fbe-5a03-4014-b730-b65bc15be294,Informal/Rural Worker,25991.07,0.3858,17,,,0.8595,4.67,3.18,0.8836,,,,,False,,22,3,0
a477ed12-dff8-4a04-94ac-76593a83d1e4,Small Merchant,178591.04,0.2206,29,389657.87,0.8936,0.821,2.6,,,8.38,0.1048,,,False,,27,4,0
5cbb449a-ef28-4f85-bbea-748ba2cc948b,First-time Borrower,39479.26,0.2679,15,,,,,,,,,,,True,597.0,15,1,0
ba87d4d8-5de6-4a51-94fc-2b4588878848,Informal/Rural Worker,24742.8,0.4523,16,,,,,2.13,0.6997,,,,,False,,19,2,0
133dbb91-1c0a-4744-952e-c0f9f1a091b0,Small Merchant,84765.18,0.3074,23,261391.6,0.6471,0.701,12.09,,,,,21.11,0.0228,False,,25,4,0
793d4c50-1548-4e42-b241-a46f1cf126dc,First-time Borrower,64549.27,0.1243,17,,,0.6571,6.85,2.29,0.7539,,,,,True,624.0,22,3,1
6b7b85fe-ba94-4388-9de9-f724dd8bf30a,First-time Borrower,35531.11,0.3099,15,,,0.5534,11.04,,,,,,,True,528.0,14,2,0
b2b5d692-356d-499f-a132-cf5e1547aae3,Small Merchant,60482.42,0.4543,19,119623.53,0.5655,0.5563,18.22,,,4.26,0.2189,,,False,,11,4,0
d1fccf0b-1688-4a4e-aea9-c2c2c1215b3e,Informal/Rural Worker,26639.09,0.5118,19,,,0.7918,7.21,3.0,0.7198,,,,,True,648.0,25,3,0
e4a3e632-a93a-44ba-bec4-5de47ea83b2f,Small Merchant,124202.94,0.3367,20,212843.53,0.6512,0.6852,12.05,,,3.79,0.2046,,,False,,14,4,0
0c22f86a-6761-42f9-a72a-0625052a7523,First-time Borrower,43263.75,0.2285,18,,,0.6684,4.78,,,,,,,True,594.0,13,2,0
8bd1fa3e-aef6-497a-851b-37d5cf85606f,Small Merchant,57185.06,0.4775,20,152439.68,0.64,0.4877,16.35,1.71,0.5067,1.95,0.2229,,,False,,3,5,0
8090b65f-c664-44d9-abb8-9a41a92cba5d,Gig Worker,50486.83,0.362,27,,,,,3.13,0.745,9.9,0.0997,21.37,0.189,True,831.0,29,4,0
7af0ba3f-1402-461c-bcf0-4b9502a2fef7,Informal/Rural Worker,24985.21,0.3238,14,,,0.7812,8.74,2.23,0.7415,,,,,False,,20,3,0
d93dbf41-1b2d-4112-82fb-71ef75e4331b,Gig Worker,39587.2,0.3934,26,,,,,2.83,0.8218,,,25.18,0.0904,False,,29,3,0
0c5aa30c-2296-4abc-961b-e6278f8af9fe,Gig Worker,35482.87,0.4051,20,,,,,2.1,0.682,5.67,0.1557,18.28,-0.079,False,,18,4,0
651dd06d-90b1-48ab-bd97-51350a5c3636,Informal/Rural Worker,13575.89,0.4733,13,,,,,2.23,0.5378,,,,,False,,19,2,1
3dc253c7-6a09-4b82-8e86-a2ea07c6ddeb,Small Merchant,78604.31,0.2797,23,140175.22,0.525,0.5594,14.12,,,2.11,0.2102,,,False,,16,4,0
5cbea599-dc71-47c7-9102-a1da3009fd94,First-time Borrower,73274.62,0.1064,23,,,0.9252,4.39,,,,,,,True,727.0,27,2,0
013af3cc-bf76-4b06-b7c5-9b28447c7479,First-time Borrower,32737.94,0.2342,16,,,0.484,13.58,,,,,,,True,539.0,14,2,0
2a8b0114-2d9d-4476-824a-08a1e7e12d5e,First-time Borrower,51728.2,0.2028,19,,,,,1.66,0.7326,,,20.92,0.1541,True,634.0,22,3,0
27af86fb-310c-4fdf-94e6-f7d498c057b6,Gig Worker,28902.21,0.5013,22,,,,,1.92,0.7229,,,19.98,0.048,False,,13,3,0
1bd4c59d-2d49-4da9-9ac8-661ca41d0cf0,Gig Worker,28142.95,0.4582,23,,,,,2.58,0.6151,5.96,0.1475,20.64,0.0064,False,,14,4,0
6b3d9bc7-9de8-434a-9313-d7aea1f2d369,Informal/Rural Worker,12098.33,0.3769,13,,,0.6881,15.71,1.59,0.4677,,,,,False,,14,3,0
d0cd12ef-8ddc-4889-aab2-9bb552f46030,Small Merchant,127539.34,0.3643,22,262123.86,0.8661,0.7037,6.82,,,4.32,0.1079,,,False,,23,4,0
a5d9801a-9f7f-42e6-a33e-f49bc6f10caa,Informal/Rural Worker,22518.59,0.3391,13,,,0.8074,2.37,2.06,0.7588,,,,,False,,28,3,0
a4f25c67-96d2-44a1-85b7-df6b65ffeea2,First-time Borrower,63293.19,0.0928,20,,,0.6738,7.54,2.93,0.8623,8.4,0.1323,,,True,704.0,17,4,0
3f3c09a2-ac44-4338-b4b3-50e693aff8f1,Gig Worker,37362.4,0.3657,25,,,,,2.5,0.7356,,,21.44,0.1778,False,,25,3,0
0afe80c2-e35f-4105-9daa-b5056815e0cd,Informal/Rural Worker,7159.34,0.7145,7,,,0.3224,18.14,1.05,0.384,,,,,False,,7,3,1
23b9a125-5407-40fa-84e2-f95c7d4f162d,First-time Borrower,51364.71,0.1736,20,,,0.8686,3.73,,,,,,,True,721.0,22,2,0
08d347af-29eb-4baf-b595-5aa291c1aec4,Gig Worker,22268.26,0.4049,16,,,0.4822,17.26,1.72,0.4479,,,14.37,-0.2142,False,,7,4,1
c8a4f180-5b28-4050-9b32-1d6e289746a1,Gig Worker,25449.98,0.4044,19,,,,,1.52,0.5346,,,15.64,0.0716,False,,13,3,1
2edc20ca-d06e-456e-b898-7f188c2cd166,First-time Borrower,62775.26,0.2727,16,,,,,,,5.7,0.1521,,,False,,24,2,0
607b5498-3df7-44c6-8666-f9ce419c2aca,Gig Worker,33495.38,0.3834,22,,,0.6141,9.41,2.71,0.7264,,,18.63,0.0947,False,,26,4,0
d46dbc45-b9f2-4e05-9dbe-c6339193ac1e,First-time Borrower,57561.62,0.1627,21,,,0.845,3.24,2.53,0.8122,5.62,0.1402,,,True,718.0,24,4,0
bada67ac-ab7d-4345-b723-f62c7198058a,Small Merchant,129825.04,0.3885,26,266677.87,0.7824,0.7506,8.63,,,5.96,0.1853,,,False,,14,4,1
8422fc7c-a604-4eb4-b065-3eecd2447c15,Informal/Rural Worker,21591.62,0.5584,18,,,0.6806,8.61,1.99,0.634,,,,,False,,10,3,0
6034890f-489e-41d1-810d-bee8084ddd55,Small Merchant,164091.41,0.2685,26,364313.79,0.8,0.811,4.74,,,8.8,0.1138,,,False,,27,4,0
c5aebb30-84f7-484c-a31a-7b7bde2e1103,Informal/Rural Worker,22535.53,0.417,17,,,0.7523,4.48,2.63,0.8215,,,,,False,,19,3,0
35cbd921-a7bc-4d08-b8f5-b9b55828e171,Informal/Rural Worker,22622.85,0.475,16,,,0.662,8.15,2.1,0.7091,,,,,False,,17,3,0
0f186eff-ea66-4971-8c5e-564dbb34754e,Small Merchant,81745.91,0.3772,25,163651.05,0.548,0.5421,15.24,1.61,0.5999,2.75,0.2543,,,False,,14,5,0
f5c5b8ec-ed6a-4d30-aff3-debacc592ae1,Informal/Rural Worker,23980.26,0.3223,18,,,,,3.3,0.9201,,,,,True,775.0,33,2,0
5df925f7-0fac-4715-a0c7-faabc38f93cf,Informal/Rural Worker,10448.86,0.4795,7,,,0.4895,13.52,1.86,0.4735,,,,,False,,14,3,1
76ec97ae-f4a2-4fd7-892f-99f1139f73e1,Informal/Rural Worker,34333.21,0.4072,18,,,0.7257,0.92,3.89,0.8185,,,,,False,,28,3,0
06d737ba-5c34-4131-af9f-f2d88d5147af,Informal/Rural Worker,22396.63,0.4513,12,,,0.6475,11.19,2.23,0.648,,,,,False,,12,3,1
76bfd948-4e70-44a5-afd2-3b2b28c76bd5,Gig Worker,28104.12,0.3575,24,,,,,2.51,0.5705,5.08,0.1085,17.88,0.0575,False,,18,4,0
11addaa3-129d-4da4-bbe2-aa401ac4c926,First-time Borrower,47919.38,0.2735,16,,,0.7835,11.96,,,,,,,True,583.0,10,2,0
11f4096e-3f00-4759-b956-07dbd5dd04fc,Small Merchant,115458.38,0.3763,24,265702.86,0.7626,0.6036,10.53,,,4.81,0.177,,,False,,15,4,0
53788ea1-8c28-4fcc-88f5-a1f1547816bc,Gig Worker,33541.48,0.4718,19,,,,,1.49,0.5982,,,15.36,-0.1225,False,,16,3,1
867fce5a-98e3-443b-a8d7-d647ee707750,Informal/Rural Worker,18536.96,0.4734,14,,,0.7011,10.08,2.0,0.6585,,,,,False,,16,3,0
1af3b536-2ae8-4bac-a24d-f3f932932342,Gig Worker,33840.75,0.398,23,,,,,2.38,0.7234,,,20.62,0.1018,False,,18,3,0
45bffc6d-98f4-45f1-9f45-8aeb67c09d06,Small Merchant,153806.55,0.3715,23,257365.21,0.7892,0.6727,4.74,,,9.58,0.1929,,,False,,21,4,0
99014c58-b8a0-4e59-b27a-a84950541cf1,First-time Borrower,31044.31,0.2691,17,,,0.5286,13.22,1.82,0.6252,5.07,0.2159,,,False,,13,4,1
3c6d55c5-ffab-4310-8565-399e16caa593,First-time Borrower,62405.57,0.1571,23,,,0.838,5.13,2.78,0.7947,,,,,True,692.0,26,3,0
754f5086-acd7-43b8-a047-b2702bfe37b6,First-time Borrower,63570.04,0.145,22,,,0.8454,10.09,,,8.57,0.1213,,,False,,27,3,0
a13b6877-7547-45f1-9074-9ed5d864a20d,Informal/Rural Worker,21827.42,0.4891,16,,,0.6709,8.93,1.96,0.5656,,,,,False,,13,3,0
a46c3227-cef4-4f66-8112-110dde51b711,First-time Borrower,54141.56,0.2593,18,,,0.6845,12.26,2.12,0.6049,4.24,0.1885,,,True,569.0,17,4,0
9bdf8501-aaeb-4ae6-8181-b87e654d02c8,Small Merchant,135689.68,0.2323,24,313969.35,0.7425,,,2.31,0.7506,8.0,0.1501,,,False,,24,4,0
8bb468d1-adc2-4c2a-adb1-c4ab6654669e,Small Merchant,129788.77,0.3403,23,241325.27,0.8097,0.612,6.88,2.62,0.7159,6.33,0.1606,,,False,,18,5,0
5d108efd-de27-41df-89b1-269c421835ad,Informal/Rural Worker,15337.78,0.4552,13,,,0.5106,12.48,1.73,0.5324,,,,,False,,25,3,0
2ae55382-d5f7-4295-aa3f-e594869a6ae2,First-time Borrower,25978.61,0.2996,11,,,0.5261,16.62,,,0.5,0.2553,12.64,-0.1984,True,463.0,9,4,0
d615d6e1-638f-4738-975c-bf03fc2eb442,First-time Borrower,57229.48,0.1794,15,,,0.7052,7.1,,,6.53,0.226,,,False,,23,3,0
528c6c77-adbf-4238-ac70-426994fa166f,Gig Worker,27406.42,0.551,23,,,,,1.45,0.5572,,,17.7,0.0537,False,,16,3,0
26a00cf4-c0da-4d70-863a-f02f2ecdb068,Small Merchant,130443.3,0.323,25,299757.22,0.7221,0.7046,6.38,2.82,0.7219,7.28,0.1652,,,False,,20,5,0
bf368a06-d316-4f07-ade2-b5a1fb847340,Gig Worker,43676.84,0.4042,26,,,,,2.46,0.7912,,,23.58,0.1446,False,,23,3,0
b93d01a0-6383-4c09-ae27-c051ec5fd592,Gig Worker,51050.81,0.2518,25,,,,,3.43,1.0,8.53,0.1552,24.69,0.182,False,,25,4,0
b3112d8a-0ae7-4b97-98b4-bf9869854d52,Gig Worker,16858.85,0.4578,22,,,,,1.7,0.4258,,,,,False,,7,2,0
38c8605a-681b-4368-81a8-a66b741d54c9,Gig Worker,30586.13,0.3922,22,,,,,2.44,0.5629,,,19.02,0.1051,False,,17,3,0
dfd64c24-2fee-458f-b6e4-61c500085a57,Small Merchant,80126.11,0.3829,23,188356.5,0.5592,0.5192,16.65,,,3.38,0.2491,,,False,,14,4,1
6466a163-4e21-41ad-8183-3fa5ad8dcd8d,Gig Worker,26883.73,0.3852,22,,,0.5965,12.57,2.2,0.5903,,,20.94,-0.0027,False,,17,4,1
ba9c376d-70fe-400b-a896-89295e32be7c,Small Merchant,169501.77,0.2927,29,362045.45,0.8154,0.9157,3.83,,,8.29,0.1277,,,False,,26,4,0
ca1f5db3-7125-4f33-b192-d66ac1673b3f,Gig Worker,36078.55,0.3665,25,,,,,2.98,0.8312,,,25.28,0.2098,False,,31,3,0
2a6d732f-2ec1-4ee6-acac-f9ee548b16fc,Small Merchant,36358.99,0.4941,20,98576.64,0.5706,0.5628,17.7,,,2.93,0.2064,16.24,-0.0375,False,,10,5,1
0396b0e4-6cac-4867-b70a-27ba46c89f48,Small Merchant,151023.88,0.1858,25,402851.06,0.8072,0.7836,1.27,,,7.53,0.1739,24.55,0.0571,False,,25,5,0
34c67893-ce05-4340-b666-0ca0cdd20e6c,Small Merchant,117671.56,0.3759,24,223387.91,0.7517,0.7112,12.43,,,2.97,0.1332,,,False,,16,4,0
cf87365c-03ef-4716-9fb1-5043b468bd70,First-time Borrower,70021.21,0.1628,19,,,0.6704,4.6,,,,,,,False,,25,2,1
db819197-61c0-42d5-8028-71bd4ecca28b,Gig Worker,41158.47,0.3445,26,,,,,2.46,0.6966,,,22.54,-0.0202,False,,27,3,0
a5b2c17e-b87e-4d77-859a-42e53fde66d6,Informal/Rural Worker,13377.02,0.5858,12,,,0.5368,14.3,1.16,0.4779,,,,,False,,14,3,1
48996e63-0634-4e90-907a-6060c8900d91,Informal/Rural Worker,27332.15,0.4204,17,,,0.8201,3.51,3.1,0.8004,,,,,False,,21,3,0
ccf1ee6c-5541-4cd9-805c-46b44e07ae2c,Small Merchant,161395.3,0.3032,23,255182.04,0.6809,0.7146,4.56,,,6.71,0.1662,,,False,,22,4,0
755e0707-be1a-4cf5-8b42-935a12d2b426,Small Merchant,75301.7,0.4371,24,272903.02,0.772,0.7477,11.04,,,4.64,0.1244,,,False,,15,4,0
6fef2fbe-cfa4-4779-8d1c-058ee953ffa2,Informal/Rural Worker,20436.25,0.4614,13,,,0.7185,10.53,2.09,0.5938,,,,,False,,15,3,1
8736544f-9887-4a91-80b8-1ea8898c299d,Informal/Rural Worker,17347.46,0.4957,10,,,0.7164,9.79,1.92,0.6118,,,,,False,,15,3,0
8191b0e6-3549-4464-bff7-4f81631720c0,Informal/Rural Worker,22343.19,0.4835,12,,,,,2.68,0.6952,,,,,False,,23,2,0
96853ebd-5c06-40ff-815d-cb326888a2eb,Gig Worker,17485.53,0.5335,18,,,,,1.5,0.5897,,,15.71,-0.0101,False,,7,3,0
39301679-2413-4237-932f-924a225a195a,Small Merchant,103108.22,0.4552,22,234201.74,0.7154,0.5817,11.47,,,4.27,0.1834,,,False,,14,4,0
ed6d27fe-f056-4d1c-96ea-fe37edd6ffb6,Small Merchant,126609.08,0.2839,22,253350.75,0.6234,0.5454,5.86,,,5.76,0.1651,,,False,,17,4,0
198289f2-279f-4614-86ed-a1684315b468,First-time Borrower,39174.92,0.2903,16,,,0.6845,9.76,,,,,,,True,568.0,21,2,0
06c7937f-4fc8-46c3-8fc6-1d86e7fa7a23,Gig Worker,40212.49,0.27,22,,,,,2.17,0.7707,,,21.74,0.1886,False,,17,3,0
6235e73d-768c-43bd-a7f4-2a3d182d337f,First-time Borrower,58377.93,0.276,17,,,0.6455,11.21,,,,,,,False,,15,2,0
19c04360-8dd2-4f70-ad7b-c5beb5c2463e,Gig Worker,45227.61,0.4176,26,,,0.6803,6.41,,,,,17.25,-0.0041,False,,17,3,0
ffc565b3-b67d-43c3-bf12-63ff7b94a873,First-time Borrower,60257.82,0.2371,19,,,0.6374,6.39,,,6.88,0.1948,,,True,677.0,15,3,0
cbe59f16-89b4-48aa-953f-61c282330708,Gig Worker,38114.6,0.5001,22,,,0.5369,12.79,,,,,18.52,-0.0011,False,,20,3,0
b134e731-38d4-4457-b53a-d2821782c683,Small Merchant,159445.18,0.3016,24,,,0.7837,7.21,,,,,21.55,0.1548,True,712.0,20,3,0
7d144632-8d71-4b33-ae43-a4efc64101b8,Small Merchant,143885.37,0.2418,23,260510.98,0.6939,0.6237,8.78,,,,,,,False,,19,3,0
b770d781-06bd-4c54-90b2-31789c5037f7,Small Merchant,141128.34,0.3162,25,280072.89,0.7939,0.7729,6.95,2.65,0.8446,6.88,0.1223,,,False,,27,5,0
c4d8b14e-0993-4554-839e-ee72b4a93430,Gig Worker,49592.61,0.2965,22,,,,,2.4,0.7837,,,20.15,0.1458,False,,19,3,0
c8b0561c-2d0b-4ee4-b809-27af94651c56,Small Merchant,129226.36,0.3235,24,299414.17,0.8201,0.7444,6.8,,,7.16,0.0915,,,False,,18,4,0
ea411792-8d49-4f7e-bcfc-7c1972be31c1,Gig Worker,23253.06,0.4045,20,,,0.605,10.65,2.06,0.7118,,,17.21,-0.1124,False,,16,4,1
bd60351a-dc66-4691-8992-ff4a5391c46f,Informal/Rural Worker,23645.89,0.4825,12,,,0.7352,14.9,1.98,0.5806,,,,,False,,18,3,0
0b8f1d79-8df5-466f-95bb-0039c04f5315,Informal/Rural Worker,11682.68,0.6358,12,,,0.5115,11.54,1.43,0.4546,,,,,False,,13,3,0
ad1a9f21-9a65-4aba-abd7-a9180b8f8f81,First-time Borrower,31076.31,0.2768,13,,,0.6212,12.98,1.44,0.6887,,,16.37,-0.0719,True,552.0,17,4,1
60841b4e-b388-4db2-ab40-2ea1164a122f,Gig Worker,26133.37,0.4219,25,,,,,2.54,0.5945,,,19.9,-0.0503,False,,18,3,0
4c59a9ad-5c80-4aa8-9c01-6a4879d376d7,Informal/Rural Worker,19809.14,0.4808,16,,,0.6847,5.64,2.1,0.799,,,,,False,,21,3,0
10eec970-e918-4108-a4bf-e2a0744e4f73,First-time Borrower,78189.96,0.1944,24,,,0.8834,5.82,,,8.48,0.1193,,,True,752.0,27,3,0
cadf2b5c-e88f-4973-981b-86fa0ece5c63,Gig Worker,12215.4,0.4807,20,,,,,1.14,0.4053,3.64,0.223,13.08,-0.1059,False,,14,4,1
24ab56b1-af93-4ad9-b06f-13947008e3e3,Gig Worker,22191.82,0.6035,19,,,,,,,,,15.03,-0.0885,False,,10,2,0
c4ad767f-2526-4c39-ad37-f07ddd448d1f,Small Merchant,94131.98,0.4982,20,85533.23,0.5657,0.5299,15.6,1.68,0.5494,2.92,0.2296,,,False,,5,5,1
55b3ae4a-697f-4e34-bf13-c613040c5127,Informal/Rural Worker,26216.96,0.2913,17,,,0.7764,0.94,3.08,0.8743,,,,,False,,20,3,0
2c8781d6-81d4-4bdb-b601-c9e7f87f5f06,Gig Worker,37673.11,0.4418,24,,,,,2.08,0.7373,,,21.34,0.2238,False,,22,3,0
737579f9-103e-4757-97d8-6a673dce2d2e,Informal/Rural Worker,22609.19,0.5306,15,,,0.6438,11.57,1.86,0.7116,,,,,False,,19,3,0
95b047f2-d8b5-44ff-bdfe-cdb3894c4113,Small Merchant,129686.26,0.3655,20,190865.34,0.6645,0.5845,11.17,,,4.46,0.1574,,,True,601.0,16,4,0
a630106c-0250-4247-ac98-24ebaba0c3a6,Gig Worker,40913.56,0.3697,22,,,,,2.72,0.7375,,,,,False,,26,2,0
6877f1f7-7e29-46d5-afc1-af8819ba5d48,Gig Worker,30190.63,0.4274,23,,,,,1.65,0.7495,,,18.57,0.0611,False,,15,3,0
5dd496c7-8a7c-47b2-9d2c-cfc6fc1dadee,Small Merchant,64370.49,0.3597,20,123775.47,0.6847,0.5315,15.04,1.37,0.3995,3.18,0.267,,,False,,12,5,0
778ddc9b-2b13-40aa-ae07-3b6c4856f37d,Informal/Rural Worker,32027.34,0.2853,16,,,0.7548,4.1,3.25,0.9436,,,,,False,,30,3,0
374c6422-e03d-4531-86d1-79ff4b32b62d,Small Merchant,134287.49,0.2731,22,221433.53,0.7786,0.7116,9.12,,,6.12,0.1509,,,False,,20,4,0
d29f5812-3fc2-43cc-a52b-8622ea342a76,Informal/Rural Worker,17569.53,0.6311,12,,,0.5921,12.9,1.65,0.5953,,,,,False,,14,3,0
ab15f25f-870f-406a-a65b-07660dda4009,Informal/Rural Worker,17419.04,0.54,11,,,,,1.9,0.5806,,,,,False,,11,2,0
71316444-4876-4ea4-bafe-fc13c8a3fe43,First-time Borrower,65328.48,0.1834,20,,,0.7942,6.27,,,,,23.63,0.165,True,695.0,28,3,1
690240e6-05b0-42a7-a4e9-648346c8cd8b,Small Merchant,150082.96,0.332,26,,,0.6933,5.23,,,7.31,0.1661,20.33,0.0938,True,615.0,27,4,1
9f9547f8-dc30-4a0c-b460-c2e0b6655e7a,Informal/Rural Worker,11068.81,0.58,15,,,0.608,11.81,1.74,0.6847,,,,,False,,15,3,0
2aa7777e-0816-423a-a087-6263876ee88a,Small Merchant,90166.23,0.3558,20,159262.3,0.7645,0.6082,15.66,1.39,0.5372,,,,,True,539.0,18,4,0
10d84a41-2e8c-4a59-9d77-38fe058dfed0,Gig Worker,52467.09,0.2029,22,,,,,2.56,0.81,,,26.32,0.2003,False,,29,3,0
ad0ae59a-6471-464a-ad4a-39d74227a7db,Small Merchant,156062.08,0.3084,21,288428.52,0.8082,0.8165,9.62,2.74,0.7874,6.78,0.1358,,,False,,18,5,0
335513fc-a81e-4aab-ac88-543917dc7060,Informal/Rural Worker,23641.74,0.4589,12,,,0.7465,10.43,2.66,0.7777,,,,,True,623.0,22,3,0
fa5fc2ec-0004-401a-9ee5-62cbe1b45680,Gig Worker,20378.57,0.4226,21,,,0.5837,15.15,1.52,0.6411,,,17.38,-0.0223,False,,11,4,0
34c66374-57e7-4429-8911-e4f246038835,Informal/Rural Worker,16414.16,0.6257,13,,,0.5752,13.56,1.53,0.5402,,,,,False,,11,3,1
a3600397-2335-448c-8b93-c864d1804c25,Informal/Rural Worker,15280.28,0.5421,13,,,0.5939,8.87,2.04,0.5205,,,,,False,,11,3,1
5c8eef28-98e9-41a3-9a66-57bade3e0d3e,Gig Worker,30747.45,0.4105,23,,,,,2.35,0.6559,,,16.79,0.0311,False,,19,3,0
6ce026c6-0fce-49af-8327-f83448155562,Informal/Rural Worker,24475.69,0.48,18,,,0.796,5.5,2.33,0.8048,,,,,False,,25,3,0
2102315f-e57d-468d-953b-170e305493f3,Gig Worker,34351.95,0.3068,21,,,,,1.9,0.7939,,,,,True,689.0,18,2,0
cd36a88e-eba4-49af-a2e1-9d99042f6466,First-time Borrower,36431.66,0.2055,14,,,0.4854,17.46,1.29,0.4222,3.18,0.2748,,,False,,9,4,1
c34327d9-867e-4052-9bc4-b10610759a8f,First-time Borrower,62545.5,0.2248,21,,,0.7965,9.28,,,,,,,False,,17,2,0
8e33a11e-2c6e-4cd2-83d4-140844c59435,Small Merchant,101019.51,0.4145,25,275380.02,0.6959,0.6084,9.11,1.45,0.6531,5.25,0.219,,,False,,16,5,1
1362c7f1-e76d-4743-8895-4c83e86cb5df,First-time Borrower,40560.95,0.2472,15,,,0.6654,14.87,1.49,0.563,3.83,0.2145,,,False,,12,4,0
a8d9f93e-1532-484c-a1dd-e304c06d68cd,Gig Worker,38295.49,0.1885,24,,,,,,,7.52,0.1711,23.45,0.0649,True,649.0,23,3,0
7786b518-2292-46fa-bc43-5cb863da4750,Gig Worker,43638.27,0.1442,28,,,0.8927,1.85,2.84,0.7458,,,27.44,0.1436,False,,33,4,0
e3daf37a-1b10-4a84-9a39-03bc742de65e,Gig Worker,44208.16,0.292,25,,,,,2.53,0.9052,,,21.96,0.1524,False,,20,3,0
968fe343-a2d9-4e21-8f51-86702877367b,Small Merchant,173189.65,0.279,26,340281.14,0.8744,0.8444,7.47,,,6.95,0.0824,,,True,667.0,27,4,0
1374b59f-44a3-4bd5-b170-5a3610211239,Informal/Rural Worker,18100.85,0.4708,7,,,0.6583,14.67,1.68,0.5905,,,,,False,,13,3,0
911a9b49-f2c1-4229-b063-40241ed7b0cc,Gig Worker,47883.09,0.4184,23,,,,,2.48,0.627,,,19.29,0.0597,False,,20,3,0
9b3b38b6-abbe-46d4-820c-1195913a21d1,Informal/Rural Worker,6248.71,0.6979,5,,,0.4155,16.91,1.52,0.4056,,,,,False,,8,3,1
530ed671-dd8a-49e1-87fe-3c91d1279608,Small Merchant,96141.94,0.4002,27,210237.88,0.8311,0.645,8.19,1.59,0.6004,8.02,0.1057,,,False,,17,5,0
e546772b-a957-4884-a54d-19d0a190a225,Gig Worker,30958.29,0.4371,24,,,,,2.6,0.6364,,,18.72,0.0871,False,,20,3,0
0a5c66c1-295e-42e3-92c6-972e2138dc8d,Gig Worker,47671.77,0.3292,21,,,,,2.78,0.8729,,,25.12,0.1334,False,,23,3,0
4403bee2-d800-474f-9a97-db64d44c1973,First-time Borrower,57063.81,0.14,20,,,0.7195,6.68,,,7.82,0.1337,,,False,,25,3,0
76ecb076-25e1-4155-95ab-0088dd362445,Gig Worker,39498.92,0.3244,28,,,,,3.02,0.7643,,,22.95,0.0683,False,,22,3,0
594bfbca-9262-43ae-8b86-fc291d32ccd9,Small Merchant,99236.12,0.3664,22,155950.39,0.6261,0.6137,10.41,,,3.6,0.1397,,,False,,13,4,0
f33fd843-8272-4a87-b4fd-b8ef7f098bae,Informal/Rural Worker,10861.06,0.5796,13,,,0.5664,13.07,2.18,0.5181,,,,,False,,13,3,0
27ac13f0-c311-4f9a-84c4-18cf5584ba76,Small Merchant,104246.15,0.3336,25,263510.74,0.6634,0.7262,9.17,,,5.99,0.1491,,,True,629.0,19,4,0
2e731e2b-cdb9-432d-aa6b-50982810d924,Small Merchant,120943.3,0.2047,23,253520.59,0.7637,,,2.19,0.6921,5.7,0.1752,,,False,,24,4,0
71202b72-9ead-4676-af8c-ab14e7ecc8d8,First-time Borrower,91672.7,0.1324,24,,,0.8998,5.59,,,,,,,False,,34,2,0
86165713-07f9-4550-ada7-59dbbe28a009,Gig Worker,46828.14,0.205,25,,,,,2.94,0.8952,,,23.26,0.1066,False,,23,3,0
4df62a17-5307-40d8-83d1-794553ef2de9,First-time Borrower,51977.64,0.2024,16,,,0.6817,13.34,,,2.46,0.2135,,,False,,24,3,0
5fe39526-72b0-4e29-9501-3a93ff2a13f4,Small Merchant,154604.66,0.3062,25,281296.32,0.7596,0.7992,8.69,,,6.33,0.1547,,,False,,26,4,0
acc890c2-0b21-439c-aa04-e3438603b711,Gig Worker,15750.48,0.4311,16,,,,,1.82,0.5229,,,14.63,-0.0932,True,470.0,9,3,1
123334c8-3283-4d1e-9cb4-ca2cf22cdb70,Small Merchant,115848.2,0.2612,26,262125.92,0.7699,0.68,7.81,2.18,0.8084,6.26,0.1079,,,False,,19,5,0
230d535b-a281-4ddd-b977-2d3eb18df0a6,First-time Borrower,48753.81,0.2394,17,,,0.5963,11.11,,,,,,,False,,10,2,0
4eb24f74-6a10-413d-b160-23fb534673cb,Gig Worker,31982.68,0.3543,25,,,,,2.76,0.7519,,,21.69,0.199,False,,20,3,0
2ebe9ebc-7087-4e75-adbd-ac34e0236aa5,Small Merchant,115461.2,0.3315,27,275660.65,0.7114,0.7146,9.4,,,5.97,0.1305,,,True,626.0,19,4,0
a73b68f7-f45c-4e44-a94c-6cae919dc9db,Small Merchant,174507.38,0.2166,24,344930.71,0.87,0.83,3.74,3.43,0.6964,8.59,0.1557,,,False,,26,5,0
90c64474-7939-4914-9c89-8fea2cca461b,First-time Borrower,67438.52,0.2341,20,,,0.7273,9.28,,,,,22.78,0.0643,True,656.0,17,3,0
d6df48c3-5b71-447a-a16b-acba7e6c8fb4,First-time Borrower,24340.46,0.2414,13,,,,,,,,,,,True,430.0,9,1,1
af4e7033-2652-4a18-8946-c2202e334333,Gig Worker,30978.91,0.3752,20,,,,,1.21,0.616,,,12.4,-0.0799,False,,9,3,1
183199dd-a56d-4116-8aaa-1eaee1521862,Small Merchant,106625.08,0.4148,24,285012.32,0.8132,0.613,8.25,,,4.41,0.1683,,,False,,21,4,0
a0c936d1-d2f7-4699-9e75-08c4f112b3d3,First-time Borrower,58198.65,0.2156,21,,,0.6805,2.61,2.33,0.7388,,,,,True,703.0,24,3,1
740d32e7-e075-4ecd-8523-2260d0f565eb,Small Merchant,121446.36,0.3788,21,216292.87,0.7137,0.6084,10.59,,,4.26,0.2143,,,False,,18,4,0
fe6aa659-2130-4095-b206-a33c5978eccf,First-time Borrower,62534.06,0.2231,16,,,0.7007,7.4,,,,,,,True,634.0,16,2,1
c36afd1a-cb18-45f6-a11c-9f7bb5d125d9,First-time Borrower,43421.54,0.2141,17,,,0.6343,11.3,,,,,,,False,,14,2,1
936d8b7f-fe77-4c23-a64b-4d1d1b0830e2,First-time Borrower,59247.61,0.3001,21,,,0.7653,11.44,,,,,,,True,588.0,15,2,1
0c9b809a-1219-4224-a59c-055dd17d6a92,Small Merchant,102735.85,0.245,24,271710.27,0.7282,0.7933,6.69,2.4,0.6747,7.44,0.0998,,,False,,19,5,0
fb3bcc74-630c-4712-8cfb-90822b7d912c,Small Merchant,54164.86,0.4544,18,49929.51,0.4594,0.5454,17.51,1.19,0.3568,0.53,0.2057,10.48,-0.0579,False,,9,6,0
167c7f4f-ee0f-41aa-a0c8-5faf3aa54814,Informal/Rural Worker,25673.89,0.4382,17,,,0.8094,4.66,2.97,0.7836,,,,,False,,27,3,0
5d958582-3c52-4c41-b1aa-0171102c14ce,Small Merchant,102317.69,0.4327,24,160553.56,0.7032,0.5274,12.96,,,,,,,True,555.0,19,3,0
792edb68-2ff4-4f96-b90f-1206ecb80c7e,First-time Borrower,41011.48,0.2431,19,,,0.63,10.82,,,,,14.38,0.0384,True,596.0,18,3,1
264b6fc5-daf1-40a6-87e1-6bf73d6df6c8,Gig Worker,44118.71,0.3504,24,,,0.7987,6.13,3.08,0.9166,,,24.55,0.0981,True,747.0,26,4,0
f76e8721-1ac2-440f-82e5-184a08a325d0,Gig Worker,32072.14,0.4649,17,,,,,1.66,0.5732,,,15.39,-0.0651,False,,14,3,1
dbaccfd8-54e9-4cb9-8179-6cb57a6139ab,Small Merchant,71000.65,0.3578,21,117760.7,0.6649,0.5458,12.86,,,4.23,0.2568,,,False,,10,4,1
1538f94f-7a3b-42ae-94d5-47a6f0741615,Small Merchant,132714.96,0.3242,26,274632.63,0.7744,0.8505,4.19,,,6.26,0.1615,,,True,695.0,21,4,0
e338d0ea-bfd0-4fc1-b984-3c38f9c09c49,First-time Borrower,40303.9,0.2715,15,,,0.579,9.97,1.73,0.575,3.16,0.2287,,,True,554.0,15,4,0
4aadfcad-fb1b-4f3e-9ea3-ddcf53c95878,Informal/Rural Worker,25622.66,0.4934,18,,,0.6847,6.96,2.08,0.7916,,,,,False,,19,3,1
51e26518-69cc-4db0-bfed-3befb54afb54,First-time Borrower,44950.62,0.2424,16,,,0.6539,11.96,1.99,0.6009,,,19.53,-0.0615,True,549.0,11,4,1
0db196f5-43df-4fb8-bb4d-aabb7624495c,First-time Borrower,55885.4,0.197,25,,,0.7012,5.85,2.49,0.7704,7.26,0.0794,,,True,754.0,26,4,0
8ebefe83-66ef-4038-8a08-9d9a77320adc,First-time Borrower,32032.71,0.2685,17,,,0.4433,12.54,1.24,0.5428,4.87,0.2149,,,True,517.0,16,4,0
abebffa5-f2d5-45df-982d-75270966849b,Small Merchant,155662.38,0.2107,26,320092.19,0.9032,0.7681,5.97,,,6.42,0.1546,22.45,0.016,False,,24,5,1
0b8f7d4b-7bcf-4890-aa2b-d31997db1662,First-time Borrower,65642.72,0.2349,20,,,0.6313,7.72,,,5.68,0.1744,,,True,638.0,24,3,0
0594d65e-fcfa-4187-a627-bfbe2036e192,Informal/Rural Worker,18845.59,0.4646,12,,,0.6544,10.88,2.39,0.7264,,,,,False,,20,3,0
80f1b0e2-d17e-4a48-9e00-0c5f8dcee478,First-time Borrower,39592.99,0.2813,11,,,0.4322,14.64,,,,,,,True,395.0,6,2,1
6d3eb99d-cdef-46d9-b138-479807c276f5,Gig Worker,33361.76,0.5297,21,,,0.5571,12.76,1.7,0.4941,,,14.22,-0.2474,False,,15,4,1
f567f878-dca1-4c87-b2a8-b7b1712b8f25,Informal/Rural Worker,7896.34,0.693,7,,,,,1.11,0.471,,,,,False,,8,2,0
297c9b26-fbc3-4c55-8238-2913be17346a,First-time Borrower,62453.49,0.1677,21,,,0.7636,7.82,,,,,,,False,,23,2,0
30c51859-45f3-429e-87ef-24f825f3d490,First-time Borrower,62046.62,0.1916,20,,,0.6502,7.59,,,,,,,False,,21,2,0
f28cfff3-0e0e-439a-a625-11a2904130d6,Informal/Rural Worker,33041.68,0.3953,18,,,0.8775,0.94,3.03,0.9112,,,,,False,,30,3,0
a72e2694-d738-46f8-9353-1aa2ec6ad655,Gig Worker,35085.64,0.4282,22,,,,,2.52,0.7175,,,21.88,0.1195,False,,20,3,0
5494eb6d-276e-43a5-a0c6-d3497d6dafbb,Gig Worker,27959.0,0.5559,22,,,,,1.97,0.4448,,,14.19,-0.0925,False,,11,3,1
18056c01-d38c-47ba-a2b0-ea04ab53d329,Small Merchant,122883.17,0.3443,24,258053.69,0.7109,0.7704,12.79,,,7.42,0.0979,,,False,,25,4,0
0ad3dff8-33c6-4dd4-a4cb-9cbed9c5b1ed,First-time Borrower,50762.65,0.218,21,,,0.6281,5.27,,,,,,,True,611.0,16,2,0
f8e0adb0-c36e-4b1b-b0fe-2cd82800803c,Gig Worker,39365.76,0.2659,24,,,,,,,,,16.51,0.1083,False,,21,2,0
27f95f9b-8e88-4ce4-b466-eaaaae888c09,First-time Borrower,54129.96,0.2113,16,,,0.7021,16.54,,,4.65,0.1773,20.03,-0.027,True,634.0,17,4,1
afc644ca-73fd-42cc-99b4-0a20857528f1,First-time Borrower,70656.61,0.1186,25,,,0.8576,4.95,,,,,,,False,,25,2,0
a6d20830-c8e3-4f0d-bfc2-538ed68a34ad,Gig Worker,25770.09,0.463,23,,,0.6511,13.64,1.78,0.5366,,,13.07,-0.0789,False,,14,4,0
876dcd18-0440-4b27-befa-cfa89775f314,Informal/Rural Worker,25588.32,0.3637,14,,,,,,,,,,,False,,15,1,0
611f0bd5-18da-4145-8367-6cd60dfcb1bd,Informal/Rural Worker,13973.39,0.4937,11,,,,,2.21,0.5934,,,,,False,,11,2,0
01b0c452-0ac3-46cc-a755-e333635f857b,Informal/Rural Worker,20183.94,0.6179,14,,,,,2.1,0.6847,,,,,False,,15,2,0
b1a46ef5-e494-42e3-8442-92e9adea3e26,Informal/Rural Worker,20574.6,0.4336,12,,,0.7252,7.54,2.34,0.6728,,,,,False,,14,3,1
72294250-c8c4-4413-b593-e7e47966fcc8,First-time Borrower,46752.64,0.1399,19,,,0.624,10.35,2.27,0.7094,,,22.39,0.0674,True,612.0,19,4,0
43d889e1-4207-4e1d-bc4e-89560a2e38b7,Informal/Rural Worker,17901.75,0.5184,12,,,0.7617,7.08,2.42,0.6123,,,,,False,,20,3,0
3df5f95c-6b89-4b4a-bcbe-90ee66afdd88,First-time Borrower,63545.02,0.2315,22,,,0.7545,7.88,,,5.75,0.0906,18.39,0.0763,False,,17,4,0
d56eebbd-4ed2-45c5-9e51-169e91ad5dbd,Small Merchant,107587.99,0.5032,22,248907.24,0.7623,0.5617,6.22,,,4.57,0.1917,,,False,,15,4,0
4c06f1f3-c48d-487f-93c5-69ddd0782c11,Gig Worker,36401.93,0.4261,19,,,,,2.44,0.8181,,,18.2,0.0578,False,,18,3,0
3d022313-a081-4264-a3f3-b07fdd017454,Informal/Rural Worker,17163.58,0.5045,14,,,0.6394,10.9,2.24,0.7357,,,,,False,,21,3,0
9b7a4de5-53a1-4e05-a22e-751c56f102a1,Small Merchant,64543.74,0.3616,21,156586.49,0.6488,0.5993,17.68,,,3.55,0.261,,,False,,11,4,0
226c7d12-e926-4a32-951e-ebdb07d1ded0,Small Merchant,115749.5,0.4081,21,208310.05,0.6408,0.6117,10.59,2.27,0.5897,5.58,0.1949,18.56,-0.0052,False,,10,6,1
cd8c02c7-3cca-4c58-80ee-cd2aa05c7351,Gig Worker,33279.33,0.4697,25,,,0.639,9.79,2.52,0.6992,7.05,0.1866,,,False,,18,4,1
a35c5c2e-31e9-423d-b1cb-25d5899c9e3e,Small Merchant,174172.25,0.2478,30,371395.09,0.8551,0.8056,2.99,,,7.79,0.104,,,False,,31,4,0
967e8b35-e588-4b41-bcf9-db24f62049dd,First-time Borrower,43359.41,0.2239,15,,,,,,,2.87,0.2067,,,True,513.0,14,2,1
adb055e8-9047-4b33-9de7-17ceb5a42945,Gig Worker,33936.79,0.3055,22,,,0.6876,9.16,2.2,0.743,,,20.67,0.0637,False,,13,4,0
7c7c5e67-3db7-46ff-8637-44a0e93428cf,Small Merchant,175301.3,0.3367,27,,,0.7475,6.45,,,7.88,0.1322,,,False,,22,3,0
c77e2e6e-f205-499f-8c3b-4346d7ec06bc,First-time Borrower,36152.92,0.2954,15,,,0.5889,10.59,1.96,0.5288,,,,,True,585.0,17,3,0
c0129ffc-2b8e-4528-9b0a-af8b5581cb44,First-time Borrower,37599.33,0.208,17,,,0.6113,10.98,,,3.53,0.197,18.06,0.0026,False,,14,4,0
156737a3-29d3-4674-804a-846848e79363,Gig Worker,45692.11,0.2896,23,,,,,2.34,0.7441,,,21.93,0.0639,False,,22,3,0
3b913080-c6b9-4134-a7ea-a7498018f611,Gig Worker,41068.85,0.2827,23,,,,,2.79,0.8259,,,21.24,-0.015,False,,20,3,0
a756e56d-0abb-4d9c-b632-b8a00052c335,Informal/Rural Worker,30943.31,0.2682,22,,,0.9677,5.7,3.13,0.8278,,,,,False,,29,3,0
8359e7cf-3819-496a-8499-65cd6003fbd1,Informal/Rural Worker,19934.61,0.3934,16,,,,,2.2,0.606,,,,,False,,18,2,0
5961ec02-83d1-450c-bbf1-ee88b1969ad6,Informal/Rural Worker,25701.81,0.4405,14,,,0.7225,5.74,2.14,0.7401,,,,,True,700.0,22,3,0
53ab915f-9667-469c-9d3b-679b9ff02bc3,First-time Borrower,42860.07,0.1087,16,,,0.706,11.0,2.1,0.476,5.46,0.1605,,,True,602.0,17,4,0
465ab5e1-84e4-4b91-97e0-68c69eb1269a,First-time Borrower,36089.36,0.2189,22,,,0.7466,9.02,,,5.68,0.1393,,,True,644.0,17,3,0
17dfaa54-f6de-4792-a3b6-39bd47d71ee5,Gig Worker,25481.21,0.5258,20,,,,,0.92,0.4238,0.88,0.2443,12.45,-0.0233,False,,8,4,0
e2f2f319-616a-4455-88e4-ce20c770d62b,First-time Borrower,66617.09,0.1999,20,,,0.8012,6.14,,,9.06,0.1551,,,False,,18,3,0
e216be39-b1d3-47e6-9cc5-5566956652eb,Informal/Rural Worker,18786.86,0.5144,17,,,0.596,10.84,2.03,0.6938,,,,,False,,20,3,1
70e8bb82-b067-4204-af48-d965df5504ba,Gig Worker,38881.81,0.3464,25,,,,,2.97,0.8855,,,24.89,0.1151,False,,28,3,0
7254b7a0-3f54-465e-a204-ca1fa44ef6c1,Small Merchant,90520.88,0.3854,23,217153.65,0.6638,0.6669,8.84,1.98,0.5407,,,,,True,567.0,21,4,1
6db67f85-ddb7-4aca-a15b-bc45f6212828,Informal/Rural Worker,14850.27,0.4755,14,,,0.5641,9.72,,,,,,,False,,17,2,0
429d595d-07eb-423d-9e41-4682377e5380,First-time Borrower,74145.54,0.1864,23,,,0.8266,3.3,2.29,0.853,,,,,False,,26,3,0
28c8f521-ab14-4b77-9c44-6363cbd3fa84,Informal/Rural Worker,27879.11,0.4259,14,,,0.832,7.09,,,,,,,False,,24,2,0
8e82bfc2-00c7-4474-b9c9-0e47c8fb4ae7,First-time Borrower,74915.6,0.1388,27,,,0.8726,4.85,2.7,0.8418,,,,,False,,31,3,0
47b7bac3-c698-44f6-93cb-1c3b57fd689d,Informal/Rural Worker,23468.87,0.4617,17,,,0.7482,7.39,1.98,0.637,,,,,False,,16,3,0
d77511c1-4be2-40e4-9f33-c43197e99c40,Small Merchant,180622.34,0.1946,27,310613.28,0.8035,0.787,6.95,,,7.48,0.1844,,,False,,25,4,0
86c882f3-58e5-4b90-bc2f-5d2756fc7031,First-time Borrower,53411.0,0.2103,21,,,0.6106,10.84,,,6.29,0.1888,,,True,589.0,15,3,0
8dcdf5ff-1991-4ee6-8c15-9f3a7663718d,Informal/Rural Worker,30633.58,0.4361,19,,,0.9562,1.56,3.36,0.9384,,,,,False,,30,3,0
c8e1cfb5-f720-4c72-949a-1b4edeeb57b3,First-time Borrower,71036.35,0.1345,24,,,0.9734,5.22,,,,,,,False,,22,2,0
752a0a15-aed4-4735-9e55-5f06b3600ae4,Informal/Rural Worker,18703.14,0.5564,14,,,0.6331,9.48,1.95,0.511,,,,,False,,15,3,0
ed91b425-3970-48de-bb9d-7768ffbfd71a,Gig Worker,41538.9,0.463,20,,,,,2.17,0.603,,,22.68,0.0591,False,,21,3,1
79d58894-e39d-4351-be2f-807aef8873fa,Small Merchant,103209.12,0.3382,22,223144.58,0.7082,0.7527,13.66,2.65,0.7234,5.56,0.1786,,,False,,13,5,1
19bd65a1-4f6d-4804-9a03-8818844164c5,Informal/Rural Worker,14227.64,0.5003,9,,,0.5574,12.47,1.62,0.5627,,,,,False,,11,3,0
8f4b2aad-7cdb-487d-8dcb-01c955136639,Gig Worker,44620.78,0.4171,27,,,,,2.6,0.7915,,,20.79,0.0476,False,,17,3,0
ce100c3b-ffe3-4a68-b5f0-baca572f86fb,Gig Worker,31878.51,0.2708,20,,,,,2.14,0.4981,,,20.29,0.0972,False,,15,3,0
3f5c0040-fefd-4b9e-bcec-ae7145ab80e1,Informal/Rural Worker,20110.66,0.5141,15,,,0.7184,9.06,2.69,0.7332,,,,,False,,19,3,0
cb6b49ce-6389-452c-bfb2-edaf1d876604,Informal/Rural Worker,16337.91,0.6097,9,,,0.585,13.55,1.82,0.5893,,,,,False,,9,3,1
dc93f480-e664-4a44-8e70-a25eb5238254,Informal/Rural Worker,11892.14,0.6772,9,,,0.4766,14.17,1.1,0.4447,,,,,False,,16,3,0
253c4c90-eab0-43d9-91cf-0f85023cb0dd,Small Merchant,160447.68,0.2715,25,278954.52,0.7849,0.7886,6.66,,,6.53,0.0885,,,True,700.0,18,4,0
e76ab0f8-59ac-4039-b8b0-7ed30e629737,First-time Borrower,65248.36,0.2424,20,,,0.7909,10.74,1.56,0.6015,,,,,False,,15,3,0
f266ce1d-1651-4f35-8fe1-9169c4ac912b,First-time Borrower,56517.49,0.2562,17,,,0.6785,8.25,,,4.91,0.1573,,,True,626.0,24,3,0
7ec55996-3c64-4398-96a1-92b494ee62e9,Informal/Rural Worker,25771.65,0.3546,19,,,0.7588,3.88,3.06,0.7498,,,,,False,,21,3,0
6a95672d-d09f-4dfa-8bd8-acd4e142c20d,First-time Borrower,72968.96,0.1276,19,,,0.6752,7.82,,,,,,,True,685.0,26,2,0
485647a1-2da5-4042-bc8d-4311a89179ae,Small Merchant,54797.99,0.494,20,88858.26,0.5211,0.4586,19.23,,,2.72,0.1636,,,False,,8,4,0
ea0a210f-5a19-462d-b160-a9af57b36815,First-time Borrower,32466.18,0.2223,17,,,0.5752,12.54,,,,,,,True,539.0,11,2,0
a9b36bc1-2dbe-4006-9b58-774ffdeca441,Informal/Rural Worker,12066.6,0.5164,13,,,0.5702,13.86,2.16,0.5064,,,,,False,,16,3,0
04e67529-5352-4b88-bc29-4738ca848b26,Small Merchant,70251.66,0.4072,19,153952.81,0.6026,0.4551,13.31,,,2.38,0.2417,,,True,487.0,10,4,0
aadf6864-35e4-4e7f-b094-c2a11135db15,Gig Worker,38790.93,0.4205,22,,,,,2.19,0.5723,,,19.12,-0.1133,False,,12,3,0
7d6e0e30-191d-4b0c-b7cb-93ca1a0b298f,Gig Worker,49565.44,0.3433,25,,,,,2.46,0.8132,7.63,0.1774,22.57,0.0157,False,,26,4,0
fe2ab63f-727a-4b88-adad-3fcfbc87dec2,Gig Worker,31030.04,0.4663,23,,,,,1.84,0.6466,,,18.07,0.0962,False,,16,3,1
e5958dec-673d-493a-a367-062a38fc93c3,Small Merchant,73704.28,0.3813,23,161491.86,0.6818,0.5873,14.9,,,4.67,0.2153,,,False,,15,4,0
876bf0ea-e0ba-4c2c-bd14-93b480591c93,Gig Worker,34251.02,0.3864,21,,,,,1.96,0.6386,,,18.31,-0.1246,False,,14,3,0
81e21ee3-39d3-4831-abb2-c8583cb8fd9e,Small Merchant,116574.42,0.4058,25,258275.35,0.7253,0.6695,9.3,,,4.56,0.1728,,,False,,18,4,0
bde218dd-e441-45d3-905a-0e7abf38c55e,First-time Borrower,79543.24,0.1402,22,,,0.9755,3.32,,,,,,,False,,30,2,0
f7ea8d30-0252-4266-98fe-1fff57cd403a,Informal/Rural Worker,24874.12,0.3573,17,,,0.6069,11.67,,,,,,,False,,17,2,0
042db5f2-ec35-4c47-8405-f41f2cb2a2b7,Small Merchant,149208.34,0.3602,23,282137.2,0.7254,0.7086,6.18,1.83,0.6341,3.87,0.1644,,,False,,23,5,0
0e3ec974-8bf7-4cbb-8e58-77fc977ee625,Gig Worker,49952.48,0.3649,22,,,,,2.66,0.9042,7.36,0.1486,23.23,0.1683,False,,25,4,0
de44678c-086b-4644-ae2b-417f5b8aa341,Small Merchant,126266.75,0.4067,24,235132.8,0.6288,0.5806,12.66,,,5.62,0.1544,,,False,,17,4,0
b0050332-2804-4284-88d3-656bc9bc4ac4,Gig Worker,48698.97,0.2804,26,,,,,3.05,0.8912,,,24.36,0.3558,False,,30,3,0
44a5897f-4b7d-4e9a-8400-ccb693b3000e,First-time Borrower,58816.0,0.2115,22,,,0.7213,10.53,,,,,,,True,602.0,18,2,0
c26c3573-3100-4c86-849e-8ea2af583b0a,Small Merchant,82221.85,0.4382,21,154792.86,0.5455,0.5347,13.16,1.52,0.5485,3.87,0.2144,,,False,,12,5,1
70f9fc19-8d64-49d9-9b6c-87c39886b26b,Small Merchant,133742.29,0.3921,27,253919.7,0.7256,0.6658,8.82,,,6.24,0.2084,,,False,,22,4,0
39a9d600-5354-4c42-8947-64a4900132ae,Gig Worker,22872.41,0.3884,21,,,0.6256,11.55,1.43,0.6343,,,17.76,0.0667,False,,13,4,1
9c4a89d3-62cc-428d-8b8b-4cc4d1d3683c,Informal/Rural Worker,11179.11,0.6485,10,,,0.6323,14.36,1.47,0.5852,,,,,False,,19,3,1
6698b625-9f4a-4255-bb99-20d85788f5e2,Gig Worker,42717.83,0.3861,27,,,,,2.39,0.8074,,,18.37,0.1519,False,,20,3,0
652d4614-e633-4432-8dc7-fc1008f987c3,Informal/Rural Worker,18007.19,0.5579,12,,,0.6233,8.75,2.29,0.724,,,,,False,,22,3,0
fd5896d2-470c-4fed-9fa8-b92e98b1d684,Informal/Rural Worker,33922.21,0.2626,19,,,0.9322,0.92,3.61,0.8836,,,,,False,,29,3,0
c5747272-d0f1-46fa-9031-c7ef144944d6,First-time Borrower,45538.79,0.3224,14,,,0.4535,14.4,1.04,0.413,3.26,0.2249,,,False,,7,4,1
21a57e35-6dde-4b55-9956-d4c7804ed59b,Informal/Rural Worker,16950.39,0.6933,9,,,0.5903,14.4,1.6,0.6436,,,,,False,,13,3,0
0ad99d95-2df0-4c13-a5ad-db67ff6aacf9,First-time Borrower,62996.77,0.2028,15,,,0.7363,12.05,2.97,0.7197,5.56,0.1033,20.15,0.0684,True,579.0,23,5,0
7d259075-e00b-44e2-931d-0a694e82f9d8,Small Merchant,59483.63,0.4165,20,101511.96,0.6349,0.5106,13.91,,,3.87,0.2546,,,True,500.0,6,4,0
fe21cad3-ce39-4c9f-ad5b-61d08e42460c,Small Merchant,155108.09,0.3167,21,225605.17,0.6905,0.5767,10.72,2.28,0.6867,6.62,0.1118,,,False,,19,5,0
ec6f985f-dd82-4b16-99e2-7eb2f350d54a,Informal/Rural Worker,11942.86,0.6255,8,,,0.6808,10.26,1.55,0.546,,,,,False,,12,3,0
a7702888-a0a7-43d7-8040-8bbf9fb8a2aa,First-time Borrower,77025.22,0.1615,20,,,0.9025,4.37,,,,,,,True,727.0,28,2,0
4fd7cf0c-4de5-4e9d-b257-0656129a5ffd,Gig Worker,26341.75,0.4811,22,,,,,2.42,0.4536,,,16.24,0.0653,False,,19,3,0
5467f755-af23-4abf-80b0-c89805a4e555,First-time Borrower,46826.79,0.1879,21,,,0.6707,13.65,,,5.94,0.1906,,,True,598.0,12,3,0
c4a72735-6bb3-4342-a516-1d882b0fcde2,Gig Worker,35206.87,0.3955,21,,,,,2.04,0.7081,4.08,0.1704,16.45,0.0324,False,,15,4,0
ea12d8fa-98d6-4850-a834-230bad317e38,Informal/Rural Worker,14510.07,0.4513,16,,,0.6004,12.26,,,,,,,False,,20,2,0
b0b1e180-b5b9-4f66-badd-66234364552c,Informal/Rural Worker,9871.68,0.6193,10,,,0.5627,13.98,1.75,0.4135,,,,,False,,14,3,0
7e3f1895-c3e4-4d44-882f-a93d562c7660,First-time Borrower,34063.48,0.1936,20,,,0.6185,12.29,1.75,0.5727,,,,,True,522.0,14,3,0
72d10ae7-fd2b-4ad7-93db-6751dc5383c4,Gig Worker,17245.25,0.5665,21,,,,,1.92,0.4344,,,11.45,-0.1225,False,,11,3,1
a9fc53f5-c696-4b47-97f9-0e0184543b3b,Gig Worker,26804.31,0.5136,20,,,,,1.55,0.7168,,,17.63,-0.0173,False,,10,3,0
6d7805d5-7244-401b-b1b3-fd4221aa31f4,First-time Borrower,57439.87,0.1922,21,,,0.6932,8.99,,,6.35,0.1767,,,False,,22,3,0
d2879d33-1e1f-4b7a-a25e-57e2d2b2d2d8,Informal/Rural Worker,21246.23,0.5253,9,,,0.6211,10.36,,,,,,,False,,19,2,0
9473eb4d-2a30-4b3f-a00e-799546f59d52,Gig Worker,46671.27,0.3339,25,,,,,2.95,0.792,,,23.99,0.1215,False,,27,3,0
7f959dbc-58e4-46ad-99cd-506bb263e468,Small Merchant,82219.27,0.4151,21,170622.68,0.5337,0.5131,14.13,,,4.06,0.175,,,True,553.0,12,4,1
0e49f119-4c1e-4db1-8947-1eec859b45e0,Small Merchant,180099.5,0.2108,26,374077.35,0.836,0.8748,1.51,,,11.14,0.0937,,,False,,25,4,0
6a9ec2a5-486a-48ba-a428-74e4d8101138,Small Merchant,117567.35,0.3897,24,217973.91,0.7068,,,,,5.47,0.1916,,,False,,21,3,0
7dbc89c4-762c-461a-a4aa-23c6ba7e0d38,Small Merchant,181992.7,0.2684,23,364333.57,0.7506,0.8782,6.64,,,7.65,0.1284,,,True,772.0,26,4,0
dd890297-147e-4d00-afec-9501fa002da6,First-time Borrower,51744.7,0.1934,17,,,0.6606,3.77,,,,,,,False,,17,2,0
74e5f5e1-c39a-491c-ab73-b7d4db0c4fc1,First-time Borrower,76887.18,0.1425,21,,,0.8964,7.23,2.91,0.8484,8.95,0.113,,,True,729.0,27,4,0
56411dba-15a5-4c45-910d-cfe03ee9fd9b,Informal/Rural Worker,21647.43,0.3696,18,,,0.7068,8.61,2.83,0.7416,,,,,False,,27,3,0
7742282f-a795-48e1-aee5-27489f10737f,First-time Borrower,58969.22,0.2864,17,,,0.5504,10.87,1.75,0.5894,,,,,True,622.0,11,3,0
bc1c3928-4b5d-4e63-b3cf-88a5fe6b07e6,Small Merchant,92794.9,0.3536,22,234972.9,0.5509,0.5958,10.63,,,3.79,0.2194,,,True,526.0,19,4,1
b9733a70-67fe-4e9e-ace2-461a6444203d,Gig Worker,21391.65,0.5275,17,,,0.5806,10.9,0.93,0.5055,,,11.76,-0.0886,False,,6,4,1
a7f25c93-8b0a-450a-81c5-c7567448530f,Gig Worker,35285.14,0.3213,23,,,,,2.17,0.7382,,,19.88,0.0502,False,,18,3,0
9bec917d-c7a0-4843-9dec-e94228383376,Gig Worker,23855.18,0.4519,21,,,,,2.0,0.6137,,,17.11,-0.0271,False,,15,3,0
2c0b4129-9278-45c2-a992-68737b931de7,Small Merchant,131475.03,0.3014,26,366014.83,0.794,0.728,7.42,,,,,,,False,,21,3,0
0ddce439-76fd-4e0f-8cf8-ae67369be61a,Small Merchant,174716.61,0.243,26,386126.17,0.8413,0.7832,5.96,,,6.89,0.062,,,False,,28,4,0
91cbdc61-a014-40c5-9ab3-bff03f2d3975,Gig Worker,44261.9,0.449,25,,,0.7852,7.01,2.62,0.6877,6.94,0.177,20.79,0.1182,True,594.0,19,5,0
f80bd52f-e3ad-4463-b349-54495b75dc1e,First-time Borrower,34756.74,0.2671,20,,,0.5269,12.38,1.72,0.566,,,9.83,-0.0248,True,481.0,9,4,1
7f9eb7ca-5a64-40bb-ada3-bd4b01594c7c,Gig Worker,23775.59,0.4769,19,,,0.5113,12.81,1.93,0.5359,3.77,0.171,14.12,0.0053,False,,13,5,0
7a84f27a-a4b5-446e-b3f7-0ec3b7dbbfb2,Small Merchant,131194.1,0.4181,23,254570.55,0.6792,0.8289,9.96,,,,,21.45,0.0361,False,,26,4,0
638c1f01-d3a7-4039-840d-e1f4a31de769,Informal/Rural Worker,25158.72,0.4075,17,,,,,2.36,0.6875,,,,,False,,25,2,0
f9397c76-a6a4-41c2-a34c-6bc207e8ca90,Gig Worker,33196.96,0.3449,26,,,,,2.52,0.7012,,,20.66,0.0902,True,594.0,19,3,1
4d06baeb-b360-4f96-b33d-76e00f7d6574,Informal/Rural Worker,21427.11,0.4237,15,,,0.8115,5.09,,,,,,,False,,17,2,0
a9c16a38-a384-4d1c-9ac0-208e5cda32e4,First-time Borrower,44516.52,0.2065,17,,,0.653,14.92,,,,,,,True,538.0,9,2,0
43ac2069-5c94-42ba-91ea-4888841265ce,Informal/Rural Worker,20068.63,0.5496,14,,,0.5055,12.02,1.83,0.6292,,,,,False,,15,3,1
09e195c7-b310-4eb2-a325-bf5a56537169,Informal/Rural Worker,24503.17,0.2468,16,,,0.8075,4.42,2.67,0.8314,,,,,True,743.0,20,3,1
566a2a7a-0839-45d2-ab86-a49bc2b5e52b,Gig Worker,32434.42,0.4398,24,,,,,2.23,0.74,5.32,0.1768,19.9,0.0931,False,,12,4,0
78a44345-7746-434f-a872-4a9bb819f3c3,Small Merchant,127300.01,0.478,23,296258.36,0.8134,0.8083,10.22,,,5.69,0.1317,23.24,0.0788,False,,21,5,0
5d1e1f26-1f85-44b9-8c36-249f17cdef34,Gig Worker,50405.17,0.2241,18,,,,,2.87,0.7641,,,22.56,0.138,False,,28,3,0
b2d4aa24-0916-4f25-9fa6-91c6cea8463c,Small Merchant,113019.94,0.3694,23,187174.1,0.7656,0.5344,9.66,,,2.84,0.171,19.67,0.0441,False,,16,5,1
d35eab31-d5a3-406a-8a02-68a53bcf4671,Gig Worker,31076.42,0.4741,20,,,,,,,,,18.4,-0.0462,False,,11,2,0
7a61c994-d679-495d-af85-e26cc8d3bb95,Gig Worker,23011.32,0.4769,21,,,0.538,11.86,1.4,0.6248,,,17.03,0.0075,False,,9,4,1
81d23ca5-fdca-4cbc-b946-b5d801682954,First-time Borrower,52099.3,0.1936,19,,,0.778,10.39,,,,,,,True,658.0,20,2,0
b567c31e-63d5-4517-a573-2aad66624b6e,Small Merchant,77579.67,0.3298,21,249334.26,0.6666,0.6464,11.37,,,5.32,0.1764,,,True,490.0,11,4,0
b0e4fd68-7f50-4fbb-8f54-86ac2f150dea,Small Merchant,153335.01,0.3353,26,341841.92,0.7638,0.7576,3.46,,,6.84,0.1615,,,False,,21,4,0
c67902e0-0fa2-4bbf-8a5c-20a7f432a1e5,Informal/Rural Worker,21499.32,0.4872,12,,,0.7684,6.21,2.22,0.7798,,,,,False,,21,3,0
7e75ea28-99ce-4df4-a0c4-876a26b08f3f,Informal/Rural Worker,23941.09,0.4421,18,,,0.7284,7.29,2.41,0.6157,,,,,False,,22,3,0
bbaaa88c-3d14-4be4-ac01-7b20de356c2c,Informal/Rural Worker,16399.42,0.4607,11,,,0.7984,11.7,2.17,0.6174,,,,,False,,17,3,1
85b2c3a4-0eba-47ab-be05-97b621d0e9e5,First-time Borrower,44503.02,0.276,15,,,0.4997,17.79,1.47,0.5045,3.68,0.2015,,,False,,13,4,1
783434c3-d3e2-45cf-82e9-b11e8ff0575b,Gig Worker,33705.74,0.2939,21,,,,,2.57,0.7797,,,23.82,0.0392,False,,21,3,0
735084b4-1765-43d1-9e39-be5d97d3d994,Gig Worker,38698.52,0.3705,21,,,,,2.36,0.7259,5.73,0.1757,20.47,-0.0145,False,,27,4,0
e20b1336-c20b-4add-a18b-3b86ad336918,Small Merchant,89318.82,0.3196,25,200443.68,0.7774,0.6386,11.44,,,6.98,0.2248,,,False,,17,4,0
7db59d92-15f3-4943-947c-ee746257d858,Informal/Rural Worker,26988.09,0.4234,14,,,0.7549,7.74,1.93,0.6981,,,,,False,,26,3,0
33a041d7-61e5-42d8-b14d-e22752b1ef52,Gig Worker,26565.66,0.4553,22,,,,,1.52,0.5346,,,14.47,-0.16,False,,10,3,0
24363b68-3e08-4eda-852d-5b440ab978b3,Gig Worker,39835.5,0.325,21,,,0.8727,6.95,2.7,0.7643,,,25.25,0.1437,False,,20,4,0
ec2a7e0c-5847-4ff5-9be6-cc568e06cc44,Informal/Rural Worker,24942.5,0.3333,22,,,0.7637,6.02,3.49,0.8294,,,,,False,,23,3,0
a0ced3b7-ce5e-499c-90a5-f38583f13dee,Informal/Rural Worker,16271.79,0.6542,13,,,0.6625,12.95,,,,,,,False,,19,2,0
1af9326b-4231-478a-a040-8679f701532c,Informal/Rural Worker,21268.56,0.5315,15,,,0.6637,7.26,2.21,0.6873,,,,,False,,20,3,0
26200050-86a3-459a-ba1b-461f734611bb,First-time Borrower,50636.87,0.1844,19,,,0.5747,13.39,1.98,0.5974,,,,,False,,17,3,1
b7672697-a5b2-4ca6-8e90-bdd0ae5dd17b,Gig Worker,47323.69,0.2899,29,,,0.8587,2.18,3.45,0.8934,,,22.74,0.1858,True,793.0,30,4,0
bb64ffc9-86ca-43bf-ab49-bc3b5d366445,First-time Borrower,58223.08,0.3025,18,,,0.6592,12.54,1.28,0.731,,,,,True,628.0,18,3,0
f9792d6f-087e-4618-bee2-578dc37896e9,Gig Worker,26212.6,0.3978,23,,,,,2.59,0.5628,,,20.27,0.0934,False,,13,3,0
b2816dcd-3ee8-40ba-b74d-4e32eea80fcd,Informal/Rural Worker,20884.82,0.3714,14,,,0.8112,10.1,2.25,0.6784,,,,,False,,16,3,0
4af1d921-0aa7-4b69-a2e1-7eee115bbdc2,First-time Borrower,34422.13,0.277,14,,,0.6244,15.64,,,1.97,0.2183,,,False,,9,3,0
e6e44d25-a049-4985-9d49-36fd35c35572,Informal/Rural Worker,16638.36,0.3386,15,,,0.7211,7.65,2.29,0.6903,,,,,False,,17,3,0
9b545699-a77e-4661-a65a-be7f8c09c484,First-time Borrower,83847.93,0.1793,23,,,0.8471,3.13,,,7.13,0.1061,,,True,744.0,25,3,0
665a5e30-c739-4ff1-bd27-4adce08aa319,Small Merchant,61213.64,0.4192,22,111081.81,0.5258,0.4518,14.05,1.46,0.5351,2.61,0.2051,,,False,,13,5,1
e502132c-4c9c-49a5-ae7e-b9661d3ce9ad,Informal/Rural Worker,7673.95,0.524,13,,,0.6743,13.94,2.4,0.5495,,,,,False,,19,3,1
d1fc4b0c-2589-41c0-83b3-c5053fa26c32,First-time Borrower,42413.85,0.2349,15,,,0.7365,9.69,1.89,0.7741,,,18.93,-0.0029,False,,22,4,0
3d85c5ba-da7a-4d58-83a1-2e35112f07e2,Small Merchant,90422.59,0.4527,23,178363.48,0.5488,0.6207,12.25,1.9,0.4766,2.44,0.2334,14.71,-0.05,False,,15,6,0
2d6fcd99-1e1a-4b49-9d08-31b94ec02b22,Informal/Rural Worker,13929.11,0.5807,11,,,0.6559,13.5,1.51,0.517,,,,,False,,10,3,1
d5bae57d-d9d3-4630-ace2-0ba88d0eb145,Small Merchant,81366.11,0.3555,24,173240.96,0.5536,0.6932,13.11,,,5.58,0.1937,,,False,,12,4,0
8de8bb3d-c36e-4841-aa67-5fd1b31bc6dd,Informal/Rural Worker,20768.05,0.4262,17,,,0.8546,5.44,2.98,0.7994,,,,,False,,25,3,0
a3bfcb34-d1c8-4228-b674-32979ca162a4,Informal/Rural Worker,16237.07,0.6052,10,,,0.5878,7.64,1.91,0.6148,,,,,False,,17,3,0
f522fbd5-bc5b-44d2-b431-0fcb93d6080b,Informal/Rural Worker,14678.69,0.4029,13,,,0.6381,13.37,1.58,0.5115,,,,,False,,14,3,1
f303200d-420e-452f-91ab-ff5d01d815bd,Gig Worker,35301.53,0.4626,21,,,,,1.45,0.5526,,,18.41,0.0328,False,,14,3,0
939742da-fe74-44b8-8337-d7d93eac585f,First-time Borrower,77187.06,0.1786,24,,,0.8876,0.0,,,9.6,0.0797,,,True,792.0,36,3,0
b3b8eba2-17b9-4b22-b5b3-c81b422b6dd3,Gig Worker,37389.0,0.3479,27,,,,,,,4.08,0.0457,20.98,-0.0302,False,,23,3,0
7b0f7e67-0ba1-41ba-b70f-0ef6324a1793,Gig Worker,40966.55,0.3441,22,,,,,2.58,0.7366,,,19.57,0.1087,False,,15,3,0
c01e461b-3251-49a8-bbc5-28cdb2376746,Informal/Rural Worker,28861.75,0.4297,19,,,,,3.12,0.753,,,,,False,,31,2,0
1c4ef66a-8181-4fa0-9256-a7be67875d2e,First-time Borrower,57176.99,0.2417,18,,,0.5266,12.63,1.95,0.6043,5.61,0.1645,,,True,608.0,14,4,0
1458e70d-7151-49a3-a0f8-a302f37bbe73,First-time Borrower,55502.08,0.2092,24,,,0.7455,8.75,2.62,0.6943,,,,,True,599.0,17,3,0
08fcf54c-a72f-4770-9119-c4ded49c9bef,Informal/Rural Worker,8503.52,0.7377,6,,,0.5004,13.6,1.18,0.4263,,,,,True,477.0,8,3,0
c65c07ae-43f1-4b5f-aa7b-a09c62379a23,Gig Worker,47546.95,0.3229,24,,,0.7765,7.76,2.74,0.733,,,22.28,0.1312,False,,22,4,0
f5eb67ff-bf4c-48df-ac61-e8583b344006,Small Merchant,134970.5,0.3587,22,265163.93,0.6801,0.7616,7.76,,,6.74,0.1748,,,False,,16,4,0
f921aad9-4abc-4307-8708-131c69ca8101,Gig Worker,39614.66,0.4259,24,,,,,,,,,21.06,0.0807,False,,25,2,0
86bdb42b-8838-46eb-a48b-647a5eb4c92a,Small Merchant,69675.62,0.3744,22,171766.5,0.6382,0.5368,9.38,1.67,0.5162,4.5,0.1802,,,False,,11,5,0
4170a0f5-0b63-446a-b234-12b44c696e8b,Gig Worker,37177.94,0.2464,27,,,,,,,,,24.9,0.3344,False,,26,2,1
e0c7ce1c-bee3-42b5-80ce-74f4421d0afa,Informal/Rural Worker,27596.11,0.4744,15,,,0.8589,0.0,,,,,,,True,740.0,25,2,0
8f1f06c4-531d-48ab-984c-92bcb6051df8,Informal/Rural Worker,12247.65,0.5278,15,,,0.6772,11.49,1.42,0.6285,,,,,False,,17,3,0
27642e8d-3719-4ae8-b091-be64886e2251,Small Merchant,47405.43,0.3765,20,,,0.5273,13.76,,,3.1,0.1773,,,False,,6,3,0
7040221c-86f3-4176-babf-aa9e690a5c68,Informal/Rural Worker,16635.63,0.6023,12,,,0.665,9.74,2.23,0.6187,,,,,False,,17,3,0
2953b020-9d83-4b70-b4ab-06979ffb2a1e,Informal/Rural Worker,29234.09,0.2468,13,,,1.0,8.31,2.86,0.7992,,,,,False,,23,3,0
586b268a-4f1c-4761-aed2-b59869738e01,First-time Borrower,76267.46,0.2259,23,,,0.766,4.18,2.51,0.8271,7.29,0.1192,,,True,729.0,22,4,0
f722a8d3-29d3-4766-b2f1-426902c25a1c,First-time Borrower,76383.35,0.1156,24,,,,,3.55,0.8676,,,,,False,,24,2,0
5ee2c46f-7544-4c65-8fd6-5a0fa7211994,First-time Borrower,69722.1,0.1268,26,,,0.7466,2.96,,,9.04,0.1593,,,False,,29,3,0
f850a949-b78e-465b-a5dd-bd14fd87eaa3,Informal/Rural Worker,10686.44,0.539,10,,,0.633,13.27,1.07,0.4834,,,,,False,,16,3,1
99444a24-4a3a-4198-b98c-426d18c364be,Gig Worker,16396.52,0.4624,22,,,,,1.61,0.5175,4.05,0.2256,14.7,-0.1161,False,,9,4,0
dada3d68-7e2a-4fa7-855c-94efcafc5b42,Informal/Rural Worker,16197.4,0.5896,8,,,0.6728,15.13,1.71,0.549,,,,,False,,13,3,1
4dc18b1e-705d-4a9b-84b2-3826dacb2438,Small Merchant,174760.49,0.2514,24,317671.17,0.7567,0.7704,5.5,,,7.77,0.13,,,False,,20,4,0
3fc638c0-e1f7-4baf-abea-bb05f4b1ba96,Small Merchant,142523.04,0.2491,26,,,0.7782,7.08,,,7.34,0.1789,,,False,,22,3,0
f56ba4a6-1693-4552-bc2a-60bf0de193b8,Informal/Rural Worker,25022.09,0.5414,15,,,0.658,13.85,2.96,0.6892,,,,,False,,20,3,0
634a05a1-ea27-4240-8a96-ad492817128c,First-time Borrower,56879.96,0.2127,18,,,0.6969,7.33,,,6.52,0.1244,,,True,646.0,16,3,1
25ad841a-fd03-4469-b433-82fe87a861a4,Informal/Rural Worker,13849.32,0.6251,11,,,0.5338,16.27,0.9,0.5152,,,,,False,,11,3,0
e7a3fedb-b776-4953-a3fe-0abb5edc33bc,Informal/Rural Worker,19655.89,0.5916,13,,,0.4902,15.89,,,,,,,False,,17,2,1
32e0e12f-b801-4538-8d1e-506ead2117a3,Informal/Rural Worker,18925.69,0.6106,17,,,0.6571,10.84,,,,,,,False,,27,2,1
e8bfb6b5-b533-45f9-af77-f71930ba02a4,Informal/Rural Worker,16987.59,0.5654,12,,,,,1.72,0.5213,,,,,True,584.0,14,2,0
337213f5-ba3c-4d2b-8824-8af41f6090d7,Informal/Rural Worker,14034.09,0.5247,9,,,,,1.95,0.6436,,,,,False,,16,2,0
0dda8626-7968-4b36-9350-723208c09117,Small Merchant,141378.86,0.3385,26,319372.36,0.6742,0.7271,6.38,,,6.04,0.1224,,,False,,26,4,0
281c345d-5953-4471-b90c-6073b46c2ed5,Informal/Rural Worker,22062.49,0.494,12,,,,,,,,,,,False,,26,1,0
d00dd470-aeda-4231-9225-2eb05dc911a4,Informal/Rural Worker,19593.37,0.3967,15,,,0.7744,9.67,2.57,0.6704,,,,,False,,22,3,1
2ad45f78-98f8-46a4-a840-2b2f94ff78c7,Gig Worker,33738.55,0.3675,23,,,,,2.45,0.7502,,,18.23,0.0421,False,,26,3,0
225cd242-2883-4c0c-9019-4469e87a803d,Informal/Rural Worker,16892.73,0.5611,12,,,0.6769,8.15,,,,,,,False,,14,2,0
1dbbf084-2c5c-4e76-9bd0-4aec48a6916a,Gig Worker,46211.14,0.3625,26,,,,,3.12,0.8052,,,22.98,0.2209,True,780.0,30,3,0
8869a118-b883-4083-b210-e9cd4948ec43,Small Merchant,124805.22,0.4391,22,166231.03,0.5776,0.4947,12.28,,,3.81,0.2152,,,True,558.0,13,4,1
ed4c944f-6fa3-4d2e-9780-1ebaf06fbe2a,First-time Borrower,59623.95,0.2262,17,,,0.7378,5.69,,,,,18.68,-0.0394,True,614.0,22,3,0
b1291d42-69e5-4716-9ed2-9862a25615de,Gig Worker,30334.85,0.4239,19,,,,,1.34,0.5729,,,15.72,-0.1112,False,,15,3,1
12477971-7a8c-431e-9dc3-32c01db1e15a,First-time Borrower,32727.29,0.2298,13,,,0.4913,11.48,,,,,,,False,,7,2,1
79a88f2a-abac-4d05-a3a7-b758afa71d28,Small Merchant,135760.17,0.3044,23,206038.53,0.7859,0.6232,16.93,2.43,0.6433,5.31,0.147,,,True,555.0,20,5,0
14244f87-a6cb-4c6e-b6fd-57a8fa456446,Informal/Rural Worker,33295.06,0.303,24,,,1.0,0.0,3.53,0.9517,,,,,False,,34,3,0
76487913-0265-4f1d-a8fa-3f187eef8344,Gig Worker,50151.79,0.3021,21,,,,,2.15,0.662,,,18.93,0.0776,False,,17,3,0
b752eeb7-35f1-4d8c-9aee-bb5d1bedd23c,Informal/Rural Worker,20766.36,0.4545,13,,,0.5403,12.5,1.84,0.6065,,,,,False,,21,3,0
d1c7652a-d7aa-4a25-8029-61436971d37f,Gig Worker,20916.47,0.3671,24,,,0.6261,12.36,1.79,0.5091,,,17.89,-0.0231,False,,12,4,0
20982499-5f99-44f2-8e3c-0bf4aee32843,First-time Borrower,70620.72,0.0975,24,,,0.79,2.04,3.54,0.8682,,,,,False,,28,3,0
058e5ebb-6525-4521-bceb-0bcc3fc7dfed,Small Merchant,100394.29,0.4015,21,207369.81,0.6558,0.6879,12.18,,,3.56,0.1119,,,False,,12,4,0
f748c39b-d256-4989-88c0-055fcde669e2,Small Merchant,166792.79,0.179,26,,,0.7101,2.63,,,7.88,0.0489,,,False,,23,3,0
5c4553f6-c440-40b4-8c5b-ce14f2d70fe1,First-time Borrower,56598.44,0.1595,17,,,0.7711,9.44,,,6.6,0.2185,,,True,600.0,14,3,0
16c201cf-efb3-4c5b-9d0d-1e426b17a3c4,First-time Borrower,21544.87,0.284,13,,,0.5418,15.0,1.1,0.5007,,,,,True,476.0,11,3,0
bf9a9c9b-cc08-46c0-88ac-7dfb444e795e,Small Merchant,142899.66,0.3645,24,289297.01,0.7604,0.6882,4.1,2.61,0.7336,6.15,0.2052,,,False,,19,5,0
226da0d7-5f93-4d78-88d0-a2d910863e3e,Small Merchant,77029.17,0.4041,23,,,0.5647,15.59,,,5.52,0.2121,,,False,,16,3,0
7a94b4d2-dd55-47b4-9dd3-2b742d9745eb,Informal/Rural Worker,15972.21,0.6508,10,,,0.5827,10.01,,,,,,,False,,11,2,0
31129f64-4cb9-4cbe-8ea9-bf84edb84224,Gig Worker,42444.6,0.2666,25,,,,,2.92,0.7656,,,23.61,0.0958,False,,27,3,0
1426fd48-4ef0-48cc-b8a9-677a6e8ac8d9,First-time Borrower,44480.13,0.2469,12,,,0.5349,13.66,,,,,18.9,-0.0103,True,516.0,10,3,1
5bb57520-89d1-44c4-a520-7de4ffe500fe,Small Merchant,130351.25,0.3616,23,,,0.5785,10.52,1.8,0.7887,3.9,0.1572,,,False,,20,4,1
58ea54bc-fb88-4978-a63c-e10fddf18b34,Gig Worker,37382.51,0.3219,22,,,,,2.17,0.7094,,,20.85,0.0667,False,,19,3,0
b66af2a8-7674-4ae1-a406-3ac2e8e4719b,Gig Worker,34670.73,0.4047,23,,,,,1.77,0.7042,4.37,0.1369,19.24,0.041,False,,17,4,0
409992dc-b0c7-4d4e-9f8a-415407a68916,Gig Worker,38600.29,0.3638,22,,,,,2.56,0.7747,5.93,0.156,20.97,0.0389,True,674.0,22,4,1
add877a1-df96-492e-a69a-ad4669e40b18,Informal/Rural Worker,21604.44,0.597,17,,,,,,,,,,,False,,19,1,0
863e50d9-2ee4-4734-907b-0ae0b480593b,Informal/Rural Worker,12690.65,0.6056,11,,,0.6417,9.25,2.35,0.5682,,,,,False,,17,3,0
83f99813-78db-49fa-9276-fa4812becab8,Gig Worker,24433.33,0.2994,21,,,,,2.29,0.6994,,,17.9,0.0242,False,,13,3,0
c5ce511a-cf1c-412f-bd31-1566d2e12fc1,First-time Borrower,60531.83,0.154,18,,,0.6137,11.14,,,4.81,0.1611,,,True,590.0,16,3,0
f6735101-5346-4aa1-8815-67c8b62fcf19,Informal/Rural Worker,19075.63,0.4594,12,,,0.6582,8.58,2.41,0.7313,,,,,False,,25,3,0
f39f736e-3f07-47f2-b75a-c788674914c0,First-time Borrower,49627.69,0.2477,21,,,,,1.83,0.5196,4.79,0.2132,,,True,606.0,13,3,0
1e361cbe-1051-4769-a4db-5ab6d11ca2f2,Informal/Rural Worker,28166.82,0.3212,17,,,0.806,5.28,2.73,0.7576,,,,,False,,28,3,1
08b48d50-8aa6-4a0c-9471-63c8e3d05150,Informal/Rural Worker,17973.98,0.5845,10,,,0.488,12.05,1.31,0.547,,,,,True,434.0,9,3,0
adaf08a4-ccf7-4f28-9511-da3767fadcc1,Informal/Rural Worker,30116.83,0.3753,18,,,0.8875,4.08,2.62,0.8584,,,,,False,,26,3,0
060f7d07-595b-487f-bfe9-93c191764b78,Small Merchant,112009.0,0.4535,21,,,0.5071,12.43,1.28,0.5103,2.81,0.1943,16.73,-0.0629,False,,14,5,0
d6de672a-808a-47a2-a050-d41c44e59494,Informal/Rural Worker,27638.43,0.5692,15,,,0.6652,8.14,2.65,0.7937,,,,,False,,16,3,0
3106a06b-2255-408a-b1b4-f5eb535691e2,First-time Borrower,53741.84,0.2497,16,,,0.6648,6.51,,,7.87,0.1585,22.86,0.0599,False,,21,4,0
1c06d9b7-854f-4c7e-96c4-4dcc0b3eb319,First-time Borrower,83629.08,0.1658,22,,,0.8512,2.3,3.36,0.8607,8.58,0.1164,,,True,736.0,26,4,0
12ad1745-f7f5-4d76-93f6-c5d52ea30663,Informal/Rural Worker,25776.93,0.4911,12,,,0.733,8.33,2.49,0.8176,,,,,True,631.0,19,3,0
7e60566a-8414-43f3-82d3-b9fa0e4e9e09,Small Merchant,119448.5,0.3497,26,296346.49,0.8235,0.731,6.36,,,6.98,0.1357,,,False,,22,4,1
2969db91-3b68-45b1-8528-329bf8d6d6f7,Informal/Rural Worker,16855.11,0.4234,13,,,0.6988,14.25,2.08,0.678,,,,,False,,16,3,0
c92246ea-d9ba-4940-b477-caf2e463ad6b,Small Merchant,102033.91,0.3961,22,199562.93,0.6272,0.5402,10.17,,,4.51,0.1767,17.29,-0.0475,False,,17,5,0
02788404-4080-485c-ae58-823be4f8ecec,Informal/Rural Worker,20601.6,0.3495,19,,,,,2.34,0.7065,,,,,False,,19,2,0
a3293f9d-29ad-494f-b3df-ec00e3b3515e,Informal/Rural Worker,32141.25,0.4551,15,,,,,3.96,0.8377,,,,,False,,28,2,0
e1a94951-392b-4a72-83a1-4132e63a2789,Small Merchant,153313.39,0.1991,25,296478.25,0.7945,0.8253,0.0,3.06,0.8197,,,,,False,,25,4,1
5d980286-cb5b-47b8-8b83-e99879e99db9,Small Merchant,112473.33,0.3762,24,210830.79,0.7882,0.6016,6.32,,,5.25,0.1529,,,True,577.0,17,4,0
50406330-45a9-4d23-ada3-5089104896fd,First-time Borrower,81216.16,0.1841,26,,,0.8796,1.28,,,,,26.52,0.1528,False,,33,3,0
e9d18f65-b646-4eba-9fac-affd60f04618,Small Merchant,151864.87,0.3243,25,309969.89,0.7374,0.8314,5.96,,,7.97,0.1274,,,False,,22,4,0
2093aa10-8063-40a9-8a25-37d7002265ab,Informal/Rural Worker,17797.91,0.5734,13,,,,,1.73,0.73,,,,,False,,14,2,0
42fcddff-3721-4009-82c1-a58ac6a133b5,Gig Worker,40859.98,0.3258,24,,,,,2.63,0.7885,,,19.74,-0.0338,False,,22,3,0
f9003aae-15cf-4708-aa26-c120c6eb20ff,Small Merchant,83703.85,0.4876,25,143649.18,0.4926,0.5783,18.07,,,2.07,0.1652,,,False,,10,4,1
7c7acf59-d9f5-4c2e-ac1b-762e820b022c,Informal/Rural Worker,26822.22,0.3444,18,,,0.7068,1.27,3.19,0.82,,,,,False,,25,3,0
0d835495-e7d9-4780-b5c2-2cf1cedc2c7a,First-time Borrower,88626.63,0.1314,26,,,0.9437,0.44,,,11.15,0.1219,,,True,787.0,29,3,0
6b729307-f3df-4587-9305-947e55a4e153,Informal/Rural Worker,29244.06,0.2875,20,,,,,3.05,0.9003,,,,,False,,27,2,0
fc0b3bb9-a94c-48f0-891f-3d6e7613b4b9,First-time Borrower,51386.42,0.1682,20,,,0.6372,10.84,2.17,0.6146,,,,,True,633.0,17,3,1
835df389-769e-48b9-881a-f6736c8d6e42,Informal/Rural Worker,16886.39,0.5216,9,,,0.582,13.16,1.56,0.5285,,,,,False,,10,3,0
fd1bf598-808b-4464-8650-8e11766ab8bd,Gig Worker,24753.43,0.3713,16,,,,,,,3.89,0.2074,,,False,,13,2,0
bfbdfa8b-d341-469b-9207-04836817e5e2,Informal/Rural Worker,22121.93,0.447,10,,,0.6712,7.07,2.55,0.7182,,,,,False,,18,3,1
0a0d8e2e-059b-4814-a56b-e588ae74b9de,Small Merchant,140643.49,0.2686,25,296306.05,0.7141,0.6709,5.39,2.56,0.7684,6.25,0.1322,,,True,725.0,30,5,0
41f39076-9aa4-466b-a56d-da97213ca057,First-time Borrower,59471.29,0.2266,16,,,0.6604,9.54,,,,,18.83,-0.0028,False,,11,3,0
d2db5690-7b9d-4cf7-ba1b-9367c714d17b,Small Merchant,114578.71,0.3572,23,230911.24,0.6838,0.6608,10.87,1.75,0.7666,5.34,0.1727,,,False,,19,5,0
6f70f8c7-3413-46ac-813c-825b76924386,Small Merchant,129301.8,0.361,25,176586.46,0.7306,0.6915,8.36,,,5.29,0.2269,,,False,,24,4,0
eb457b79-da5e-4365-ad37-296dcfec2104,Informal/Rural Worker,22116.33,0.4924,15,,,0.6948,8.65,1.6,0.6516,,,,,False,,18,3,0
9a1e627c-bd2f-4550-8bc9-d8cc67db58a1,First-time Borrower,71657.49,0.1868,19,,,0.6911,10.74,,,,,,,True,632.0,21,2,0
6f60acb5-8eb6-4a44-8e1a-d00a02b37062,Gig Worker,25340.57,0.486,20,,,,,1.98,0.5211,,,,,True,496.0,10,2,1
f4af9c7e-7cd4-4b6e-a9dd-ef1f4e5ac833,Small Merchant,138859.5,0.2236,23,237687.02,0.6622,0.6422,12.73,,,5.11,0.1465,21.79,0.0586,False,,21,5,0
2637b6ba-77f8-44e7-b9ff-97fca4aadf81,Gig Worker,39730.63,0.351,21,,,,,2.2,0.8276,5.57,0.1081,22.06,0.1268,False,,23,4,0
56cf699e-7b2e-409b-b699-3e617e323254,First-time Borrower,69756.45,0.2021,26,,,0.7876,4.49,,,,,,,False,,27,2,0
28308312-1c13-4809-b042-23553dec3d5e,Gig Worker,28190.99,0.4242,22,,,,,1.61,0.5794,,,15.93,-0.006,False,,14,3,0
3f827986-468f-48f8-9cf0-7fe137c1cf31,Informal/Rural Worker,25031.1,0.452,19,,,0.7687,5.35,3.21,0.9106,,,,,False,,27,3,0
a78a5383-c6b6-498e-afb4-03fc6defab67,Informal/Rural Worker,21505.92,0.4382,15,,,0.8747,8.98,3.47,0.8129,,,,,False,,25,3,0
dfb1815e-5881-42c2-b134-2000acf49d18,Gig Worker,35350.41,0.5161,21,,,,,2.13,0.727,,,18.04,0.0081,False,,19,3,0
1796eda0-2308-4955-8080-1938489da6d3,Gig Worker,36461.82,0.3349,21,,,,,1.92,0.6232,,,20.19,-0.0271,False,,17,3,1
85ab683e-cc47-4e06-9bd0-7504de1b99e8,First-time Borrower,76046.48,0.1896,20,,,0.6983,6.27,3.37,0.7883,4.82,0.1515,,,True,691.0,22,4,0
ff900e88-d90f-4c03-a4ab-5c3f51fa1754,First-time Borrower,78865.86,0.1567,23,,,0.6776,3.28,,,,,,,True,658.0,22,2,0
28ce89fe-cc47-4b89-9e9e-edd5c64fef72,Gig Worker,29615.92,0.5567,20,,,,,1.52,0.5773,,,10.93,-0.0992,False,,9,3,1
7ce99fb8-46ce-4009-9fa3-985a0dadc875,Gig Worker,41846.05,0.4448,20,,,,,2.58,0.7448,7.06,0.1895,20.08,0.1013,False,,28,4,0
9e305412-23d9-4c44-b5d6-3fab868346af,First-time Borrower,60623.04,0.2232,19,,,0.6517,6.85,,,,,,,True,678.0,21,2,0
158db505-bfec-4d43-b7c1-0c715eb1c045,Small Merchant,138806.41,0.2743,25,330199.76,0.7413,0.7877,3.54,,,7.15,0.1078,,,False,,21,4,0
4f5b820d-558c-4109-a302-498fe0fbec5d,First-time Borrower,59064.22,0.1871,23,,,0.9332,3.95,,,,,,,False,,27,2,0
b6223e8f-64a0-46b4-876c-d6875732828e,Gig Worker,20802.88,0.4451,18,,,,,0.9,0.4862,,,16.18,-0.0787,False,,17,3,1
032eefb6-981c-472e-8562-683a914df7b9,First-time Borrower,33340.67,0.2964,17,,,0.5315,9.75,0.64,0.5136,,,,,True,452.0,7,3,0
7ebffe3d-281f-4cdf-81ad-896aeade9f14,Small Merchant,60248.86,0.4721,19,84255.11,0.4994,0.4389,17.75,,,,,,,False,,12,3,1
2dc6e8b3-32f8-446d-827d-e31dd81d7b36,First-time Borrower,47828.08,0.2411,14,,,0.5235,15.29,,,2.45,0.1993,,,True,523.0,15,3,0
4a8bc9e2-017e-4875-b8f8-90403105de8a,First-time Borrower,81596.06,0.168,22,,,0.9447,6.49,2.85,0.9292,,,24.67,0.1437,True,752.0,29,4,0
9732bd20-040a-4364-915f-5699a893f7f4,First-time Borrower,70963.21,0.2258,23,,,0.8186,8.39,,,,,,,True,722.0,24,2,0
448c8c46-c07a-4ed3-a7ad-a468346a43e4,Gig Worker,35052.37,0.2338,21,,,,,2.78,0.7995,7.17,0.1582,22.98,-0.0186,False,,28,4,0
6534a50f-823b-4a22-9fe2-07774675c7c9,Small Merchant,149498.0,0.3078,24,303150.96,0.7723,0.7036,7.36,,,,,,,False,,22,3,0
c0f9be4d-5885-491e-8576-792bf497294a,Small Merchant,79944.48,0.3094,22,249583.39,0.8316,0.5851,11.9,2.27,0.6345,5.87,0.1588,,,False,,18,5,1
0e87e562-951c-4693-a21f-23c591d6e120,Small Merchant,120820.78,0.4049,24,221109.99,0.6742,0.696,7.81,,,5.15,0.1524,,,False,,28,4,1
a2937ec3-1f33-47fc-b8cf-485c96fea534,Gig Worker,39925.18,0.3159,24,,,,,2.83,0.6925,7.85,0.0966,21.3,0.1155,True,723.0,21,4,0
318667f9-16da-4ce9-9013-3a209e8049d8,Informal/Rural Worker,9139.02,0.667,13,,,0.6092,13.78,2.23,0.5097,,,,,False,,13,3,1
4ff3d0da-9c10-4c4d-8199-9cfaa759ab30,Informal/Rural Worker,15970.44,0.5265,12,,,,,1.55,0.5255,,,,,False,,17,2,0
767ead92-368d-4db3-b3ec-640f45397ceb,Gig Worker,20787.75,0.4698,20,,,,,2.14,0.573,,,16.72,-0.0175,False,,19,3,0
9a38c9eb-107c-4f60-8eac-dc6fb6be9c5e,Informal/Rural Worker,17924.59,0.3668,13,,,0.6643,6.88,2.64,0.7198,,,,,False,,18,3,0
1ce3002c-4318-43e2-b14c-34e46183c992,Small Merchant,86922.7,0.4328,21,,,0.661,14.42,,,1.74,0.1438,,,False,,14,3,1
31f8476d-92e8-4bad-a2d6-d77f1bb7d8c0,Small Merchant,51499.43,0.4389,19,82028.34,0.4945,0.4915,18.01,1.2,0.4453,0.87,0.2295,,,False,,6,5,1
15672e92-f784-4d2c-befe-16e8541b5a6d,Informal/Rural Worker,17335.71,0.4168,15,,,0.7371,7.14,1.73,0.5112,,,,,False,,16,3,0
39bbf580-0f1f-4da9-af5f-61e3adbc4b6b,Informal/Rural Worker,23500.07,0.4999,15,,,0.6861,10.01,2.69,0.7454,,,,,False,,26,3,0
5931942b-9112-4e1b-af60-e09d7ac8536b,Gig Worker,30355.63,0.2519,22,,,0.6882,14.85,2.46,0.6009,6.21,0.1747,21.99,-0.0014,False,,17,5,1
ca6a8786-1fcf-43d9-80b6-3553c97aafa5,Informal/Rural Worker,21870.66,0.5104,15,,,0.5146,13.49,1.37,0.6364,,,,,False,,15,3,0
114e6836-260a-49b2-9f95-e711a736c134,Gig Worker,35791.94,0.4093,24,,,,,,,,,21.91,0.0875,False,,19,2,0
c70e0143-dab6-4e30-8510-3bae709c7365,Gig Worker,32606.47,0.3776,23,,,0.6234,11.14,2.43,0.646,,,14.89,-0.0319,False,,14,4,0
67b13847-f882-4644-a950-65ba7e54448c,First-time Borrower,43959.35,0.2645,14,,,0.5593,14.68,2.45,0.5333,5.01,0.2208,,,False,,12,4,1
50ff09e0-c530-4e81-84fe-bdb134664feb,Small Merchant,166056.3,0.2929,25,320411.84,0.8628,,,,,10.36,0.0888,,,True,778.0,28,3,0
880319ce-1986-48c1-81a4-bd9210b9f1de,Informal/Rural Worker,14575.01,0.5488,9,,,0.5567,15.94,1.35,0.5715,,,,,False,,11,3,1
b7b654f2-fecb-471e-9124-50c323d67e03,Small Merchant,86917.92,0.3919,23,239582.07,0.5904,0.4578,11.55,,,4.23,0.1778,17.64,0.0754,False,,19,5,1
38e39a52-4167-4fcf-a56d-2db980d5639d,Small Merchant,90769.06,0.3289,22,215320.16,0.742,0.7149,10.55,,,5.71,0.1531,,,False,,23,4,0
6fe8feab-6460-4628-8c00-5dc0d43ab119,Gig Worker,40876.27,0.2861,23,,,,,2.29,0.6382,,,17.04,0.0417,False,,26,3,0
2dbbc151-3ad8-4915-9df2-73827b784ddc,Small Merchant,181342.58,0.2192,24,346608.45,0.8695,0.9005,0.0,,,6.88,0.1247,,,False,,26,4,0
d5ee60e1-5f0d-4502-9168-c8f9b56ad134,Gig Worker,34235.76,0.3924,23,,,,,2.08,0.5744,,,17.76,-0.0378,False,,15,3,0
b9dd245c-5416-4f48-999d-987cb01cfe01,Informal/Rural Worker,18578.06,0.4678,9,,,0.6577,8.55,2.15,0.7041,,,,,False,,17,3,0
47eeb054-b805-464d-8fdc-cab745e0dadb,First-time Borrower,58160.09,0.26,20,,,0.6661,9.46,,,,,,,True,635.0,14,2,0
f50eee09-79a1-4e68-b70f-2df4b80238ed,First-time Borrower,53475.85,0.2217,22,,,0.7831,9.78,2.77,0.731,5.11,0.1584,,,False,,22,4,0
5d61a38c-b4ae-45c0-adde-5c459d30c3cd,Small Merchant,127989.23,0.3268,21,301471.49,0.6568,0.8165,7.38,,,,,,,False,,18,3,0
68dd8b09-77af-4883-bad6-8c8f7c4b232c,Informal/Rural Worker,20365.62,0.4557,12,,,0.5433,8.2,,,,,,,False,,13,2,0
41ae0f96-4693-4df0-be95-fbb17ddace24,First-time Borrower,59050.73,0.2274,17,,,0.7713,10.94,2.49,0.806,,,,,True,700.0,22,3,1
f94d8086-b583-42b4-ba37-05840d4a6227,Gig Worker,53001.56,0.275,23,,,,,3.31,0.8729,,,23.43,0.1402,False,,28,3,0
096edb4d-ac3d-4075-aa70-ac311fe98e6c,Informal/Rural Worker,15731.01,0.3376,13,,,,,2.68,0.69,,,,,False,,21,2,0
c7c04140-8e09-4423-8f10-f05ffc7e7004,Small Merchant,71963.96,0.4249,21,68349.14,0.4469,0.5275,15.35,,,0.99,0.2298,,,False,,6,4,0
c0fff9c5-77ba-480a-9aec-451ed3a65a4d,Small Merchant,129374.47,0.3364,24,313306.27,0.6909,0.7528,10.31,,,3.81,0.174,,,False,,20,4,1
4a73c8a4-5df2-4971-b2d4-b7094af8d855,Gig Worker,36644.02,0.3903,23,,,,,,,,,23.46,0.1552,False,,21,2,0
6ac3070b-f093-436d-9ed3-0d46b2bea3e5,First-time Borrower,67779.1,0.115,22,,,0.7209,6.95,2.2,0.6149,,,,,True,694.0,21,3,0
86e7705b-142a-4e96-ae82-9c30bab0127b,Gig Worker,44871.16,0.351,23,,,,,2.63,0.8895,7.09,0.0826,21.3,0.1535,True,722.0,21,4,0
e462e0e2-859e-4b06-bee7-014e57d66f5b,Gig Worker,45090.63,0.3055,26,,,,,,,,,19.01,0.096,True,663.0,20,2,0
6659e677-5e67-4e69-bb69-7efea6146f24,Informal/Rural Worker,18345.83,0.3992,11,,,0.7198,6.67,1.93,0.6594,,,,,False,,18,3,0
5286ff40-dd74-4778-9f3a-699e98e6e014,Informal/Rural Worker,14919.2,0.5927,8,,,,,1.56,0.4396,,,,,False,,19,2,0
60431cbf-1083-4b86-bb08-634587a85f61,Gig Worker,29881.64,0.4072,20,,,,,1.69,0.4768,,,17.32,-0.093,False,,16,3,0
8224b70e-324b-40aa-8ed7-96ca45a295ff,First-time Borrower,62723.78,0.1983,23,,,0.6401,7.29,,,,,,,True,557.0,16,2,1
6953fd49-1e1d-4545-a337-3e527ac7b121,Gig Worker,21606.6,0.4724,19,,,,,1.35,0.4119,,,13.04,-0.0778,False,,10,3,1
e5a42c6a-b1f7-481f-ba28-ff09c5a0f856,Small Merchant,165945.21,0.2472,28,357957.94,0.8425,0.8521,5.46,2.81,0.8375,7.36,0.1168,,,False,,23,5,0
606ef6d9-0adb-42f8-a35e-03dd4b243df5,Gig Worker,18956.66,0.4432,20,,,0.5742,10.63,1.12,0.4688,,,15.36,-0.0927,False,,13,4,0
d8a411df-2c59-46a7-823d-c02e1361b1cf,Small Merchant,67351.16,0.4083,21,,,0.6779,7.93,,,5.68,0.1646,,,False,,17,3,1
7007e9f9-623c-437f-a322-57a99e154562,Small Merchant,130253.83,0.3014,26,373450.64,0.8978,0.7984,7.99,3.15,0.7027,7.09,0.1697,,,False,,21,5,0
d391cb97-23f0-4e05-ab67-e6b8f5574685,Gig Worker,27652.67,0.4802,19,,,0.6188,12.36,1.28,0.582,,,14.97,-0.0769,False,,11,4,0
db4f86c1-949b-455f-a653-876a46b96225,Small Merchant,116175.91,0.3382,24,271058.33,0.6813,0.713,10.83,,,6.68,0.1961,,,False,,15,4,1
80f27b95-f608-48eb-a5ff-cb950bcf6ee5,First-time Borrower,71424.84,0.1401,26,,,0.9348,4.34,2.87,0.8862,,,,,True,762.0,26,3,0
88d3ff01-31ad-46bc-811c-800246e0186e,Informal/Rural Worker,15567.44,0.6566,11,,,0.5012,14.0,2.42,0.567,,,,,False,,10,3,1
81178078-a5d9-4277-9bf0-f78e9bb27dc4,Informal/Rural Worker,15751.31,0.4397,13,,,0.6248,9.18,2.0,0.6622,,,,,False,,16,3,0
e7710cb5-90b9-400d-beec-b1c0bf91d865,Informal/Rural Worker,20579.73,0.4838,12,,,0.6371,10.94,1.6,0.5546,,,,,True,517.0,18,3,0
66baf595-b571-49eb-8508-ce484769b89b,Informal/Rural Worker,28632.25,0.3121,16,,,0.8811,3.21,2.6,0.6746,,,,,False,,25,3,0
57168b9e-3804-4b80-924d-8242769975bf,Small Merchant,103633.29,0.3647,21,227319.13,0.6139,0.6468,9.0,,,4.15,0.1681,18.79,-0.0605,False,,16,5,0
239b4cd1-dc81-4bf1-9870-5e6ca9b8c321,First-time Borrower,48979.67,0.2788,17,,,0.7051,12.51,1.57,0.6186,3.37,0.1957,,,True,573.0,13,4,0
4ad51be5-ae9a-479c-ab74-c020afd803c7,Small Merchant,156334.75,0.2553,25,319543.92,0.8689,0.8221,4.87,,,7.23,0.1496,,,True,685.0,25,4,0
d9f099b4-efc8-4bd5-baee-e76dfc322f79,First-time Borrower,48872.48,0.2639,17,,,0.6287,10.51,,,4.86,0.2167,,,False,,16,3,0
ffe69b20-3b0e-486d-a6a5-1b8fc03dfcdd,Small Merchant,59872.84,0.4425,21,188809.6,0.5799,0.5576,16.24,,,3.76,0.2573,,,False,,7,4,1
0d0d3c36-c3b6-490b-90e2-d74a10748233,Gig Worker,30315.41,0.447,21,,,,,1.7,0.5863,,,15.8,-0.0401,False,,16,3,0
34eaca74-3964-4bb4-9bb6-465df3179e57,Small Merchant,123904.65,0.3355,26,206389.01,0.6625,0.7096,9.49,,,6.08,0.1687,,,True,589.0,14,4,0
ead88263-96a1-40fa-8ea6-a365cc8772b7,Gig Worker,17141.16,0.5015,19,,,,,1.68,0.5376,3.55,0.2222,11.44,-0.0329,False,,8,4,0
78585804-7f78-431c-8051-085eb3567688,First-time Borrower,41649.92,0.2948,13,,,0.4597,14.98,,,,,,,True,466.0,10,2,1
e4b7bc64-bf0b-4844-9d84-bd971a9a9242,Small Merchant,173811.8,0.3257,25,360262.53,0.8015,0.8315,1.08,,,6.97,0.1468,,,False,,21,4,0
b36d1d7b-51e9-461c-b6bc-2b2c813af6e7,Small Merchant,75505.14,0.3612,24,164755.58,0.6675,0.5113,15.79,,,,,,,False,,14,3,0
cb718196-b43e-474e-b333-fb08ad52aec7,Small Merchant,137894.44,0.313,23,313364.11,0.6925,0.7444,7.68,,,6.96,0.1689,,,False,,23,4,0
c15e5155-3e00-4974-9bd1-bf9e2d281b13,Informal/Rural Worker,23165.17,0.4679,16,,,,,2.32,0.6911,,,,,False,,26,2,0
8553bd9f-1f63-43ff-8766-2f2e88c6b1ef,Informal/Rural Worker,28628.83,0.2908,14,,,0.8104,4.88,3.46,0.8765,,,,,False,,30,3,0
531dd556-5382-4b02-afa7-2b75df3dd633,Gig Worker,37732.77,0.4408,24,,,,,2.81,0.7836,,,20.11,0.0185,True,621.0,23,3,0
44645369-dee1-4c2b-9c22-77af2827655d,Small Merchant,127797.75,0.3781,24,277413.04,0.712,0.709,11.52,,,3.41,0.1735,,,False,,16,4,0
a8f87cbd-d44e-4735-afdb-750adad73353,Informal/Rural Worker,18929.12,0.3748,14,,,,,1.8,0.687,,,,,False,,18,2,0
d4d8c9be-0bd5-47fb-91b8-e5e023572002,First-time Borrower,33066.72,0.2438,19,,,0.5534,12.28,,,,,,,True,625.0,14,2,0
8bbcf5e9-f1ba-4f66-81d2-540e958def3c,Small Merchant,105003.87,0.3355,22,217156.75,0.6011,0.6179,12.42,,,,,,,True,577.0,9,3,0
a12e3be2-4db5-4f99-a99e-e829ad9c57cc,First-time Borrower,64026.75,0.1287,19,,,0.6582,5.69,,,,,,,True,671.0,21,2,0
a5d89d56-9bc9-451e-979b-b461110d65c4,First-time Borrower,73972.89,0.2193,18,,,0.7262,6.81,2.46,0.7555,8.45,0.1096,,,True,651.0,25,4,1
f85b8a4c-67b9-4929-8863-724b1e788fcb,Small Merchant,91637.75,0.5053,20,114614.16,0.5635,0.5749,13.49,,,2.6,0.2301,,,False,,11,4,0
42aa5e2b-519b-4e76-aa42-b5a809ed0010,Small Merchant,145057.72,0.2701,25,297986.42,0.7884,0.7191,7.07,,,6.24,0.1929,19.6,0.1005,False,,22,5,0
54729894-89a2-43c8-bdba-0f9d02fa612f,Gig Worker,27096.79,0.3574,21,,,,,1.98,0.5687,5.12,0.1524,18.24,-0.0376,False,,20,4,0
22967785-0df3-47e7-a8af-883872c72729,Small Merchant,183718.11,0.1904,27,387463.38,0.8455,0.8046,2.68,2.93,0.8111,8.12,0.098,,,False,,27,5,0
a0531896-247c-486a-95a5-5aa76445829a,First-time Borrower,58111.46,0.2144,18,,,0.6437,8.52,2.23,0.8012,,,,,False,,20,3,0
54d94a0d-0597-40b9-837f-dcfc62ab6223,Gig Worker,22266.98,0.6426,17,,,,,0.93,0.4072,3.2,0.1944,,,False,,13,3,0
e4cb6c94-ab14-445f-9ac0-69a3dc6b0297,First-time Borrower,72766.18,0.181,17,,,0.6219,5.44,,,,,,,False,,21,2,0
04aad691-1c80-4223-9a03-d3b0cccd07ac,First-time Borrower,35465.94,0.2368,17,,,0.563,11.87,,,,,13.16,-0.1147,True,497.0,15,3,0
83f526a8-a8cc-4231-9a47-95cc92ea0737,Gig Worker,17809.87,0.4888,17,,,,,1.74,0.5869,3.33,0.1827,10.57,0.0383,False,,13,4,1
2f1e5b29-0384-4553-b4c3-e92943087955,Small Merchant,132149.37,0.333,22,242083.89,0.6406,0.67,5.69,,,4.55,0.1594,,,False,,20,4,0
d25a3638-d1c0-4914-bbde-a4f678b08ead,Small Merchant,81618.63,0.4639,21,162852.19,0.6741,0.4627,12.62,1.98,0.4894,4.69,0.2173,,,False,,15,5,0
95ae665b-e5eb-4361-b8d0-f050176bbabf,Gig Worker,36148.15,0.435,24,,,,,2.34,0.733,,,20.26,0.0127,False,,20,3,0
8902b43a-0c41-4217-af63-3d7bedaade38,Informal/Rural Worker,19084.96,0.4775,13,,,0.6598,7.21,2.7,0.6561,,,,,False,,15,3,0
87cec2e7-61cd-435b-a7fe-96ac43533865,Informal/Rural Worker,18841.28,0.5872,8,,,,,1.82,0.6485,,,,,False,,15,2,1
711b1130-3a6b-4051-93b9-5cd60a4a4214,Gig Worker,30566.73,0.3656,21,,,,,1.79,0.735,,,19.22,-0.0268,False,,19,3,0
bd980cf2-2874-4d05-b2b6-8ab68cdbdcb0,Informal/Rural Worker,17344.65,0.468,11,,,0.5601,12.71,1.76,0.6131,,,,,False,,10,3,1
94b7f797-68af-4f11-a437-f9abcb45be11,First-time Borrower,58870.46,0.2096,19,,,0.6381,12.77,,,,,,,True,602.0,20,2,0
81fa68bc-f1f9-4dc6-abc2-01dca5a67163,Small Merchant,41932.96,0.5408,22,116979.94,0.4269,0.3558,16.84,,,2.23,0.2344,,,False,,11,4,0
30a49ea8-56fa-482f-bdc9-0e8804f072b8,Small Merchant,75665.89,0.487,19,66514.55,0.5127,0.3534,17.88,,,,,,,True,508.0,10,3,1
4708b52e-894e-4cd4-ae3b-cd5fe59fe5ec,First-time Borrower,66068.85,0.1167,21,,,0.8228,6.22,1.99,0.7417,6.26,0.1854,,,True,635.0,24,4,0
b9f0a715-e76d-4639-85c1-80ba4e8fe231,Small Merchant,134533.47,0.2487,26,332095.37,0.8947,0.7424,8.34,2.97,0.885,9.3,0.179,,,True,736.0,29,5,0
71e506fe-f25d-45f0-ab2f-91184be179d8,Gig Worker,41105.44,0.3688,24,,,0.7426,6.97,2.38,0.6016,,,,,True,654.0,24,3,0
8bacb070-3046-4fd7-b430-38b354f22550,Small Merchant,81973.93,0.5245,21,125113.32,0.493,0.4898,10.23,,,2.99,0.2508,,,False,,19,4,0
4bf6a807-bc0c-4751-95c1-8770389ceb88,Small Merchant,85031.21,0.3926,20,194311.35,0.4685,0.7005,7.98,,,5.07,0.2696,,,False,,13,4,1
1c8076cb-4a5f-4bd1-9caf-0f4bb10dc131,Gig Worker,32589.3,0.3031,21,,,,,2.17,0.4387,,,15.0,-0.068,False,,11,3,1
f63ce2a8-09b0-48be-92af-7a9be9dde49d,Informal/Rural Worker,14392.75,0.6408,13,,,0.5467,9.62,2.01,0.5939,,,,,True,558.0,13,3,0
fd3835b3-fe75-4f68-89f9-7a3d44ce1aca,Informal/Rural Worker,18125.31,0.4742,11,,,,,2.32,0.5658,,,,,False,,10,2,1
e8f3172b-9c5a-410e-af48-5404ad121f65,Small Merchant,193499.29,0.2771,27,373784.93,0.9024,0.8711,1.62,,,9.92,0.046,,,False,,28,4,0
e52cf87a-6d08-418a-99a0-d42f77da5b6d,Small Merchant,172702.3,0.2808,27,330150.66,0.7661,0.7388,3.62,2.4,0.7337,7.54,0.1075,,,False,,21,5,0
8e83b5a6-1d07-474a-9bed-968c507b4346,Gig Worker,35143.84,0.3687,24,,,,,2.21,0.641,,,20.4,-0.0653,False,,18,3,0
8b4f6ed5-1385-4a71-9dc2-4bcd3d0a8c56,Small Merchant,108903.23,0.3391,22,280823.52,0.7487,0.702,10.93,,,4.86,0.1183,,,True,583.0,19,4,0
435e785c-56e8-46c2-8f36-d84b6f141cb8,Informal/Rural Worker,24261.09,0.4678,16,,,0.6914,9.64,2.54,0.7493,,,,,False,,20,3,0
1e400915-c798-4dd7-8f99-a1c12bd30590,Small Merchant,79338.61,0.3796,18,,,0.4543,14.68,,,,,,,True,519.0,12,2,1
0144077f-95ca-415f-a091-1756984a734f,Small Merchant,114948.39,0.4271,22,217655.9,0.7017,0.723,8.95,,,5.46,0.1826,16.93,0.0131,False,,16,5,0
b4891cb4-2f16-4a33-a0bc-2b4613ded963,Informal/Rural Worker,35673.71,0.3402,19,,,0.8419,1.45,2.92,0.8713,,,,,False,,26,3,0
0c61607a-378e-4d44-a232-9b6ff6838ace,Small Merchant,112451.55,0.4011,21,200385.94,0.6831,0.7195,9.77,1.67,0.5186,,,,,False,,17,4,0
70d42d45-1ea1-452c-b24a-5aca69631f45,Small Merchant,84632.29,0.4461,19,113491.63,0.62,0.5822,14.53,,,3.63,0.1868,,,False,,14,4,1
aafb13b5-9609-4ff3-831b-0085b74ee08b,Small Merchant,75470.02,0.3389,24,186737.51,0.6887,0.6088,7.85,1.77,0.6032,4.75,0.1679,,,True,599.0,15,5,0
c776f5b0-4b52-4720-b1d6-e2165940852e,Small Merchant,116848.6,0.3747,23,276300.66,0.7599,0.7063,7.51,,,5.13,0.1691,,,False,,21,4,0
8f4a096e-4e92-42d7-8989-a399e23ffadb,First-time Borrower,40215.53,0.183,17,,,0.5505,12.19,1.99,0.5558,,,16.75,0.0364,False,,17,4,0
023cd164-90b9-40ce-91d1-d0b626bfc019,Small Merchant,137749.51,0.2729,23,326174.66,0.7834,0.7895,8.57,2.66,0.8502,7.54,0.1799,,,False,,24,5,0
d109b085-53c5-4fa2-9a94-0462c74060c5,Gig Worker,25150.02,0.5909,20,,,,,1.64,0.5067,,,15.23,-0.005,False,,9,3,0
1b5b546a-15b6-41b5-a5bc-5bb7b4d67e38,Gig Worker,36161.01,0.289,25,,,,,2.0,0.6919,,,20.0,0.049,False,,18,3,0
e8cdd810-f5f3-4fe0-9326-91d69dc10df4,Gig Worker,37913.85,0.3542,23,,,,,2.74,0.8373,6.92,0.1483,20.18,0.1677,False,,20,4,0
75ffae0e-794d-4ab2-bbee-f621331efe7b,Small Merchant,118562.91,0.4267,22,185353.73,0.6791,0.485,11.02,,,3.88,0.1325,,,False,,11,4,0
fff969cf-c808-4040-9f9b-dc5fe275bb7d,Small Merchant,141872.37,0.2083,24,284115.17,0.7772,0.7421,8.96,2.43,0.6372,5.14,0.1825,,,False,,19,5,0
6ce69c75-335d-4b05-ba12-6d5f2e5361d8,Informal/Rural Worker,22625.21,0.5089,13,,,0.8126,7.2,2.58,0.6875,,,,,False,,22,3,0
32e3d117-08a3-4d59-b172-ca9b74392d62,First-time Borrower,40196.8,0.2715,11,,,0.544,14.19,2.17,0.4986,2.94,0.231,,,False,,13,4,0
cff066b0-9911-4144-a47f-9f30f1545cec,Small Merchant,97936.07,0.3454,22,218499.22,0.6445,0.7719,10.21,,,4.83,0.2051,,,True,561.0,13,4,1
83a689c0-53b4-4e4c-85a6-8c190e7a6f70,Small Merchant,98654.66,0.3386,22,,,0.6437,10.94,,,5.47,0.1715,,,True,694.0,20,3,1
958a5ac6-6d3d-489c-80c3-8ab312e79a86,Informal/Rural Worker,17993.17,0.4839,11,,,0.5857,7.6,1.91,0.6804,,,,,False,,20,3,0
a57880e9-c2ed-491e-9060-41d05d067bf7,First-time Borrower,88344.31,0.1252,26,,,0.9194,4.14,3.32,0.9892,,,,,True,762.0,27,3,0
c0db30d8-d3de-4447-9647-2cf5c91be0f6,Informal/Rural Worker,17727.6,0.543,20,,,0.6961,9.89,2.7,0.6485,,,,,False,,22,3,0
f94226d8-0f5c-4e51-9d53-e1cb67056cdb,Small Merchant,118186.89,0.2748,20,263350.02,0.6195,0.7594,7.63,1.57,0.6169,,,,,False,,17,4,0
e6533532-82ac-4642-b78b-4cc16a7140cf,Gig Worker,31571.2,0.3345,23,,,,,2.07,0.7001,,,15.89,0.153,False,,14,3,1
f30cf9a1-b6d5-4e8a-b003-29f688d22b57,Informal/Rural Worker,15898.48,0.5589,11,,,0.5042,10.95,2.06,0.5843,,,,,False,,11,3,0
462554b8-bbc1-45f4-9fa0-73427bc55312,Informal/Rural Worker,23157.96,0.5035,13,,,0.7666,7.97,2.85,0.7002,,,,,False,,19,3,0
5b36042a-0770-4aaa-8811-07483881bbb6,Informal/Rural Worker,28109.28,0.3366,18,,,0.8059,5.32,2.76,0.7674,,,,,False,,30,3,0
047dea7a-2167-40dc-95c6-0aa7e9e37c97,Small Merchant,100956.42,0.3074,22,200280.72,0.5796,0.6128,9.92,2.26,0.5876,4.83,0.1578,,,False,,16,5,0
32481037-f101-4a53-be1f-9a3bdc41ca0f,Gig Worker,22969.04,0.4241,18,,,,,1.61,0.5215,4.39,0.2039,13.83,0.0591,True,513.0,10,4,0
1602474d-491f-4af3-a217-aaceb2b7523c,Gig Worker,34827.94,0.3054,23,,,,,2.97,0.7007,,,20.45,0.1545,False,,22,3,0
412f8c5d-1d7b-4eb9-99c3-101478958bb8,Informal/Rural Worker,18200.75,0.4629,18,,,0.6945,10.33,,,,,,,False,,17,2,0
f26d878b-5c25-48b6-aedd-850186e840ef,Small Merchant,156607.92,0.2745,26,277917.83,0.8382,0.8255,3.93,3.16,0.7718,6.86,0.1405,,,True,721.0,23,5,0
ffdd77ac-dbae-492b-8a41-92d75c1e8307,Informal/Rural Worker,29872.93,0.3024,21,,,0.9439,2.81,3.24,0.8575,,,,,False,,30,3,0
3a03982a-5def-4cca-b0b2-37d881a40719,Small Merchant,158793.05,0.2576,25,348404.55,0.775,0.8326,4.33,2.57,0.8053,8.16,0.1212,,,False,,28,5,0
9e7ed4ad-a2e8-47cf-97c1-3a19665f2213,Informal/Rural Worker,20867.24,0.3949,15,,,0.6709,6.2,2.93,0.6724,,,,,False,,19,3,0
cf47573a-5d0d-4238-bde4-323ad16308cb,Gig Worker,40073.61,0.4201,23,,,0.7721,7.87,3.2,0.8033,,,20.82,-0.0482,False,,17,4,0
a4ebaa34-212f-4787-991a-a5557034d851,First-time Borrower,72348.36,0.1753,23,,,0.7696,5.09,,,,,,,False,,23,2,0
1c485de8-ae02-4b51-9f4a-6139cdb24c3a,First-time Borrower,84812.53,0.1329,24,,,0.8193,0.0,2.83,0.9699,6.75,0.0721,,,False,,31,4,0
ae503ced-306c-4cd5-8a69-b68c03e2e68c,Small Merchant,118104.66,0.3077,24,256396.63,0.6976,0.5464,12.26,,,4.61,0.171,,,False,,12,4,1
647d5c84-34f2-4196-a2e5-7cac35aa1d0f,Small Merchant,161035.39,0.3042,26,267390.39,0.7574,0.8836,9.4,,,6.55,0.1495,23.68,0.1121,False,,21,5,0
6cd640ce-ba58-45c1-b8a2-27f530957f6d,First-time Borrower,40004.13,0.2912,19,,,0.4801,15.06,,,,,,,True,526.0,12,2,0
4c44b000-6e9a-4d5f-a0f0-eb652d25839c,Small Merchant,129487.79,0.2839,26,218994.83,0.6955,0.6837,9.33,,,,,,,False,,20,3,0
72f5d42d-0a62-4b14-8216-d926748533af,Informal/Rural Worker,27126.68,0.2679,18,,,0.8516,3.26,3.35,0.9202,,,,,False,,31,3,0
3178a325-9fff-42a2-abef-b3b5cbba9291,Gig Worker,51688.39,0.2687,26,,,,,3.35,0.8644,,,25.21,0.1326,False,,31,3,0
ef91170d-ccda-4f1d-9997-33d6a8371a9f,Informal/Rural Worker,17292.12,0.475,14,,,0.6561,8.39,2.24,0.7171,,,,,False,,19,3,0
3f3ca8c0-5042-49f0-b8f1-c568cb3ab5e5,First-time Borrower,55916.37,0.1655,21,,,0.7079,9.37,,,,,,,False,,19,2,0
40edea6c-0311-4ee7-b628-a9add1180439,Informal/Rural Worker,20463.62,0.4364,15,,,0.7029,7.34,2.12,0.7587,,,,,False,,24,3,0
06e7c102-d47b-4dea-a435-1b63556dcedc,First-time Borrower,43562.52,0.2368,12,,,0.5389,9.74,1.72,0.5826,1.07,0.1869,,,True,570.0,15,4,0
60661d2e-4aee-4d75-877d-472e5858841e,Informal/Rural Worker,20915.65,0.5594,12,,,0.6646,13.81,1.98,0.6617,,,,,False,,15,3,1
e379f38c-2e14-4f71-972d-f53edadb0b56,First-time Borrower,47709.78,0.2755,14,,,0.5387,12.48,,,,,,,True,500.0,11,2,0
540b0c60-8def-4b38-a001-a2b747fead4b,Informal/Rural Worker,16609.24,0.6257,10,,,0.5806,14.22,1.28,0.4868,,,,,False,,9,3,0
ec5de49e-479d-44bc-be5f-7c54b1658b10,Small Merchant,195172.97,0.1947,27,285692.58,0.8646,0.7892,7.48,,,5.45,0.1295,,,False,,28,4,0
11c3b20c-e6a3-4f96-b599-d306b65da61f,First-time Borrower,54159.2,0.2086,18,,,0.669,8.83,,,7.01,0.1559,19.44,0.0425,True,567.0,18,4,0
4dd2cf7c-0d23-4c49-9775-e96b935871b3,Informal/Rural Worker,17296.26,0.6237,13,,,0.424,13.95,1.46,0.5627,,,,,False,,8,3,0
0be2e3cb-12c3-4462-a198-ff14944a9432,First-time Borrower,82918.72,0.0824,25,,,0.8653,3.7,,,9.19,0.0837,,,True,769.0,29,3,0
7de994d9-a8e8-4003-a884-683641e0c1f7,Informal/Rural Worker,27168.97,0.4477,19,,,0.8123,7.8,2.68,0.8018,,,,,False,,25,3,0
7385c959-d1d1-4108-9544-24dcc23e15bd,Small Merchant,80623.45,0.3815,24,194846.76,0.5752,,,1.86,0.4805,4.18,0.2103,,,True,542.0,15,4,0
fd8770d6-bc7d-4aad-a0cc-d083eaa268b5,Small Merchant,156705.55,0.3001,24,,,0.66,7.65,,,5.64,0.1451,,,False,,20,3,0
b806e814-21dd-401a-a289-2997794b0278,Small Merchant,96047.11,0.4402,22,232446.35,0.6422,0.6585,11.38,,,4.77,0.2664,,,False,,12,4,0
f9a301c3-29fa-4eef-9edd-2643be6b0055,Small Merchant,157830.68,0.3021,23,375534.4,0.905,0.8611,9.11,3.56,0.842,9.21,0.0965,,,False,,30,5,1
e522dd2e-92df-45cd-a625-3e7fe1211c58,Gig Worker,31883.71,0.3864,22,,,,,2.19,0.6344,,,19.59,-0.0274,True,619.0,16,3,0
ae81d2bf-98d2-4e77-b567-4081fcca3fd5,First-time Borrower,64288.27,0.2094,21,,,0.8201,6.51,2.95,0.8553,,,,,True,764.0,24,3,0
20994d3d-9fcd-4da7-8b4e-71de9751c6e0,First-time Borrower,74657.35,0.1921,24,,,0.891,7.55,,,,,,,True,715.0,27,2,0
3ed63bdf-cc84-4936-8e6d-88a8e0e9ef92,First-time Borrower,59691.53,0.2316,22,,,0.6798,5.64,,,7.63,0.184,,,True,683.0,16,3,0
a3a70413-aff7-4a89-8388-6c3bf9439384,Gig Worker,44282.85,0.2176,25,,,,,,,,,23.18,0.1388,False,,23,2,0
cac6609e-4ae4-4cb2-bd7d-03c86483be95,Gig Worker,20540.52,0.4779,23,,,0.5992,15.93,1.53,0.4947,,,,,False,,11,3,0
b7256979-7936-46f9-abd5-d54d333ff34b,Informal/Rural Worker,17531.97,0.3781,10,,,0.6668,8.0,3.0,0.678,,,,,False,,16,3,0
c70470e2-96bc-4df7-aaf9-9e6168478bdc,First-time Borrower,67832.38,0.1677,24,,,,,2.9,0.7244,8.68,0.1077,,,False,,21,3,0
6bb98eea-3cbd-4fd9-b27f-4788318d69c2,Informal/Rural Worker,24521.44,0.3349,14,,,,,2.64,0.7514,,,,,True,765.0,26,2,0
2863419d-56d7-4e08-bb30-fd1f6103a6f0,Informal/Rural Worker,28188.31,0.3337,19,,,0.7933,6.4,2.88,0.8476,,,,,False,,24,3,0
4e6f8044-34c3-432c-83f5-84f9752dd556,First-time Borrower,29723.4,0.266,15,,,0.4523,17.47,,,,,,,True,455.0,5,2,1
b398fab7-ac96-44c9-bc8f-217ada6534a2,Small Merchant,95430.55,0.3121,25,245066.56,0.8471,0.7413,8.09,2.14,0.7372,8.16,0.1741,,,False,,21,5,0
503f7c85-fc3f-4574-8abf-791630d0c51a,Small Merchant,108685.54,0.4742,19,157045.97,0.6646,0.6931,11.2,,,4.67,0.1763,14.56,-0.0633,False,,12,5,0
8d5188c8-6d63-4eda-a00b-4512075d0d4f,First-time Borrower,43835.55,0.2352,11,,,0.4307,12.14,1.03,0.4746,,,10.99,-0.0677,True,457.0,10,4,0
bbee1163-2d0f-410a-8082-2069a6d46ef3,Informal/Rural Worker,24253.28,0.3328,16,,,0.7934,8.04,2.9,0.7233,,,,,False,,22,3,0
50c7639a-4cf1-4ee9-b05d-606a4d2264c1,Informal/Rural Worker,16320.07,0.5668,11,,,0.5536,15.16,1.07,0.5031,,,,,False,,12,3,0
fb48f1f5-ace2-4489-be5c-43ccc0f7f931,Informal/Rural Worker,15971.47,0.4035,15,,,0.8222,7.22,1.94,0.6519,,,,,False,,19,3,0
135d96f5-56a8-4dfc-afcc-cb84a7fbde19,Informal/Rural Worker,16954.86,0.4798,14,,,0.5876,12.07,1.4,0.6054,,,,,False,,16,3,0
2b445f4d-6f19-4d4d-9c26-37fbac73180f,First-time Borrower,65892.47,0.1694,23,,,0.7773,4.29,,,5.79,0.0969,,,False,,25,3,0
9615cb14-babe-42d5-9b17-55edfe86c741,Informal/Rural Worker,18737.4,0.4084,15,,,,,2.75,0.7393,,,,,False,,17,2,0
92298518-a10d-49f2-a969-91ce28801bba,Informal/Rural Worker,20613.73,0.3936,14,,,,,2.1,0.6665,,,,,False,,21,2,0
6a99a9c7-434e-4ef2-b200-e2a8c16dac19,Gig Worker,29339.06,0.4624,20,,,0.5446,11.36,1.79,0.6433,4.04,0.2001,15.24,0.052,False,,16,5,0
586855c8-bd6e-4815-85ee-8a16d3aec77b,Informal/Rural Worker,27588.64,0.4977,21,,,0.8834,5.24,,,,,,,False,,33,2,0
0c5f9e5f-2471-4291-ac74-2456c1ba3ed8,Gig Worker,25358.49,0.4456,17,,,0.4559,15.23,1.06,0.5207,,,17.5,-0.052,False,,13,4,1
569a45fb-1507-40f7-b50c-f878e3f12287,Gig Worker,17380.51,0.3282,21,,,,,1.78,0.5066,4.63,0.1952,12.76,-0.1288,False,,13,4,0
97dfb50c-aee7-48e1-865c-624248725c3f,First-time Borrower,55292.0,0.2154,15,,,0.5853,13.86,2.12,0.5212,,,,,True,492.0,21,3,0
15dc15d8-1c2f-4efb-87f0-42e4a062f605,Informal/Rural Worker,12797.94,0.5884,11,,,0.6194,13.38,2.35,0.4354,,,,,False,,13,3,1
464b67ed-784a-466c-a7f2-e424ef587626,Gig Worker,22947.49,0.6238,18,,,,,1.27,0.5323,,,11.95,-0.0837,False,,4,3,1
a07726b0-e2b8-46ce-bf61-ff669c8aed99,Informal/Rural Worker,21955.33,0.4354,15,,,0.8211,2.85,3.06,0.7265,,,,,False,,27,3,0
de0d48bc-7205-466c-beaf-0ad3d65b9c4a,Informal/Rural Worker,23578.8,0.5001,15,,,0.7499,3.22,3.41,0.864,,,,,False,,22,3,0
f899e142-0ccf-487a-9d28-168069858e50,Informal/Rural Worker,14710.83,0.4964,10,,,0.7048,7.52,2.09,0.6934,,,,,True,590.0,14,3,0
5808c953-836d-4a4d-bd13-b7744b7c5cb1,First-time Borrower,64699.76,0.1922,17,,,,,,,5.38,0.1798,,,True,572.0,17,2,0
31cc654a-2b90-49af-a15f-f25610e2f830,Small Merchant,70462.27,0.4034,22,228529.72,0.6689,0.5022,10.25,,,4.99,0.2343,18.99,0.0148,False,,18,5,0
0ad2b345-f1b8-44d1-b0b7-664ca19335a6,Informal/Rural Worker,29896.27,0.5196,15,,,0.8691,4.34,2.45,0.7264,,,,,False,,24,3,0
6d81f593-08bb-4ab1-992e-ac99fcd3c0fe,Informal/Rural Worker,9154.11,0.6705,10,,,0.4954,18.92,1.35,0.4434,,,,,True,506.0,5,3,0
6e69b5eb-4312-4152-a90f-fd63af2cbf5d,Informal/Rural Worker,15208.3,0.5082,14,,,0.5108,13.88,1.83,0.564,,,,,False,,16,3,1
8fea4fa8-ac40-457d-bbf5-28f78b510bb7,Small Merchant,114285.48,0.4654,21,190242.96,0.6327,0.6446,10.98,,,5.14,0.2137,,,False,,17,4,0
98786377-896c-4551-a088-76c7b16858d4,Small Merchant,99626.21,0.3511,23,259293.18,0.7975,0.6008,9.34,,,5.53,0.1512,,,True,605.0,15,4,1
85b241f8-fb71-4d8b-83c6-2ecab4b5f7e1,Small Merchant,156462.99,0.2531,24,306052.14,0.7636,0.643,8.08,,,4.33,0.1419,,,True,676.0,26,4,0
c7de9b14-f0bf-4325-bdd4-6f319d66bb3a,Informal/Rural Worker,20314.55,0.631,11,,,0.668,12.84,,,,,,,False,,7,2,1
7f7f7d4b-7877-4500-8ad6-abaf5bb4679b,First-time Borrower,72329.28,0.151,20,,,0.8531,0.27,2.5,0.9627,,,,,False,,27,3,0
ac60e3ab-d339-4dc8-b864-1c23f9869453,Gig Worker,29037.01,0.3275,21,,,,,2.5,0.595,,,18.64,0.0148,False,,15,3,0
f2730873-c8ae-4044-8e55-fc6b8283e576,Gig Worker,29762.03,0.3445,19,,,,,1.9,0.6487,,,20.66,0.021,False,,16,3,0
d1359bb0-fead-4b38-9b76-cd42256cf548,Gig Worker,47611.69,0.4341,25,,,,,2.77,0.8269,,,23.93,0.0729,False,,25,3,0
37dade3c-69e1-43d3-baee-c298a398c1cd,Gig Worker,21523.16,0.4092,19,,,,,1.92,0.6762,3.79,0.2208,14.97,-0.0418,False,,15,4,0
c4513415-16f5-4ab5-ba0a-3aab856c66c9,Informal/Rural Worker,22056.75,0.5613,13,,,0.7271,7.21,2.54,0.8337,,,,,False,,21,3,1
df657e70-1333-44be-bee4-4d895731b4ce,Small Merchant,130546.11,0.4469,24,246373.41,0.7393,0.6245,8.91,,,,,,,False,,19,3,0
391e4fcd-809f-4ed8-ab28-542ee97cc5b7,Gig Worker,17057.59,0.5882,22,,,,,1.76,0.6094,2.44,0.2211,15.8,-0.0619,False,,9,4,1
f90abf35-6e5d-4c79-a934-ade6fdb64a20,Gig Worker,39496.26,0.3273,24,,,0.8016,9.02,2.53,0.6803,7.13,0.1075,17.65,0.0459,False,,24,5,0
27beb0bd-7ad0-444e-b415-40434227cd0c,Gig Worker,27417.22,0.4033,19,,,0.5232,11.72,1.42,0.5481,,,13.56,-0.1791,False,,12,4,0
baad81b8-e16d-49d4-bf51-0a755f9e2032,Informal/Rural Worker,24428.74,0.3513,16,,,0.7286,3.26,,,,,,,False,,29,2,0
2056069e-12af-4ff9-9f9d-61c9d9ee4ec2,Gig Worker,49370.44,0.3952,24,,,,,2.79,0.86,,,21.89,-0.0331,True,765.0,26,3,0
ac16750b-ec0e-41e6-af61-769c2d844ea6,Informal/Rural Worker,17730.95,0.5466,10,,,0.5467,13.41,,,,,,,False,,21,2,0
3aa2a556-ec8a-46e1-a44f-22846480543f,Informal/Rural Worker,28955.13,0.2982,19,,,0.8481,5.17,2.81,0.8539,,,,,False,,25,3,0
1f031f5d-7eaa-4338-b29f-e8f08dbd30cd,First-time Borrower,33220.98,0.3195,16,,,0.4264,15.27,,,3.86,0.2707,,,True,539.0,11,3,0
9d43df98-9b76-4dc5-b0b7-bad823e95059,Small Merchant,91143.48,0.3901,22,197895.06,0.6575,,,,,6.24,0.2381,15.4,0.0812,True,525.0,21,4,1
c8beb841-95b8-40e9-ac1d-575d9908680a,Small Merchant,127105.02,0.3094,23,235728.52,0.7045,0.6337,8.63,,,,,22.06,0.063,False,,14,4,0
f73b7dc9-6690-4d39-9455-043cc8a7e4b3,Gig Worker,26617.36,0.4643,20,,,,,1.56,0.5687,2.83,0.229,16.83,0.0026,False,,11,4,0
dc96ffff-af45-4a16-91f8-faa85ba74d55,Informal/Rural Worker,8920.74,0.7004,11,,,0.5626,13.38,0.96,0.4351,,,,,False,,9,3,0
24ee95e5-a7cd-43e6-9e7b-c11aa7ec0e0c,Gig Worker,29054.04,0.3472,25,,,0.8491,10.32,2.26,0.6895,,,20.32,0.1256,False,,16,4,0
cebbf069-6fea-4610-b3ef-fe5517a3712c,First-time Borrower,61480.84,0.1889,19,,,0.7095,12.85,,,5.44,0.1584,17.85,0.104,True,663.0,20,4,0
2b1491f8-5bcb-4fb5-8647-0e25d56be59e,Small Merchant,194218.61,0.2943,27,298343.53,0.7556,0.8088,3.59,,,7.61,0.177,,,True,683.0,21,4,0
fc9f87bf-fdf7-42cf-b729-7fa1810f1d96,Small Merchant,130173.25,0.2752,26,306678.64,0.8104,0.8256,5.91,,,5.62,0.1192,,,False,,23,4,0
a593f2d9-10d8-4040-ae7f-2ffa19109b36,Gig Worker,43265.85,0.4161,26,,,,,2.63,0.8037,,,21.96,0.1227,False,,19,3,0
2adb4ece-2646-45f7-8014-8d40b940d8a6,First-time Borrower,85375.4,0.171,25,,,0.818,5.45,,,9.16,0.0855,,,True,781.0,27,3,0
9d1c91d5-4458-404c-8baf-d986234411cd,First-time Borrower,38339.57,0.2851,15,,,0.5632,16.15,,,5.06,0.1973,,,False,,14,3,1
8a4c3fa7-6096-4fce-a80d-cb4741ddfe81,First-time Borrower,61789.75,0.1878,20,,,0.7535,7.24,,,,,23.11,0.1367,True,758.0,18,3,0
7b6be6d0-a3c8-4939-9d46-c871b9e3dd86,First-time Borrower,64165.8,0.0885,20,,,0.8393,9.95,,,4.33,0.1153,,,False,,22,3,0
b128f1ce-35f0-4fc0-9687-606d5ea838f4,Informal/Rural Worker,19216.01,0.487,12,,,0.6425,12.48,1.91,0.6195,,,,,False,,15,3,0
60b0d59d-5583-499e-9bd8-5d1aa78f6c3a,First-time Borrower,65985.53,0.2298,21,,,0.6258,8.6,,,,,,,True,635.0,17,2,0
5ed9ab17-940b-4104-8aca-f5f3d5622948,Gig Worker,26701.86,0.5262,22,,,,,1.61,0.5574,,,14.53,-0.0905,False,,13,3,0
ef6cdfb9-898f-4286-b7c2-352c80f30ad0,Small Merchant,154737.98,0.272,28,346215.34,0.7634,,,2.72,0.7213,7.7,0.1165,,,True,686.0,27,4,0
6d2f0599-7626-45c0-a56e-fcc7fe8dd6d1,Informal/Rural Worker,24802.78,0.3364,20,,,0.8686,1.67,3.47,0.9434,,,,,False,,31,3,0
b1054599-8d9b-4929-a46f-cd72c52604bc,Small Merchant,101677.96,0.332,25,236773.22,0.7287,0.639,8.51,,,5.57,0.2047,,,False,,17,4,1
22a8d2d5-dd57-4586-b795-ff0c00178bfd,Small Merchant,166514.67,0.2865,24,310348.2,0.8468,0.7511,8.09,2.54,0.8216,8.05,0.1154,,,False,,18,5,0
b04922a2-04dc-478e-9809-177988e8986e,Informal/Rural Worker,12521.39,0.5375,9,,,0.6278,12.52,1.56,0.5781,,,,,False,,17,3,1
773beea5-90e9-45a0-9ae8-5a4aa82c3b64,Gig Worker,34254.12,0.4107,25,,,0.774,8.29,3.01,0.6005,,,22.07,0.0916,False,,23,4,1
b9fc9729-a8d6-4150-b1c2-64f949111840,Gig Worker,25996.5,0.54,19,,,,,1.95,0.5145,,,12.89,-0.0291,False,,12,3,0
02283edd-a399-4b70-9075-b0e8156b5592,Small Merchant,100623.62,0.4095,22,183270.88,0.6689,0.5512,12.01,,,3.22,0.1562,,,True,553.0,14,4,0
c163cdc4-64a6-4e63-af9a-9e106ff2335b,Informal/Rural Worker,18187.41,0.5516,11,,,,,2.9,0.6578,,,,,False,,20,2,0
9ce2bea0-e57f-433b-a9b5-a461d9f3de0a,Gig Worker,31819.75,0.4135,23,,,,,1.89,0.6926,,,14.02,0.0174,False,,19,3,0
f6ea9355-467d-4c18-a1ee-cc3f4df06162,Small Merchant,76834.8,0.3973,24,200238.77,0.7246,0.569,12.04,2.41,0.561,3.48,0.1545,,,False,,17,5,1
b1b23f2e-9356-4614-9cf4-b2230a9f65a7,Small Merchant,192933.82,0.1576,30,448485.6,0.9173,0.9568,0.0,,,10.04,0.1006,,,False,,25,4,0
b190071f-5237-4c08-aa0a-29b61b35e076,Informal/Rural Worker,16391.55,0.5385,13,,,0.5675,10.74,2.3,0.7408,,,,,False,,22,3,1
4abd2fee-74ef-4762-9c76-5c61f2d8bc0c,Small Merchant,157599.76,0.3323,25,270473.66,0.6577,0.6594,10.05,2.18,0.7214,3.75,0.1623,17.39,-0.0055,True,677.0,21,6,1
4902241b-116f-47d7-a4d3-9d386fea9e12,First-time Borrower,43717.08,0.2395,18,,,0.6242,12.48,,,5.59,0.1562,,,True,601.0,16,3,1
d7e63abf-93da-43ff-861e-3959eec48562,Gig Worker,28643.92,0.3882,22,,,0.6051,9.31,1.93,0.6101,6.0,0.1627,18.72,-0.0853,False,,17,5,0
b9cdaea9-5f29-401b-b7c2-a334e8ca76df,Small Merchant,119071.16,0.4015,23,250825.49,0.8087,0.667,12.64,,,6.07,0.1293,,,False,,17,4,0
af2bbcc1-8cd9-4e25-887d-b9a7eb34e0f4,First-time Borrower,64921.63,0.2544,19,,,0.6126,10.39,,,,,,,False,,21,2,0
5982e438-282a-4537-8fcf-95ee4beffaf5,Small Merchant,138817.32,0.3184,28,238329.92,0.709,0.7065,4.83,,,6.05,0.1231,,,False,,22,4,0
d508cd85-dd00-4d7a-9df3-48381259540e,Informal/Rural Worker,22216.82,0.348,19,,,0.8391,5.15,2.93,0.7794,,,,,False,,25,3,0
63df1191-999e-4726-bbbb-526ac64205f0,Gig Worker,29109.2,0.2847,23,,,,,1.9,0.5864,,,20.1,-0.0369,False,,13,3,0
48e9c9ea-1724-4176-8bbb-524f4b23ddf9,First-time Borrower,37638.87,0.243,22,,,0.6394,10.19,1.76,0.7923,5.71,0.2467,,,False,,14,4,0
b33be5e2-2792-4a9a-86ed-0cbe71038b70,Small Merchant,118046.91,0.4331,22,175585.07,0.6556,0.5834,10.71,,,5.22,0.2563,,,False,,14,4,0
26690dae-de8e-498d-9ca7-0f2f05c1b411,Small Merchant,95114.91,0.3649,21,176741.62,0.6939,0.5929,13.49,2.26,0.63,4.68,0.1751,,,False,,19,5,0
d9f80c16-75f0-48cc-bfbf-4bddac3a6383,Gig Worker,47204.66,0.3241,26,,,,,3.26,0.7636,,,23.39,0.0825,False,,22,3,0
08090f92-1ad0-40eb-bb5f-1df7140f1bb7,First-time Borrower,43616.55,0.3403,14,,,0.5164,12.29,,,,,,,True,482.0,15,2,0
01603284-7cd0-4173-96ec-64970d4aa5bf,First-time Borrower,27376.31,0.2478,12,,,0.5006,13.43,,,,,15.09,-0.0929,True,484.0,10,3,0
be8442ff-02ec-42a9-a2ad-44b7ff4f8c06,Informal/Rural Worker,25288.58,0.3426,18,,,0.6917,5.74,2.98,0.8029,,,,,False,,26,3,0
20ed2a5c-5fdf-4647-8764-ead307766941,Informal/Rural Worker,8486.15,0.6599,11,,,0.3284,18.97,1.97,0.4356,,,,,False,,9,3,0
0f78a54b-6b8e-42a7-985c-6b861ce05668,Gig Worker,39299.69,0.4237,22,,,,,2.13,0.781,,,19.96,0.1683,False,,17,3,0
a426ea3c-8ca8-48e5-b189-a3fe53169610,Small Merchant,187534.85,0.2827,28,372966.63,0.8334,0.819,0.13,,,,,22.28,0.2629,True,855.0,31,4,0
3ee63cef-c859-4bd2-857f-b5df2d24af70,First-time Borrower,70085.1,0.1894,18,,,0.6128,11.33,,,,,17.91,-0.0181,True,560.0,17,3,0
0e3eb166-7640-479c-9bbf-80ba5c1623ef,Small Merchant,107880.79,0.3375,23,209253.71,0.6581,0.6679,10.26,,,4.78,0.1245,,,False,,14,4,0
62a9c242-973e-43f7-bf06-d7634543eaa9,Small Merchant,147972.45,0.2088,25,334143.59,0.7484,0.7611,5.53,,,8.31,0.1356,22.48,0.0639,True,667.0,25,5,1
4de4f5cd-c816-4ca7-afc1-700e27adb3e0,Small Merchant,50368.59,0.4891,19,136162.32,0.4603,0.536,15.42,,,2.91,0.2938,,,False,,11,4,1
d70cac0c-c324-4089-935f-3ca9cfc01d40,Gig Worker,13928.3,0.5512,20,,,0.5635,9.44,1.76,0.4817,,,14.12,0.021,False,,12,4,0
6a114cc6-1dc0-4299-9adb-2f6251d29327,Small Merchant,131105.96,0.2988,23,247489.84,0.7011,0.7467,10.51,2.66,0.638,6.59,0.2233,18.58,0.0378,True,598.0,19,6,0
b696b7ac-2826-4f19-90ae-29e789f8661d,Informal/Rural Worker,26920.48,0.338,9,,,,,2.09,0.6629,,,,,False,,22,2,0
31a29819-3a98-4f34-91b5-9cd488da73d8,Small Merchant,60579.26,0.3587,18,184800.39,0.6066,0.5822,15.54,,,4.41,0.2005,,,True,597.0,15,4,0
6bedec94-bf2b-45cb-817e-1f6cbd4b16ff,Small Merchant,105144.65,0.3026,26,280387.94,0.833,,,1.98,0.569,5.84,0.1358,,,True,613.0,22,4,0
02ff3c0d-2482-449c-bebf-5262cbe2cb5a,Informal/Rural Worker,30920.66,0.2937,22,,,0.9332,0.74,,,,,,,False,,26,2,0
025c3ccb-87b6-45c4-b02c-be8aa97b27df,Gig Worker,34398.82,0.5128,20,,,,,1.88,0.5325,3.71,0.1762,17.34,0.0469,False,,18,4,0
c484222d-2916-4a13-bede-723b1e6b9618,Small Merchant,174091.37,0.2379,26,415739.41,0.895,,,,,9.86,0.0917,,,True,843.0,23,3,0
6fa9fdd8-7450-4f83-b708-d36e04d02d7f,Small Merchant,151899.83,0.2372,26,401323.65,0.8368,0.7578,4.48,,,6.45,0.1262,,,False,,20,4,0
ebd47118-0287-41a6-ba4a-2cf903cb7324,Small Merchant,95656.86,0.362,23,208952.64,0.5983,0.5178,11.43,1.96,0.6497,6.96,0.1609,,,False,,25,5,0
9ae9e240-7275-46c6-b893-e6cb5d7c1648,First-time Borrower,81343.28,0.0985,26,,,0.7522,6.46,,,,,26.08,0.133,True,757.0,29,3,0
0a024703-89c6-4cb8-8209-aa417b250fcf,Informal/Rural Worker,22405.82,0.4625,16,,,0.7463,8.17,2.41,0.7291,,,,,False,,18,3,0
0faf4d56-1412-4cfa-954b-03dc4b3c8211,Small Merchant,92289.35,0.4171,23,236910.14,0.7091,0.6105,12.02,,,3.86,0.1826,,,False,,19,4,0
c38779bf-ac94-4cb7-847a-da4e3a5af7ea,Informal/Rural Worker,20296.92,0.6807,16,,,,,2.12,0.6822,,,,,False,,12,2,0
e97a98c9-2c81-4244-8819-60cf631cd2b5,First-time Borrower,28458.41,0.2914,16,,,0.5884,16.96,,,3.74,0.2658,,,True,521.0,7,3,1
0acc1383-c6ed-42e3-a9e9-04828e2e4a45,Small Merchant,96876.12,0.3951,22,206411.92,0.5837,0.612,12.58,,,3.51,0.184,,,False,,12,4,0
49187082-f21e-4c7b-8d85-da2a014ba292,Small Merchant,56773.53,0.4775,19,103366.28,0.4851,0.3501,18.84,0.77,0.4323,2.39,0.197,,,False,,5,5,0
202d0fd0-bb1c-4de1-ae65-f0b6da47547d,Gig Worker,53046.7,0.2025,25,,,,,3.13,0.9396,,,26.3,0.2296,False,,36,3,0
fa4171d9-7e6c-41ee-ad08-d0d06cfcdbca,First-time Borrower,81137.86,0.0622,25,,,0.8268,6.15,,,5.95,0.1061,,,True,707.0,23,3,0
196912c9-0f04-4f7d-8cc3-c6c7c96bf661,Informal/Rural Worker,19320.48,0.5108,12,,,0.7029,7.32,2.8,0.5922,,,,,False,,19,3,0
0485c7f1-3223-42e2-a836-fc9a47af1cb8,Gig Worker,49109.36,0.1916,26,,,,,3.65,0.9482,,,26.8,0.3352,False,,31,3,0
f4a4f3d3-6f2d-4493-b4ac-24cdf915debc,First-time Borrower,59024.86,0.2114,23,,,0.723,9.54,2.4,0.5086,7.2,0.1525,18.92,0.0972,True,666.0,22,5,1
3d092e45-d5dd-4126-8d87-d390ea461600,Informal/Rural Worker,23913.28,0.304,15,,,0.7934,7.04,2.8,0.6778,,,,,False,,24,3,0
9e12cdba-a75e-4aaf-bccd-7c1a452a504f,Gig Worker,21455.52,0.5581,16,,,,,1.63,0.5183,2.31,0.2552,9.65,-0.1056,False,,6,4,1
ce28d487-781d-44b9-b41f-ba00bb76288e,Small Merchant,156240.12,0.3385,26,259355.4,0.7232,0.7362,7.22,,,6.67,0.1473,22.72,0.0401,False,,22,5,0
4e6f843d-a8a2-4e65-9ccd-827c8d13fa32,First-time Borrower,48561.54,0.2614,21,,,0.6354,16.43,,,4.62,0.2334,,,True,559.0,14,3,1
2cf7924e-767e-4f69-ba26-66c5aac36249,Gig Worker,44221.75,0.2192,30,,,,,3.41,0.7066,,,24.46,0.1871,False,,25,3,0
eee92ca3-b4cf-435c-ad80-7d44507d631c,Gig Worker,33254.74,0.3475,20,,,0.6147,8.89,2.06,0.5803,,,18.45,0.0473,False,,19,4,0
c7365f04-d7a5-4458-a6df-3441697295c0,Small Merchant,79032.95,0.2789,20,195183.28,0.6434,0.509,13.37,1.78,0.6319,,,,,False,,12,4,0
d50ae284-d23a-470e-8283-21c39de6ae65,Small Merchant,121419.13,0.3565,25,272618.66,0.7211,0.7195,11.4,,,5.99,0.1682,,,False,,15,4,0
1050769a-a63b-4820-bc11-4a0e60125f1a,Small Merchant,174189.78,0.1587,25,343472.13,0.8674,0.8533,2.11,2.39,0.8759,9.57,0.0858,,,False,,31,5,0
efe46d77-8801-4de2-acbe-a2f536b874cd,First-time Borrower,60364.93,0.2471,20,,,0.7417,4.81,2.44,0.6594,,,24.33,0.0216,True,646.0,14,4,0
4d8f6fe7-426c-49c4-9d9b-0dbec8d8ef6b,Small Merchant,211347.0,0.1626,29,413839.12,0.9663,0.829,1.58,,,11.13,0.0866,,,True,873.0,33,4,0
4c17a848-a3eb-40a1-b1ba-ac0506caed2d,Informal/Rural Worker,11352.62,0.6254,12,,,0.5417,17.33,1.25,0.4085,,,,,False,,13,3,1
2e75d474-92ba-40a2-b738-db5f74ed28c5,Small Merchant,84372.41,0.4523,24,165178.99,0.6984,0.7482,8.1,,,,,,,False,,17,3,1
0d5f04ad-34ee-4042-b923-1212e6aadb45,Gig Worker,23449.16,0.4383,25,,,,,1.48,0.6084,,,15.36,-0.0982,False,,14,3,1
128962ec-065d-4b3a-b249-61bcd65e67af,Small Merchant,136220.44,0.4073,26,310178.19,0.7532,0.741,6.51,,,,,,,True,680.0,15,3,0
7e5893f8-d528-41ec-b433-85dde554584f,Gig Worker,53180.43,0.2939,26,,,0.88,2.04,3.28,0.9391,,,25.82,0.1153,False,,36,4,0
b372236e-fff8-467d-9c64-99a9d6b90025,Informal/Rural Worker,23064.67,0.4147,16,,,0.8032,4.31,2.44,0.7771,,,,,False,,27,3,0
852b7bd8-c77d-41a4-ac28-31344097c80c,Informal/Rural Worker,18961.65,0.5771,13,,,0.6195,10.4,2.38,0.5953,,,,,False,,18,3,0
281d7702-7049-415c-a9c8-bd4e56f49326,Small Merchant,106725.16,0.3152,26,311729.23,0.6761,0.7981,5.0,2.4,0.7296,6.91,0.1341,,,False,,29,5,0
eb0afd6f-f5cb-4805-86db-e39fb65f1771,Small Merchant,163664.1,0.2765,25,316904.69,0.8192,0.8878,7.01,,,,,,,False,,25,3,0
24c76f43-48f4-4175-97d3-2a712b0d9dd7,Informal/Rural Worker,25798.67,0.3945,22,,,0.7373,5.94,2.61,0.8405,,,,,False,,22,3,0
56da0fa6-2913-413b-a46e-0dd3dceec854,Small Merchant,117993.42,0.3194,24,265051.21,0.7451,0.7702,10.0,,,6.45,0.146,,,False,,18,4,0
c36e183a-1b79-44b9-bd7b-c6ccfb93bc01,Informal/Rural Worker,14880.94,0.4246,12,,,,,1.66,0.5734,,,,,False,,13,2,1
166e6ff0-9110-49a1-8c12-d9682a6e31c1,Informal/Rural Worker,23311.92,0.5039,16,,,0.8141,6.42,,,,,,,False,,18,2,0
5c134f8d-cfa9-45f4-8a4e-8e02fedeed88,First-time Borrower,61072.09,0.2204,24,,,0.7969,10.52,,,,,20.66,0.0651,True,705.0,24,3,0
5f4bd0b5-0186-4208-ac44-3cdf16e36b59,First-time Borrower,51977.71,0.209,21,,,0.7373,5.42,2.53,0.5738,,,,,True,577.0,19,3,0
9fe11d05-654c-4562-bf99-fad7956e86f5,Informal/Rural Worker,17204.14,0.5108,12,,,,,1.41,0.5817,,,,,False,,9,2,0
c7532626-9bc6-4763-80c9-93d732d56c05,Informal/Rural Worker,16472.43,0.3737,12,,,0.5196,9.51,,,,,,,False,,18,2,0
8445ba8a-077d-4c8a-bdc3-c25e5c85b451,First-time Borrower,75022.35,0.12,21,,,0.7797,3.84,,,,,,,True,713.0,18,2,0
199bf6f0-4c67-4b5b-ab7e-c39ce5a64ac1,First-time Borrower,70059.96,0.1202,23,,,0.8945,2.43,,,,,,,True,733.0,22,2,0
8c57e509-dcae-40d4-be99-18c49c6c7331,First-time Borrower,66284.85,0.1594,23,,,0.8816,3.97,,,,,,,False,,22,2,0
fcafb12e-89ed-4c91-8dbe-5bec73a630e4,Gig Worker,52115.9,0.3414,29,,,,,3.19,0.8715,,,27.0,0.107,False,,24,3,0
f5db9c2a-a1c9-439a-8d27-d77cee919bb0,Informal/Rural Worker,26133.13,0.4553,18,,,0.8617,4.27,3.09,0.7919,,,,,False,,32,3,0
d7a9c785-69f9-4792-9edf-5390add2ae04,Informal/Rural Worker,21572.27,0.4754,14,,,0.6974,7.34,2.2,0.7256,,,,,False,,14,3,0
d2fd8588-2d21-4426-864f-6570b8cfed8a,Informal/Rural Worker,21403.97,0.4619,20,,,0.6236,10.49,2.24,0.7087,,,,,False,,23,3,0
7d277cb6-db41-4fd9-94c3-d227be6ad195,Gig Worker,38609.38,0.3425,21,,,,,2.54,0.5871,3.42,0.1734,19.27,0.0481,False,,18,4,0
f5908ac9-0640-4b53-9d60-960935c311ed,Informal/Rural Worker,32002.07,0.431,20,,,0.9126,1.8,,,,,,,False,,24,2,1
ad9093d7-e8d7-4bb5-81c9-f4bfd4fde74c,Small Merchant,157451.75,0.2765,26,297462.49,0.7659,0.7296,5.99,2.71,0.7291,6.81,0.1089,,,False,,19,5,0
dc509fcb-d4d8-47fe-8a8f-034cb94e0f79,First-time Borrower,84160.66,0.1569,29,,,0.8453,2.24,,,7.59,0.0927,,,False,,31,3,0
5d7386d9-9a86-4b38-89b6-efb0fa3f6007,Small Merchant,151040.71,0.3018,26,372499.1,0.8194,0.8434,2.16,,,9.21,0.0951,,,True,606.0,30,4,0
7a51f2f7-78b2-4a12-9373-1f0506978c6a,First-time Borrower,75614.89,0.1168,20,,,0.8338,9.1,2.96,0.7781,,,,,True,742.0,21,3,0
c1ac5fca-c425-4135-9fc1-909f6ead9256,First-time Borrower,36157.01,0.2945,14,,,0.4541,16.82,,,,,,,False,,5,2,0
3b9231fd-763e-4b79-8c28-6b711ce20f05,Small Merchant,176551.73,0.2404,27,338855.4,0.8569,0.8074,1.72,,,9.76,0.1224,,,False,,27,4,0
987f9747-caac-4b04-beff-36e13db1417a,Small Merchant,108045.78,0.3347,24,232800.26,0.7536,0.6769,6.77,2.72,0.755,5.03,0.1632,,,True,717.0,18,5,0
c3ae6053-9d0a-4a3f-b4ec-e9b3af0170a4,Gig Worker,44105.92,0.3615,25,,,0.7586,2.95,2.76,0.8813,7.85,0.0882,25.44,0.114,False,,26,5,1
75fdf354-85ff-4948-acdb-1af27ee30c0f,First-time Borrower,41124.01,0.2478,14,,,0.5916,11.75,1.59,0.6487,,,,,True,498.0,10,3,0
5c83ae86-f197-4cf7-97d3-dd517ef92b0f,Informal/Rural Worker,11555.63,0.4749,11,,,0.4375,14.5,1.42,0.4191,,,,,False,,13,3,0
670e8ad2-caa2-4ae7-ab4c-fe0f44fbd360,Informal/Rural Worker,24036.29,0.4046,21,,,0.6882,9.52,2.78,0.6318,,,,,False,,17,3,0
a8850018-443e-4ee6-9b08-33d63e32a3d0,Informal/Rural Worker,7939.44,0.5999,12,,,0.4853,13.2,,,,,,,False,,4,2,0
8441cb52-05bd-45b6-abb4-322dc1cdc625,Gig Worker,41052.7,0.3189,22,,,,,2.6,0.7535,,,22.62,0.1398,False,,28,3,0
eac14f96-9cc6-48f7-94f8-2b41ddddee77,Informal/Rural Worker,20449.35,0.4164,15,,,0.7044,8.51,2.76,0.6336,,,,,False,,20,3,0
c00ab8fc-2c59-476c-aee6-12d2cc8459af,Informal/Rural Worker,21751.26,0.3611,14,,,0.6818,10.91,2.27,0.697,,,,,False,,14,3,0
befca0e3-5d86-4d55-8feb-65d59e93e4d2,First-time Borrower,45931.49,0.2555,20,,,0.6378,10.62,,,,,,,True,539.0,14,2,0
44c3c7e2-2431-42e7-a0cc-8556a243c0d3,First-time Borrower,50712.76,0.1663,20,,,0.7003,6.3,,,,,,,True,601.0,15,2,0
61bd64ac-a90d-4217-9104-30e85a3ea0b8,Gig Worker,31635.59,0.3793,20,,,0.627,12.03,1.95,0.6181,,,20.58,-0.0367,False,,14,4,0
ed749aaf-0cf2-4211-b18b-45ffa610fbf7,Small Merchant,80212.43,0.4009,20,141635.41,0.6803,0.4659,12.27,,,5.83,0.1236,,,False,,15,4,1
589c93dd-0f38-4556-81fe-281291c912be,Informal/Rural Worker,20589.08,0.4252,17,,,0.648,8.99,2.51,0.5912,,,,,False,,17,3,0
6a236d80-fa3a-4e40-88d0-89464fc0aaac,Small Merchant,77233.66,0.3506,20,,,0.6047,12.54,,,2.12,0.1711,,,False,,13,3,1
e1a103e0-ef7b-4093-bf73-efefc6f39590,Informal/Rural Worker,23829.64,0.3713,13,,,0.7293,6.25,2.28,0.6178,,,,,False,,22,3,0
58d50d91-5cf2-4a5c-8c4c-e20ea285d241,Small Merchant,170385.16,0.162,27,349063.39,0.7918,0.8442,3.97,,,9.16,0.0744,,,False,,31,4,0
afffbf58-19db-439e-be80-463008515882,Informal/Rural Worker,31257.65,0.3142,16,,,0.7849,4.8,2.68,0.9769,,,,,False,,17,3,1
2f7a7e87-4b89-4282-a371-1efcd4230130,Informal/Rural Worker,28823.51,0.3099,23,,,0.9027,0.0,3.03,0.9122,,,,,False,,27,3,0
5bf4df57-6403-455e-bab6-e5bbf3b758a9,First-time Borrower,72731.95,0.1894,24,,,0.81,0.0,,,,,,,True,729.0,27,2,0
b3f9bfd4-2ef6-4d87-9e45-86d4c0ba1607,First-time Borrower,76774.55,0.0993,26,,,0.9294,3.49,3.33,0.8909,9.32,0.0866,,,True,766.0,23,4,0
9b624726-2281-4d9b-8f2e-c93c9dc93a4b,First-time Borrower,51218.38,0.2656,19,,,0.6664,9.13,,,,,,,True,606.0,14,2,1
2db12839-fadc-4b23-ba7d-1a4c4bb2a3ea,Informal/Rural Worker,18717.01,0.4994,13,,,0.6768,10.68,1.89,0.6755,,,,,False,,19,3,0
5b7afb0b-ba9f-4ffe-8bd1-148a5a6029c5,Gig Worker,37072.57,0.396,21,,,,,2.06,0.751,,,20.59,0.1064,False,,19,3,0
4797adbd-8866-420f-b5f9-c442ef7cc2de,Informal/Rural Worker,20349.95,0.4629,16,,,,,2.14,0.7085,,,,,False,,21,2,0
aee4cba3-f5bf-465f-a48d-ab8bb3e9316e,Informal/Rural Worker,23765.52,0.4236,13,,,0.7655,12.24,2.43,0.6297,,,,,False,,16,3,1
15316319-9955-43ef-a320-623dd424fcdc,Gig Worker,41765.06,0.3853,23,,,0.7257,7.38,2.18,0.723,,,25.15,0.0481,True,586.0,18,4,0
20ecd13d-29df-489a-9113-1a7df5d826e2,Informal/Rural Worker,24528.15,0.3419,13,,,0.7077,6.73,2.85,0.664,,,,,False,,21,3,0
9bddbaa0-43ec-4198-82dc-264d52ab98dd,Small Merchant,106188.53,0.3967,20,225838.23,0.7907,0.6526,10.84,,,4.5,0.1808,,,True,637.0,20,4,0
833e8b20-3401-4f81-b584-eb440b8b6575,Gig Worker,39842.16,0.4278,24,,,,,2.15,0.6299,,,20.28,0.0037,False,,19,3,1
abad490a-0585-43b1-8888-a8bf4f0db7b2,First-time Borrower,65754.04,0.1921,20,,,0.7288,2.65,2.21,0.7331,,,,,False,,19,3,0
1e0506b3-5f88-4109-b670-b0ab41fd3a54,Informal/Rural Worker,23550.14,0.3219,18,,,0.78,0.65,2.51,0.7269,,,,,False,,22,3,0
29d8269e-485d-4ba4-bcb4-354ce6976822,Small Merchant,136828.8,0.2712,26,309507.44,0.8336,0.8501,2.62,,,4.66,0.1344,,,False,,16,4,1
d54f901d-dd6d-4a72-9211-59997cc90102,First-time Borrower,56859.48,0.2369,19,,,0.7399,9.75,,,4.44,0.1645,,,True,613.0,20,3,0
bb0f8abb-9f92-4b3f-ad73-93cf03c508b3,Gig Worker,51083.75,0.3224,27,,,,,2.69,0.8211,,,23.91,0.1746,True,767.0,26,3,0
7ef1fdb9-eb88-4a35-9437-9ea8115e91ad,Informal/Rural Worker,6623.12,0.6281,9,,,0.4811,17.27,1.49,0.5553,,,,,False,,9,3,0
aa860bd3-f2de-4691-b0bb-03c396555c76,Gig Worker,45604.16,0.2861,26,,,0.8025,2.82,3.26,0.8534,,,25.55,0.1094,False,,29,4,0
4712e5f1-82a2-49b5-8b54-8c01768e37ca,Informal/Rural Worker,26660.12,0.3947,17,,,0.8388,5.99,3.18,0.8663,,,,,False,,31,3,0
ee1d8c25-feb4-4910-8197-6a9492fb677e,Small Merchant,96759.79,0.3482,22,149800.6,0.7301,0.6048,11.9,2.1,0.494,5.03,0.2178,,,False,,15,5,0
bad0ab66-3538-406a-885c-2b570554f9ea,Gig Worker,25473.68,0.3501,19,,,,,,,,,20.66,-0.0806,False,,17,2,0
92d5f3be-9583-4cca-8f7c-1f890d0940bf,Gig Worker,34057.2,0.3963,24,,,,,1.99,0.6148,6.52,0.2134,20.95,0.1036,False,,19,4,0
24dfc786-a0dd-4de8-89fe-c10c579adcca,Small Merchant,173069.95,0.2365,27,343431.19,0.8571,0.7828,4.22,2.98,0.8017,7.26,0.0718,,,False,,26,5,0
79861776-d014-4952-9048-a79b3ffe76ea,Informal/Rural Worker,26682.92,0.3892,16,,,0.807,0.0,3.22,0.7913,,,,,False,,25,3,0
7e99b347-19c1-437a-abf2-2d3d48606dd1,First-time Borrower,58798.05,0.2134,22,,,0.6808,8.74,2.27,0.714,,,20.52,0.0605,True,666.0,27,4,0
fdf2f48c-2da4-414a-bc20-76e9df7ab939,Gig Worker,28956.91,0.4548,23,,,,,,,4.64,0.2044,18.0,-0.1048,False,,12,3,0
ae9bca1d-85ce-4241-8205-224fbe3d3a42,First-time Borrower,60497.1,0.1925,22,,,0.8489,6.89,2.94,0.7161,,,,,True,684.0,23,3,0
562ce20e-c900-42fc-8e51-4c536a72a8f5,Informal/Rural Worker,11671.35,0.5453,16,,,0.6604,16.4,2.0,0.5842,,,,,False,,15,3,0
4d19e1b1-9838-42cc-9280-9451de86e4a7,Informal/Rural Worker,24101.98,0.3984,14,,,0.7563,2.73,2.72,0.887,,,,,False,,28,3,0
913b0466-c684-4d5d-95ac-7cef0cd201dc,First-time Borrower,49751.19,0.2438,20,,,,,,,,,,,True,611.0,18,1,0
8951da58-1e23-4c00-9518-208a028e7df5,Gig Worker,40290.22,0.3108,25,,,0.7554,9.56,2.97,0.7553,,,21.25,0.0264,False,,23,4,0
bb2002ef-9889-4e79-ade1-2d822d565bdc,First-time Borrower,62984.53,0.1608,20,,,0.7548,8.2,2.27,0.7348,5.08,0.1428,,,False,,21,4,0
23388f2b-0b54-4d46-8a16-a1249083c996,Gig Worker,38056.28,0.3129,23,,,,,2.76,0.7528,8.02,0.0978,26.74,0.1753,True,695.0,26,4,1
adff1de6-cbd1-4e50-a5fe-b8e20651bb82,Gig Worker,23560.61,0.5322,24,,,,,1.32,0.6397,,,16.17,-0.0509,False,,12,3,0
2d644340-a67b-44f5-9c9a-8a9ffa24dd8b,Informal/Rural Worker,16976.42,0.454,12,,,0.5993,10.33,2.26,0.5355,,,,,False,,15,3,1
ec9aa12a-05d2-458d-9336-433b948bcc6b,Gig Worker,32806.88,0.4583,21,,,0.6564,9.32,2.22,0.7355,5.66,0.1733,20.09,0.0304,False,,17,5,0
6186b0eb-f2a6-41fe-8a22-da661aa3fe51,First-time Borrower,80035.18,0.1189,25,,,0.8171,6.23,,,,,23.07,0.1251,True,740.0,26,3,0
6c7a6135-edc9-4d35-98e5-2c8607a682f7,Small Merchant,126106.93,0.3174,20,224693.96,0.793,0.7398,9.38,2.35,0.5784,4.95,0.1276,,,False,,14,5,0
a27ddbd9-cdfa-4a4a-b94c-3cd52dda9878,Gig Worker,39615.72,0.338,25,,,,,,,4.86,0.1769,,,False,,20,2,0
6f067aa9-7fc9-4041-b120-3ed079474c77,First-time Borrower,53904.55,0.2394,19,,,0.7387,8.57,,,,,,,True,694.0,17,2,0
56b890c7-4e4e-403f-86ec-b1f68ff6f36b,Gig Worker,32214.75,0.4123,22,,,,,2.19,0.6834,5.01,0.1426,15.45,0.035,False,,18,4,0
1025e5a7-5234-4189-a8fb-0f998ac6b741,Informal/Rural Worker,18172.92,0.5892,12,,,0.5453,14.16,2.14,0.6142,,,,,False,,15,3,1
39bfd9e7-249c-4335-8c5b-8e5ccb3e436e,Small Merchant,46321.67,0.4585,20,120818.44,0.5901,0.5184,15.48,,,2.11,0.1862,11.02,-0.0696,False,,13,5,0
c6b92d7e-8279-4839-8d30-f0dbf644a39d,Gig Worker,31688.57,0.3336,22,,,,,1.96,0.5139,,,16.44,0.0268,False,,17,3,1
13949dfa-e88c-4f59-bf37-d86bff2e0492,Informal/Rural Worker,17028.14,0.5074,14,,,0.7638,9.57,2.2,0.6801,,,,,False,,20,3,1
b0bffc96-6c5d-422c-8dee-74d6e9b4abfe,First-time Borrower,46668.19,0.254,19,,,0.5664,8.85,,,,,,,True,547.0,16,2,0
f504cd84-139e-4560-a8ac-8f67984ccd0f,Small Merchant,92857.48,0.4601,21,189505.78,0.6741,0.5301,13.46,,,3.01,0.2168,,,False,,16,4,0
5b019b10-131a-415f-bd4f-49360b3aac4b,First-time Borrower,65825.95,0.0712,23,,,0.6692,7.11,2.79,0.7951,,,,,True,820.0,25,3,0
7f89d854-ffba-412d-8336-d26609fb5d09,Informal/Rural Worker,26582.45,0.3662,17,,,0.8095,1.09,2.76,0.7736,,,,,False,,30,3,0
0599b5c6-814b-45b1-8e28-b42a1c88e829,Gig Worker,36522.53,0.4304,24,,,0.8468,10.28,2.33,0.6871,,,17.59,0.0908,False,,19,4,1
21608812-18bf-4a2f-b69e-7896b6bf5713,Gig Worker,32188.54,0.4812,24,,,0.6767,12.11,1.95,0.4589,,,14.61,0.081,False,,17,4,0
a7071302-fce5-4592-ae1f-4dee49ca0778,First-time Borrower,67589.34,0.1654,21,,,0.8323,0.84,2.64,0.7936,,,,,True,684.0,19,3,0
045c8a41-6ae3-48d4-adf7-69d5290b01d6,First-time Borrower,82053.67,0.2146,24,,,0.9073,2.54,,,,,,,True,772.0,25,2,0
27df2861-401d-400a-92ac-b4ffb2312ee5,Small Merchant,98483.14,0.3686,23,232260.44,0.6778,0.6549,12.35,,,3.7,0.1563,,,True,643.0,16,4,0
133a5380-5af6-49c8-9f20-7ef61dbfdc0e,Gig Worker,31172.45,0.3349,24,,,,,2.42,0.7021,,,19.54,0.0781,False,,21,3,0
f5660878-5e6b-42dc-b016-d9b680d82e1c,Small Merchant,185280.42,0.2661,26,438718.71,0.8717,0.8889,1.3,3.06,0.9532,7.53,0.1185,,,False,,27,5,0
63894a10-8e54-4153-bd67-e971e90ca81f,Gig Worker,42214.68,0.3248,29,,,,,3.04,0.8336,,,18.55,0.1546,False,,23,3,0
76485245-6423-4783-9299-0dcbe2293491,Small Merchant,82085.86,0.4597,20,164954.53,0.54,0.5738,17.27,,,3.14,0.2268,,,False,,17,4,1
6fb44d88-f245-4abd-b88d-d7a3b643db39,Small Merchant,120434.92,0.2956,24,262605.9,0.7001,0.792,9.55,2.8,0.6591,6.34,0.1638,,,False,,16,5,1
3747fa40-abed-451d-95b1-e81dd2615cd4,Informal/Rural Worker,10291.2,0.6576,11,,,0.4829,15.04,1.37,0.4923,,,,,False,,11,3,0
b96e39ae-db70-47a4-b6ae-38710f902f17,First-time Borrower,81016.84,0.11,27,,,0.8454,4.49,,,,,,,True,755.0,27,2,0
1983c26a-9b8a-4f27-82bb-c4f63dee1d67,First-time Borrower,87253.2,0.2045,28,,,0.8918,4.43,3.02,0.8785,7.91,0.091,,,True,738.0,28,4,0
c259461e-c593-4648-bf6d-d2a40f4f7573,Small Merchant,109513.73,0.4173,23,154990.28,0.6747,0.5287,8.56,,,2.96,0.1805,18.67,0.0017,False,,14,5,0
4aa06c0f-bf9c-4d5c-a7c6-56af8800f987,Informal/Rural Worker,30025.45,0.4358,16,,,0.7915,4.88,2.67,0.8213,,,,,False,,25,3,0
99c3448f-50ce-4ca9-92ad-16bac3a5796d,Small Merchant,138471.29,0.1822,25,312518.17,0.7563,0.7882,6.96,,,7.8,0.1084,20.18,0.0509,False,,23,5,0
98f335c0-e8d2-44e7-ada6-cd215ce176ba,Small Merchant,153709.01,0.2823,25,349131.8,0.8089,0.8884,8.76,2.84,0.8101,8.85,0.1499,22.73,0.1498,False,,26,6,0
dc685246-f377-4b1b-bff1-9c401df709ee,Small Merchant,158063.91,0.318,26,333683.43,0.8207,0.9155,3.07,,,5.43,0.0747,,,False,,29,4,1
4baba79b-436f-4a75-83d6-234257376c88,First-time Borrower,33586.45,0.2483,15,,,0.6548,15.99,,,1.46,0.1609,,,True,452.0,15,3,0
67b61084-2395-4368-9f7e-2f71486c3fb9,Informal/Rural Worker,24054.26,0.3597,13,,,0.7736,3.15,3.28,0.832,,,,,False,,24,3,0
a55ced95-9d8d-4607-beb0-f25922b2f00f,Informal/Rural Worker,19185.56,0.4572,11,,,0.7179,11.91,2.59,0.5551,,,,,False,,20,3,0
727ec9ec-5a13-4652-a9d3-0af73af1ed3f,Small Merchant,98237.5,0.357,25,219351.59,0.7998,0.742,9.53,2.56,0.5808,4.39,0.1989,,,True,542.0,13,5,1
351bd359-e203-4369-8dd9-0cea67d80b17,Small Merchant,88415.85,0.4241,22,171503.62,0.6255,0.5666,10.15,2.09,0.5391,4.36,0.2562,17.64,-0.0909,False,,20,6,1
0b4004cb-f345-46a8-91ae-e239034ee1d7,Small Merchant,176439.5,0.2111,27,382603.16,0.7862,0.7836,5.3,,,6.31,0.1265,,,True,710.0,24,4,0
134b1490-ce5a-4581-a2da-ab60df871b6b,Gig Worker,42321.42,0.3741,24,,,,,2.26,0.6727,,,20.68,0.0898,False,,15,3,0
58290acd-4f6a-4af8-aa96-d7e4545fbd55,Small Merchant,162455.58,0.3012,27,350257.52,0.8531,0.8217,4.87,,,8.74,0.0951,,,False,,32,4,0
3f6b569f-3ce5-4aff-ac57-50a18d219d00,Informal/Rural Worker,15440.86,0.7017,10,,,0.6596,14.59,2.01,0.5949,,,,,False,,14,3,0
46ffa3b8-cbde-4692-9108-bd7e44a25609,Small Merchant,43825.2,0.4294,20,98616.0,0.5444,0.4572,15.62,1.33,0.5291,2.81,0.2147,,,False,,9,5,0
b71b7d78-0812-47ca-a51f-2e909e6fdf44,First-time Borrower,50940.08,0.2311,19,,,0.6277,8.91,2.63,0.5936,,,,,True,598.0,21,3,0
d02a80d1-80b5-4172-981e-bea5813db303,First-time Borrower,54135.39,0.1777,23,,,0.5797,8.0,,,6.55,0.1991,,,False,,18,3,0
060fdc24-b996-4533-acc2-f12351ca076d,First-time Borrower,77776.29,0.1691,20,,,0.9348,0.19,,,8.03,0.0594,25.93,0.317,True,738.0,27,4,0
2a4c786a-209e-4114-ad44-baa8eebcab7b,Informal/Rural Worker,24314.45,0.4263,12,,,0.8106,9.15,3.01,0.6154,,,,,False,,21,3,0
75ad1f64-fbbf-413e-9203-ba61c784cc29,First-time Borrower,41795.99,0.208,18,,,0.5137,12.37,,,,,,,True,501.0,11,2,0
e2273ce5-13e3-4983-b0e5-43de600b22db,Informal/Rural Worker,30513.33,0.3423,11,,,0.7283,8.49,2.81,0.7103,,,,,False,,25,3,0
2ffcc479-e504-4765-8475-e1b713ea4662,First-time Borrower,57400.82,0.226,18,,,0.7422,7.82,,,3.37,0.1548,,,True,684.0,22,3,0
6a85bc73-d078-4b68-8f4e-679a6cddd90d,First-time Borrower,81695.5,0.1693,22,,,0.895,2.25,,,,,,,False,,29,2,0
665f4646-e4c6-42ae-9177-5e7f0c7c36b1,First-time Borrower,69256.54,0.1535,21,,,0.6839,2.61,2.56,0.7497,,,,,False,,23,3,0
ef6f7da4-cc22-4c55-8a61-187106ecb511,First-time Borrower,58280.46,0.1615,22,,,0.819,7.11,,,,,,,True,645.0,22,2,0
112367c2-4dd2-4e71-b136-6f444389af88,First-time Borrower,64762.89,0.1657,19,,,0.5998,10.57,,,,,,,False,,18,2,0
7de34b03-85c1-446a-9a5c-0cea41941e62,Small Merchant,117587.85,0.3657,25,251861.76,0.6556,0.751,12.92,2.55,0.5309,5.85,0.1515,,,True,644.0,24,5,0
e3b36c5c-0a07-4373-affc-884037765b38,First-time Borrower,62634.22,0.2213,21,,,0.69,7.31,,,,,,,False,,19,2,0
d2e9de79-0f44-42a9-8bb6-d63ffd9e4236,Gig Worker,44343.46,0.2997,25,,,0.831,6.1,2.82,0.9201,6.76,0.1489,24.2,0.0367,False,,25,5,0
8edbb5bb-bc62-4d80-b937-8a4e7d96cad8,Gig Worker,22689.77,0.4725,17,,,,,1.54,0.568,4.81,0.2265,17.73,-0.0733,False,,11,4,0
e574dffd-be1a-42d9-a0e5-b6469651d9f9,Gig Worker,35421.16,0.3439,26,,,,,2.35,0.6749,,,19.96,0.0653,False,,19,3,0
facea35c-391d-4914-9e5b-d3892d1da4f4,Informal/Rural Worker,23509.36,0.3425,14,,,0.75,10.43,2.41,0.7475,,,,,False,,20,3,0
6873da00-0420-4902-b31f-0f017ddc2fd7,Small Merchant,185689.89,0.1635,26,365237.9,0.8201,0.8645,0.0,,,9.11,0.1487,22.93,0.2055,True,757.0,26,5,0
aeaed83b-9d84-4f7e-8202-e814a583acf1,Small Merchant,195077.57,0.2036,27,396180.41,0.8762,0.9044,5.75,,,9.64,0.0924,,,False,,28,4,0
42c893c2-e68a-4b91-8a6d-2fdf46534434,Gig Worker,20405.03,0.4828,18,,,0.3582,15.22,1.57,0.4798,,,10.05,-0.0657,False,,13,4,1
675aca69-c011-46f8-988b-3a845019f24d,Gig Worker,17926.07,0.4094,22,,,,,1.67,0.513,1.97,0.2322,15.35,-0.1398,False,,17,4,1
0ec3dc9c-c345-42ef-bc1e-4a188365a8fe,Gig Worker,35620.4,0.3693,22,,,,,1.72,0.6594,,,18.17,-0.0974,False,,20,3,0
38e54578-7b76-4516-938b-99f5431cf591,Informal/Rural Worker,17828.0,0.5844,12,,,0.6517,12.19,1.6,0.5721,,,,,False,,17,3,0
e4d03735-5fb5-452e-afe3-841505d88487,First-time Borrower,83536.75,0.225,26,,,0.8289,3.55,,,,,,,True,831.0,33,2,0
aa81d347-c88c-4251-99cd-448ccc4360f5,Gig Worker,40703.99,0.2519,23,,,0.76,3.38,2.43,0.7208,8.2,0.1698,22.85,0.1361,False,,21,5,0
2f6055de-c9be-491a-bf8b-d45a6a7c9438,Informal/Rural Worker,25502.24,0.3809,16,,,0.8419,10.97,1.97,0.647,,,,,False,,14,3,0
f3534558-3f3a-4be6-9428-d357918eaca5,Informal/Rural Worker,21518.16,0.4922,13,,,0.7258,11.34,,,,,,,False,,21,2,0
707e46d7-f033-4645-b098-247803612fd0,Small Merchant,101419.48,0.3954,22,201846.13,0.7215,0.5895,6.21,2.5,0.7954,5.02,0.1966,,,True,628.0,13,5,0
ea28d554-f966-48ab-9498-4c2d75853eeb,First-time Borrower,38830.79,0.187,16,,,0.5859,11.5,,,,,,,True,545.0,21,2,1
37682720-2c7e-4eb0-ae06-61f98d368124,First-time Borrower,58008.24,0.2768,15,,,,,2.28,0.7114,,,21.52,0.0287,False,,16,3,0
db49867c-5122-43f2-baf3-7b123789894e,Informal/Rural Worker,26071.69,0.5134,14,,,0.7765,6.76,2.36,0.7823,,,,,False,,22,3,0
a94907e8-29a2-4122-b0b0-3ef4aded0cbf,First-time Borrower,47695.58,0.1738,17,,,0.7098,12.3,2.25,0.6439,6.08,0.1477,,,True,611.0,20,4,0
149db73c-2b42-4f34-bdf7-e95040669787,Informal/Rural Worker,21278.21,0.4366,11,,,0.6667,13.39,2.18,0.6713,,,,,False,,14,3,1
4692e2f5-4e8a-41ca-a0ee-0804b8e4d296,Informal/Rural Worker,27651.52,0.3352,22,,,0.81,5.39,3.34,0.8394,,,,,False,,33,3,0
7f330653-1084-4187-a92b-1b6e28b8c196,Gig Worker,18025.75,0.4591,20,,,,,,,,,13.29,0.0292,True,498.0,13,2,1
e82738c5-b73e-4d3c-81fd-245e6563e60b,Small Merchant,46548.86,0.4562,20,52537.26,0.5067,0.4164,18.0,,,1.92,0.2148,,,True,431.0,5,4,0
6915a256-9378-43fd-8ef1-b9ba91f21bad,Small Merchant,168591.07,0.1982,23,312507.51,0.7266,0.6399,6.29,,,6.84,0.1206,,,False,,20,4,0
421f6cd9-45b6-4991-9647-e017f6357fa8,First-time Borrower,75597.67,0.2389,26,,,,,,,7.87,0.1314,23.17,0.1271,True,769.0,30,3,0
05007924-538c-4331-b4b8-e6a884118aec,Gig Worker,31057.12,0.3855,24,,,,,1.78,0.5164,,,17.86,-0.0303,False,,20,3,0
04a97850-8c89-474c-869b-1eab035c1e50,Informal/Rural Worker,19233.41,0.37,16,,,0.5902,7.07,1.95,0.6427,,,,,True,610.0,22,3,0
dc32872c-c241-443b-ab72-d4cd052ff89c,First-time Borrower,63522.27,0.1761,19,,,,,,,,,,,True,565.0,15,1,0
03774852-8c9f-4dff-a5aa-cc557d0ab7af,Informal/Rural Worker,19624.1,0.489,13,,,0.6309,10.73,,,,,,,False,,14,2,1
196cca2d-dece-49f0-bef2-1b36f352406e,Gig Worker,26117.76,0.5109,20,,,,,1.6,0.5238,5.02,0.2281,16.6,0.0139,False,,12,4,0
2d773099-8791-4585-a81a-e49472dd34c6,Informal/Rural Worker,14958.49,0.4749,13,,,0.7383,11.65,1.74,0.6274,,,,,False,,11,3,1
52fd0bd3-4ce3-4056-a207-5aa1b7a8c491,First-time Borrower,52798.17,0.2828,23,,,0.611,12.62,,,4.82,0.1566,,,True,553.0,18,3,0
3557876d-0119-4081-985d-adcdc335f0ad,Small Merchant,154327.33,0.2615,27,330401.71,0.9028,0.7247,6.26,,,8.16,0.0664,,,True,694.0,28,4,0
b0593f04-9f1e-4b10-adb7-a8b3ae2c2188,Gig Worker,28537.91,0.386,25,,,,,1.98,0.5768,5.54,0.1707,17.51,-0.0397,False,,23,4,0
e95a0e8b-cdcd-4cd8-a974-8c3897783e41,First-time Borrower,56075.66,0.1594,25,,,0.5655,13.0,,,,,,,True,608.0,21,2,0
26ab32a3-5749-4bc8-9891-95fc0d13dfed,Informal/Rural Worker,27215.6,0.3702,16,,,0.6516,9.72,2.66,0.7499,,,,,True,662.0,22,3,0
4fc6b458-f267-432d-930c-75a39286fd2f,Informal/Rural Worker,20858.35,0.4455,9,,,0.5899,16.27,1.59,0.585,,,,,False,,14,3,0
43c57a70-0ee6-4c4d-aacf-76641b47b4e2,First-time Borrower,59032.11,0.1139,18,,,0.612,8.61,,,,,,,False,,18,2,0
8124a24e-eefe-42da-bb7d-9c3a266f794c,First-time Borrower,58638.34,0.2067,21,,,0.5996,11.2,2.38,0.7101,3.77,0.1702,,,True,520.0,15,4,0
54554f3c-c474-48bf-9d4c-35c6609ef808,Gig Worker,36095.26,0.3496,28,,,,,2.23,0.7909,5.81,0.164,20.92,0.0196,False,,24,4,0
54b3e352-4c76-44ef-9f48-928742af782d,Gig Worker,39078.1,0.3904,23,,,,,2.66,0.7364,7.22,0.1553,19.4,0.0349,False,,17,4,0
ccc8a836-4e8f-4977-b348-64363abab36f,First-time Borrower,34239.29,0.2509,15,,,0.4531,17.47,,,3.36,0.2471,,,True,477.0,8,3,1
79d04a96-9ebe-4d77-89fa-2f956b18780e,First-time Borrower,71156.74,0.1558,26,,,0.7285,3.58,3.26,0.7218,,,,,False,,23,3,1
f4f15881-d2fb-490e-bda2-74b157723886,Gig Worker,29626.17,0.461,20,,,0.5461,13.38,1.62,0.5108,5.76,0.2627,15.99,-0.0587,False,,13,5,1
9d1d14a3-f06c-4355-9dcf-3933bfa56bad,Informal/Rural Worker,15332.49,0.433,12,,,0.6719,7.78,2.16,0.5975,,,,,False,,18,3,0
21f4340e-5fff-4b7b-b54d-094504aef65a,Gig Worker,32654.03,0.3388,23,,,,,2.28,0.7789,,,22.35,0.1193,False,,26,3,0
4833666e-a54c-4975-8e09-533508534020,Informal/Rural Worker,28195.11,0.3287,16,,,0.9649,0.5,,,,,,,False,,31,2,0
79a97e7b-c096-4848-96ca-6509aa6c65db,Informal/Rural Worker,23434.29,0.5603,10,,,0.8372,7.62,2.27,0.6644,,,,,False,,21,3,0
bbd4247a-969b-4616-9fbc-fc59a3a16a1e,First-time Borrower,95551.09,0.1509,25,,,0.8791,5.31,,,,,,,True,726.0,30,2,0
49f887f5-55c8-4b7b-9d67-6fe0a4ae8657,Gig Worker,51163.55,0.2774,28,,,,,2.45,0.6992,,,23.24,0.2407,True,720.0,23,3,0
7d7a7cf3-8f54-41ef-8c11-a9a87ea41f6b,First-time Borrower,61607.71,0.1577,20,,,0.6788,8.89,2.65,0.7359,7.73,0.1117,,,True,659.0,22,4,0
c2f3d1f8-fa89-4192-a04d-8430a02c0912,Gig Worker,37776.64,0.2872,21,,,0.7359,4.34,2.9,0.6618,,,,,False,,20,3,0
a0d54a88-f6d1-4f3f-9f0c-41be94b4a78c,First-time Borrower,76295.42,0.2113,22,,,0.8363,3.78,2.69,0.7421,,,,,False,,25,3,0
3d097b7b-a968-4a48-ae19-b8362d157a33,Informal/Rural Worker,27149.68,0.4251,21,,,0.8891,5.55,3.66,0.7884,,,,,False,,31,3,0
47cb60a7-f515-4ac8-bf30-a1f80a0b45ad,Gig Worker,33112.51,0.3757,23,,,,,,,,,19.46,0.0176,False,,22,2,0
0f77f085-553a-41b0-a635-843f8ca277e0,Informal/Rural Worker,12824.43,0.5478,12,,,0.6367,14.08,1.53,0.582,,,,,False,,14,3,0
b65d5f0a-ddd8-42e7-aab6-a81a23d728f2,Small Merchant,70017.22,0.4459,21,174973.35,0.6702,0.5585,13.12,,,4.99,0.1807,,,True,577.0,17,4,0
6d26f8c6-e2da-446b-91e7-397cf5bf504b,First-time Borrower,61728.56,0.2256,22,,,0.6752,9.45,,,,,,,False,,23,2,0
c3b46a35-1815-4f50-8910-2edce217f940,Small Merchant,164288.24,0.2951,25,328417.23,0.8491,0.8237,8.13,2.29,0.8186,8.74,0.1292,,,False,,26,5,0
39aea26f-da06-47af-8d3b-b6cbd5e9e14d,First-time Borrower,33679.24,0.2909,14,,,0.6087,14.13,2.07,0.6075,3.48,0.2064,,,True,534.0,7,4,0
00dfb0cf-7b1e-4f2c-bb68-c9b73644131c,Informal/Rural Worker,27640.96,0.3895,17,,,0.8181,5.12,2.96,0.7581,,,,,False,,20,3,0
44a0faf8-91bc-4d19-9b46-9be556efb8c2,First-time Borrower,60216.79,0.1837,16,,,0.578,14.36,,,,,,,True,557.0,17,2,0
c1b91c20-57fb-46c6-b022-005843e883fb,First-time Borrower,71697.63,0.1636,23,,,0.8868,2.07,,,7.3,0.1346,,,True,767.0,22,3,0
709249f4-90df-4bed-9962-d3a787c694e5,Informal/Rural Worker,29754.85,0.3124,20,,,0.6868,5.99,2.5,0.7478,,,,,False,,21,3,0
4d7a9871-a3f8-400f-a9f2-b3dcad7d390c,Small Merchant,102883.2,0.3536,21,224792.84,0.7236,0.7074,8.78,2.17,0.705,3.24,0.212,,,False,,20,5,0
87528ea3-7774-4c8a-b0de-dd5e9a8e43bd,Small Merchant,82608.54,0.3598,25,207022.33,0.5372,0.6132,12.75,1.58,0.5888,4.26,0.1673,,,True,548.0,16,5,0
f2797045-24aa-4dee-9ae4-e1d986d135eb,Small Merchant,109661.26,0.2839,23,223246.12,0.818,0.6842,11.23,,,4.15,0.1744,,,False,,16,4,0
81a6c5d8-963f-4ad3-ba1a-16ebcd4325eb,Gig Worker,35478.73,0.4334,22,,,,,1.88,0.6817,,,,,False,,19,2,1
a0dad7c8-f9fe-45cc-a905-4d2fda6ba82c,Gig Worker,41801.69,0.2734,24,,,,,2.89,0.8736,,,25.73,0.2071,False,,27,3,0
974e7363-4ac8-465d-8c0d-fd530542414c,Gig Worker,36531.84,0.3441,19,,,,,2.13,0.5845,,,17.07,-0.009,False,,17,3,0
a8260442-1673-4791-a927-73cb68a97fcf,Small Merchant,80598.52,0.4305,19,125706.09,0.5826,0.5474,9.16,,,4.75,0.2834,14.0,-0.0749,True,517.0,15,5,0
f670e81f-68e9-4c8a-9d58-ad7ab82bb7cc,Gig Worker,41766.96,0.2692,25,,,0.8465,8.97,2.57,0.6653,,,24.84,0.055,False,,22,4,0
2a859add-1a1d-4554-9efe-f9c95b457d98,Small Merchant,133157.94,0.2257,24,330443.46,0.8034,0.8245,8.74,2.6,0.6886,6.6,0.1795,,,False,,26,5,0
5ba67244-f141-4e8f-999e-19091dcadc0d,Informal/Rural Worker,25657.82,0.3576,18,,,0.8561,8.13,2.44,0.8394,,,,,False,,23,3,0
5ed8f369-f28a-46f5-b0fe-ef97b2d4ecab,Informal/Rural Worker,19905.58,0.3894,15,,,0.6295,8.25,2.32,0.6593,,,,,False,,21,3,0
39e1d0da-042e-4772-b0a9-3c872d507647,Informal/Rural Worker,27798.46,0.4622,18,,,0.7737,4.21,2.83,0.7728,,,,,False,,30,3,0
99520c44-624e-40ea-bf69-d5b0723cc521,Informal/Rural Worker,21712.98,0.5272,11,,,0.6983,9.25,1.96,0.5913,,,,,False,,30,3,0
ac10d366-4abc-4dc5-b1ba-42d3a108b7a8,First-time Borrower,54471.73,0.2515,18,,,0.6184,8.08,,,,,16.76,-0.0327,False,,15,3,0
3ddd1206-06b6-4c5f-a44e-446b85a7a32e,Small Merchant,75872.45,0.3784,25,171691.58,0.6812,0.5975,15.9,1.54,0.5197,2.03,0.2396,,,True,491.0,10,5,0
7891126c-0d0e-465e-a43e-6996e9b31950,Small Merchant,98781.63,0.3139,22,188006.96,0.6616,0.656,12.14,,,3.73,0.1885,,,True,559.0,19,4,0
a8f1cd5b-715c-4dde-88eb-f466d979e030,Informal/Rural Worker,11994.77,0.6297,11,,,0.5614,14.47,1.57,0.5482,,,,,False,,15,3,0
39ed21bc-22ee-4b43-be2d-d92b371f8fc3,Gig Worker,36881.65,0.2984,23,,,,,2.34,0.7249,,,,,False,,19,2,0
5acf053d-8c28-4a01-810b-361ad38036be,Gig Worker,39125.84,0.4201,20,,,,,2.27,0.6709,5.66,0.1615,18.63,0.0323,False,,20,4,0
f4b4f641-4568-4664-954b-618126a6f446,First-time Borrower,46378.4,0.2406,18,,,0.6521,6.34,,,4.37,0.1829,,,False,,16,3,0
10af6c30-6a8b-4711-bef7-d5124f3a34ea,Informal/Rural Worker,32116.48,0.3145,19,,,,,3.95,0.941,,,,,False,,26,2,0
b2e111ff-4822-49a3-8d63-88741bb78dcf,First-time Borrower,39700.02,0.1825,16,,,0.4641,12.62,1.97,0.5664,,,,,True,478.0,9,3,1
0f5be0d4-42b1-4a71-a24d-20bd4813cf18,Small Merchant,103622.7,0.316,23,233395.15,0.6885,0.6707,6.45,,,6.42,0.214,,,False,,21,4,0
ee685a2a-4009-4dd8-8aaa-2483bdf3b3d0,Gig Worker,46862.22,0.4156,24,,,,,2.4,0.5739,,,17.8,0.1011,False,,21,3,0
c2315f91-9d6d-431d-80f7-672812ff6388,First-time Borrower,38544.19,0.2154,17,,,0.5623,12.74,1.54,0.5265,1.81,0.2232,,,False,,9,4,1
bc4aa51c-b3bf-40d8-a6e5-6243cdb301b2,Small Merchant,175285.43,0.2733,28,407888.7,0.8269,0.8842,2.26,,,,,,,True,756.0,25,3,0
452ce242-d2bc-48c6-8fd7-0f4788604584,Small Merchant,199153.56,0.3151,28,376338.61,0.8433,0.9125,3.56,3.42,0.8498,7.84,0.0919,,,False,,29,5,0
aff9a040-3d56-41e0-a40f-fc8b15bab585,First-time Borrower,54554.03,0.1337,24,,,0.8501,6.2,2.95,0.6549,,,,,True,714.0,23,3,0
c67d5d4b-449f-492e-8885-8ac58e64a30d,First-time Borrower,29238.76,0.257,13,,,0.584,15.66,,,,,,,False,,12,2,0
01db680d-f4db-4ea7-ba1d-1b9fbd85ea53,Small Merchant,161502.12,0.2921,26,377720.27,0.8486,0.7208,6.24,,,8.48,0.1527,,,False,,24,4,0
39f6bec5-47c7-410f-ac52-ea6f01ae2be8,First-time Borrower,62656.7,0.2665,19,,,0.6173,5.84,2.11,0.6672,4.96,0.1669,,,True,610.0,12,4,0
0243bf51-cdea-4dc8-9328-974d36e54b3b,Gig Worker,44131.84,0.3532,22,,,,,2.99,0.7962,,,22.43,0.1138,True,622.0,19,3,0
7e3fea53-0d46-414a-8b84-0b1e43eeeae8,Informal/Rural Worker,34623.42,0.2865,22,,,0.9857,1.49,2.94,0.8862,,,,,False,,30,3,0
d05fc194-6c2f-47f6-820f-9c9fb26680e4,Gig Worker,30134.59,0.3122,19,,,0.8075,5.94,2.2,0.6681,,,19.57,0.1448,False,,19,4,0
4a31c263-bb7b-4d30-af1f-b3f4902239d3,First-time Borrower,75897.2,0.1462,25,,,0.8257,1.35,,,7.93,0.1439,,,True,785.0,30,3,0
c7c653e9-5181-47ec-968a-414c2c07ad8b,Gig Worker,29156.18,0.4607,20,,,,,1.78,0.5313,,,18.4,-0.028,False,,17,3,1
9a607bbb-aa89-43e1-92e0-c61d77c3afee,First-time Borrower,66523.98,0.1709,24,,,0.7848,6.47,,,6.52,0.2057,,,True,673.0,27,3,0
071600c2-5e27-4e79-8663-59bc9d336b48,First-time Borrower,33722.0,0.2859,10,,,0.5439,11.26,,,,,,,True,432.0,11,2,1
97034c5b-b74e-4533-9b32-0f636d481c4f,Small Merchant,128613.38,0.3436,23,239176.39,0.6958,0.6297,12.77,,,2.5,0.2036,,,False,,11,4,0
88200896-8eee-476f-9d93-bc47e4d5f262,Small Merchant,151365.17,0.3711,25,273303.1,0.8184,,,,,8.58,0.1238,,,False,,23,3,0
41d59e92-6523-42ca-ba6a-3be351e4de43,Informal/Rural Worker,23322.34,0.2887,16,,,0.8258,6.54,3.51,0.8621,,,,,False,,23,3,0
cedfe071-0175-41b6-82f6-463425c858bc,Small Merchant,61317.3,0.3187,22,175239.44,0.574,0.579,10.08,,,3.96,0.2034,,,True,496.0,9,4,1
c1fedb8e-754c-4f23-a1f2-20a7c8730729,Informal/Rural Worker,17473.19,0.4514,15,,,0.6485,8.55,2.5,0.6892,,,,,False,,20,3,0
11eaa686-c189-434f-858c-0c06add1d9ac,Gig Worker,50264.49,0.3261,28,,,0.8686,4.25,3.16,0.8416,10.25,0.0823,20.0,0.2314,True,694.0,26,5,1
a1fc55ab-c5d0-4c45-82ea-7109bc8aa6e1,First-time Borrower,67875.01,0.185,21,,,,,2.73,0.7958,,,,,True,673.0,29,2,0
2f49dc6a-a0af-4fda-8cf8-156a31b2e5bd,Gig Worker,34667.96,0.3963,22,,,,,2.28,0.802,,,23.58,0.0317,False,,18,3,0
3012aed8-87e1-4aae-9418-d8dc23bb8410,Gig Worker,41159.59,0.4001,28,,,,,3.02,0.7544,,,21.23,0.215,False,,25,3,0
fb2269c6-e277-48b7-8dc0-d9d17c5d76a2,First-time Borrower,88784.78,0.2267,21,,,0.7513,5.31,,,8.3,0.1224,,,False,,24,3,0
086f0338-ae3b-449b-9464-5eb715a58efe,Informal/Rural Worker,17398.57,0.6014,11,,,0.6452,8.15,2.27,0.6574,,,,,False,,20,3,0
9814d1bf-d4ec-47d7-bddb-2fc7a9d9301a,First-time Borrower,40738.28,0.2748,15,,,0.6829,12.79,2.3,0.6061,,,,,True,585.0,17,3,1
abe876cb-c022-4cb4-8647-ca296ebf0c30,Small Merchant,111457.16,0.3009,23,250545.64,0.6422,,,,,4.87,0.1784,,,False,,18,3,0
ead6c541-ce77-4996-94ad-9fc830db5fe1,Small Merchant,95376.75,0.4933,20,179769.68,0.6146,0.6381,11.41,1.47,0.5848,1.83,0.2115,,,False,,14,5,1
d6a3b825-c5cd-40fb-a3e6-bb1f15a05096,Informal/Rural Worker,18354.37,0.5082,14,,,0.6242,11.33,2.99,0.6037,,,,,False,,16,3,1
e38c1dfa-f929-436a-811c-c1f7364feba1,First-time Borrower,40368.23,0.2351,15,,,0.6854,10.17,,,,,,,False,,19,2,0
9b2f3456-478b-45e0-b228-3302e04ca4c3,Gig Worker,43457.73,0.3269,23,,,,,2.23,0.966,,,21.95,-0.0045,False,,22,3,0
f57bf365-4822-4bb7-b3a7-9f06033db4e7,Small Merchant,174344.01,0.2076,29,403252.48,0.8663,0.8795,4.58,,,8.74,0.1035,,,False,,26,4,0
31afb724-aa2c-439b-8286-5f39f4f884ec,First-time Borrower,68700.1,0.1789,20,,,,,2.78,0.734,,,,,True,666.0,22,2,0
3e1ed7d6-f776-4cd6-82b2-13607e0d8a2e,Informal/Rural Worker,22594.75,0.3496,12,,,0.7522,7.48,2.57,0.6924,,,,,False,,25,3,0
39c51a02-953b-4d33-9f5d-0aa33ed93a57,First-time Borrower,34834.52,0.2619,14,,,0.491,17.42,,,,,,,True,440.0,7,2,0
5aca1412-e436-42ff-9c0a-e4e460b61570,Gig Worker,45782.19,0.2958,24,,,0.8002,11.09,2.63,0.7562,,,21.49,0.0571,False,,20,4,0
db7fcf3e-f239-4f71-b29c-dc3c2f7f9f12,Small Merchant,82689.15,0.3718,22,177735.6,0.728,0.5643,8.1,,,4.76,0.1302,,,False,,13,4,0
7daba465-9cfa-4f29-a996-811bca14bffb,First-time Borrower,48410.08,0.2256,20,,,0.6993,11.79,,,,,,,True,604.0,22,2,1
4d60ec05-5fdc-4dd4-92fd-13eaa07ba26e,First-time Borrower,80433.77,0.1287,23,,,0.6531,6.99,,,7.96,0.1406,,,True,686.0,27,3,0
6a6f15dd-ca48-4181-96fc-93eae3762dd4,First-time Borrower,71643.91,0.1688,23,,,0.8667,8.07,2.82,0.7958,6.8,0.1557,,,True,677.0,22,4,0
f43d38ad-b400-4492-a142-550321472748,Gig Worker,38834.36,0.4588,24,,,,,2.19,0.7597,,,24.15,0.1204,False,,18,3,0
a3e222f9-1216-40eb-907c-71b5fc6b957e,Informal/Rural Worker,24766.01,0.3701,15,,,0.7992,4.5,3.01,0.6512,,,,,False,,23,3,0
64a84c6a-66cb-416b-97c8-83bb7a8e2b44,Informal/Rural Worker,13185.7,0.5149,11,,,,,1.37,0.5531,,,,,False,,13,2,0
a3dc2b91-f728-4ba0-893b-f3ab567d7b2a,Small Merchant,155691.86,0.323,26,368321.19,0.8619,0.8539,3.82,,,8.37,0.1348,,,False,,20,4,0
3482f8d2-df67-496e-a5b3-a9efddab8971,First-time Borrower,76201.08,0.1297,26,,,0.7346,9.45,2.57,0.8218,4.57,0.1273,,,True,662.0,24,4,0
8692f1cb-4c48-471c-9199-58e5cdb3e806,First-time Borrower,41799.52,0.2409,17,,,0.6493,10.76,2.1,0.6482,,,,,True,620.0,17,3,0
39e84791-a74e-44bf-b687-a3565d81ecf4,First-time Borrower,56398.31,0.2393,15,,,0.7264,10.74,,,,,,,True,634.0,12,2,1
b3c470ab-1fc4-4ce6-abed-648e91e7f3b4,Informal/Rural Worker,22010.91,0.4374,16,,,0.7433,7.36,2.65,0.7281,,,,,False,,19,3,0
29e7630e-2fdc-4510-9af9-6c93b9cc275f,Informal/Rural Worker,20569.2,0.437,14,,,0.6618,8.12,2.23,0.566,,,,,False,,18,3,0
7098db6a-9f7b-479d-b043-9c5e23ff05ff,First-time Borrower,45037.88,0.187,17,,,0.48,15.87,,,,,,,True,525.0,8,2,1
f53a76b9-b689-439a-8b8c-96e2298b2206,Informal/Rural Worker,22595.56,0.3677,21,,,0.7753,5.6,2.74,0.7643,,,,,False,,23,3,0
67c67732-e2be-4fd4-954c-7ecb94056995,Informal/Rural Worker,22380.92,0.5117,12,,,0.5671,9.67,1.44,0.4336,,,,,False,,11,3,0
9b906a2b-4aaa-484b-89f9-91930fac9515,First-time Borrower,58618.58,0.2282,20,,,0.7117,11.83,,,5.96,0.187,,,True,620.0,12,3,0
fc0524d9-066d-4c54-a01e-e5e78c96bc88,Informal/Rural Worker,16391.09,0.5473,10,,,0.3983,13.84,2.41,0.5631,,,,,False,,15,3,1
dd3df64e-f341-450a-b12c-a2d1c12783a9,Small Merchant,163927.39,0.2971,25,310116.55,0.7774,0.6505,5.1,,,7.4,0.1182,,,True,643.0,20,4,0
b855f8e0-c0f7-4737-8d02-3b2c68053a3c,Gig Worker,33892.7,0.3803,20,,,,,2.13,0.8041,5.65,0.1285,22.94,0.0558,False,,16,4,1
d14a7d62-d489-4260-8b48-b8c6094438f4,Informal/Rural Worker,19328.94,0.5247,16,,,0.6929,8.19,,,,,,,False,,22,2,0
8a9ac403-82aa-4588-822c-32a0063e403d,Gig Worker,47074.5,0.3096,25,,,0.8506,5.36,,,8.63,0.0766,22.7,0.1524,False,,21,4,0
8d01266a-590c-4dbb-9bc4-7b84918a4910,Informal/Rural Worker,29848.84,0.4393,18,,,0.7884,2.35,2.88,0.8686,,,,,False,,31,3,0
e40a1a6b-d491-4453-aa02-05321100811a,First-time Borrower,56192.84,0.1701,20,,,0.6829,6.74,,,6.34,0.172,,,True,671.0,22,3,0
ed5e3459-98bb-47dc-98c9-6ddcfb11f927,Informal/Rural Worker,12278.19,0.6122,8,,,0.6084,14.53,1.06,0.4963,,,,,False,,5,3,1
d9fd679c-e1b2-4abc-b7e7-2d7a734ff808,Informal/Rural Worker,27013.06,0.2826,16,,,0.8425,2.97,2.63,0.8105,,,,,False,,32,3,0
a0d9bfb4-2e0d-412a-ace9-082ff39fd048,Informal/Rural Worker,25757.73,0.3151,15,,,0.8077,5.08,3.59,0.7645,,,,,False,,25,3,0
da7a5e15-4a4b-47ef-b402-718cd5deb0d0,First-time Borrower,31618.34,0.2664,16,,,0.6042,12.01,,,5.06,0.2086,,,True,631.0,13,3,1
82ccf102-5e3c-4d30-8688-f1258fab5412,Gig Worker,31978.25,0.3918,23,,,0.7794,11.71,1.68,0.4865,,,18.74,-0.1705,False,,16,4,0
732391b7-c64f-492a-9273-d0e65e785dbf,Small Merchant,181814.88,0.2742,26,337968.12,0.8071,0.6855,6.49,,,7.41,0.1079,20.12,0.2722,False,,22,5,0
cb0d0749-0020-4245-80b2-f361026e258a,First-time Borrower,51579.73,0.2725,18,,,0.6774,9.62,1.64,0.5425,4.13,0.2619,,,True,581.0,14,4,0
126757ae-9c46-4572-8b17-0dce629dd8c4,First-time Borrower,68239.69,0.1524,20,,,0.8286,11.25,2.74,0.6303,,,,,False,,24,3,0
5a409d42-d866-4965-97d0-7fd30431c2b9,First-time Borrower,79589.22,0.1176,23,,,0.824,2.11,,,7.92,0.1027,22.67,0.0861,True,764.0,26,4,0
e7d101f9-3290-4418-987c-84162ace6781,Small Merchant,135020.85,0.3464,23,281235.22,0.6367,0.6763,8.89,2.72,0.8466,6.71,0.1869,,,False,,22,5,0
07096d39-c053-40bd-84be-e4b97b68d571,Gig Worker,41170.67,0.3237,25,,,,,2.77,0.8189,7.7,0.1539,23.57,0.1426,True,621.0,21,4,1
116b6509-dd49-4459-97a1-b54862c55265,Gig Worker,43114.12,0.3657,24,,,,,3.6,0.8555,,,25.34,0.0434,False,,24,3,0
4dd232d8-2c0f-4cbd-92f0-80ae5b66c503,Informal/Rural Worker,20924.44,0.405,16,,,0.6833,8.1,2.16,0.7516,,,,,False,,21,3,0
915605a4-9e43-4b85-9afc-ab9ca00a4068,Informal/Rural Worker,26869.51,0.4428,18,,,0.7471,4.95,3.09,0.7917,,,,,False,,23,3,0
72077d80-8de5-4955-a41c-49c4443a7366,First-time Borrower,65327.5,0.1824,20,,,0.689,4.72,2.4,0.7797,,,,,True,676.0,22,3,0
799d83dd-9d69-4cec-bc31-a8cb69c68086,Informal/Rural Worker,11887.38,0.7317,9,,,0.4865,16.65,,,,,,,False,,7,2,1
94c4917b-97f4-4085-8ff0-4cc71c49b0dc,First-time Borrower,59554.51,0.1814,23,,,0.6326,11.04,,,,,19.48,0.0626,True,666.0,21,3,0
03925ec1-ba82-43b7-83e6-ac74f5208341,Informal/Rural Worker,26633.48,0.5691,16,,,0.7216,12.11,1.68,0.6112,,,,,False,,17,3,0
634b8855-199d-4aff-9da6-fe681c4d6e7b,Small Merchant,79621.98,0.5586,21,187441.87,0.6253,0.6038,12.58,,,5.24,0.2267,14.69,-0.004,False,,16,5,1
14d7427e-e3ca-4059-b3a7-9e25b20b2338,First-time Borrower,30288.89,0.2836,10,,,0.4327,17.75,,,,,,,True,483.0,8,2,0
d962ee37-893f-4b32-a64f-121ad68a1fef,Informal/Rural Worker,19517.95,0.4894,10,,,0.6485,9.45,2.05,0.698,,,,,False,,15,3,0
aee28112-3e7a-4e1e-b531-ed90763b50eb,Small Merchant,104714.94,0.3711,25,222271.39,0.6073,0.7069,8.29,2.79,0.6913,6.41,0.194,18.53,-0.0553,False,,16,6,0
72fab4b2-feec-4d21-a4b4-159d97ff0398,Informal/Rural Worker,18973.26,0.4194,12,,,0.6561,8.77,2.13,0.677,,,,,False,,17,3,0
043516ba-e4f4-4d4a-9b64-1068c0df6df7,First-time Borrower,70527.9,0.2143,21,,,0.6838,6.61,,,,,,,True,698.0,23,2,0
fa0b95cc-a7f4-4141-b82c-68bf1b390ddc,Gig Worker,52226.74,0.2861,25,,,,,3.26,0.9037,,,27.54,0.0339,False,,32,3,0
146a04b6-d3d1-4fa0-b79e-18c4cad5f889,Gig Worker,35552.72,0.3641,20,,,,,,,,,17.21,0.0732,False,,18,2,0
5912403b-0177-437c-93d0-c6919b1fe2c2,First-time Borrower,35116.76,0.2797,15,,,0.6725,13.76,,,2.54,0.184,,,True,550.0,11,3,0
384362c6-ed7c-4f21-9d68-4f19022db228,Gig Worker,46674.57,0.371,29,,,,,3.05,0.941,12.08,0.0614,26.18,0.2013,False,,27,4,0
fd16403f-ad8b-4047-8b2c-a77dbac1dbb6,Informal/Rural Worker,13934.01,0.5786,10,,,0.5286,13.51,1.34,0.4035,,,,,True,503.0,7,3,1
33fd076a-7f9e-4273-b974-0dea2a008ac0,First-time Borrower,57598.55,0.2229,19,,,0.7304,8.07,,,,,,,False,,19,2,0
c0202ac0-9651-45c0-86e0-730afac9c1bb,First-time Borrower,41821.76,0.2568,17,,,0.5951,13.58,1.26,0.3759,,,,,True,594.0,14,3,0
a64f1e77-d72f-47a1-a723-37c31bb90c0d,Gig Worker,50248.21,0.3698,21,,,,,2.62,0.8096,5.93,0.0967,23.06,0.1701,True,734.0,31,4,0
6c3d44ab-3bd0-41e2-b47f-a389fbfe43a8,Informal/Rural Worker,21905.29,0.4823,14,,,0.6855,9.61,,,,,,,False,,18,2,0
2152cf15-be14-4bc1-a852-46eaef72955a,Gig Worker,25485.01,0.4629,18,,,,,1.89,0.5927,3.26,0.2472,12.06,-0.0649,True,479.0,9,4,0
18d9436a-b161-4084-8c8c-2725b7a33117,Gig Worker,34556.9,0.3996,22,,,,,2.77,0.7324,,,17.19,0.0218,False,,19,3,0
daf29a15-34b9-4028-894f-e8c81fa52aa1,Gig Worker,36551.55,0.5237,18,,,,,2.14,0.5417,,,20.31,0.0578,False,,14,3,0
5501dd9c-fff5-4813-a240-7040ae3598ef,First-time Borrower,68517.7,0.1174,24,,,0.81,5.47,3.13,0.8149,,,,,True,743.0,16,3,0
24bd7488-f79b-4d14-abb1-4bf263b6d190,Informal/Rural Worker,30080.34,0.3747,20,,,0.7905,6.98,3.22,0.8246,,,,,False,,25,3,0
bed93c7e-4401-4698-9a9d-0064167d4eaf,Small Merchant,132691.13,0.3414,25,323343.29,0.6145,0.8003,10.3,,,8.55,0.0944,,,True,708.0,26,4,0
f7d1ce4e-e153-4a5a-a4bf-a92e95212332,Informal/Rural Worker,17042.35,0.4754,9,,,0.4958,13.61,2.3,0.5348,,,,,False,,13,3,0
c0a70ce9-da07-4c33-a263-f42bf1ddd679,Informal/Rural Worker,34053.19,0.3935,21,,,0.9159,4.44,3.25,0.888,,,,,False,,30,3,0
6453fb0d-47f6-4569-8cc8-892436ad0a42,Informal/Rural Worker,22231.23,0.2114,15,,,0.7908,6.31,2.15,0.7317,,,,,False,,27,3,0
cbfdb72e-afbe-4add-9727-c16c5ddd8000,Informal/Rural Worker,18004.08,0.4746,13,,,0.729,10.08,1.9,0.6596,,,,,False,,16,3,0
192cdee8-75c0-40ff-8982-832209b08419,Informal/Rural Worker,26480.81,0.4113,14,,,0.6868,7.62,2.47,0.7381,,,,,False,,22,3,1
798f6b25-1b04-4045-9438-f56fff5718cb,Small Merchant,105401.96,0.373,22,307448.66,0.705,0.5903,9.74,,,4.62,0.159,18.08,-0.0268,False,,20,5,0
c0bd5de7-cd7e-4ddb-9e99-58edb7d7f90d,Small Merchant,104723.48,0.4405,25,251737.18,0.7189,0.5885,7.66,,,5.65,0.1529,18.89,0.0844,True,613.0,21,5,0
9cad69f3-f4da-41a7-9426-7b20aec755fe,Informal/Rural Worker,13580.79,0.5861,14,,,,,,,,,,,False,,10,1,1
4b459eb4-1353-4bc0-af47-baa5ff7091c8,Gig Worker,37092.41,0.4344,21,,,,,1.93,0.7277,,,21.29,-0.0226,True,556.0,14,3,0
0e1ecd07-7644-478e-a3d4-1bacaa7ecfdc,Gig Worker,24691.22,0.3086,19,,,,,2.5,0.5911,,,17.2,-0.0377,False,,15,3,0
8f9e6db2-4e97-423f-a6ee-1aa85610323f,First-time Borrower,51531.17,0.1916,19,,,0.7969,10.63,,,,,,,False,,18,2,0
c0143837-3aab-4f9e-929e-15553cfb0955,Small Merchant,102471.65,0.3523,23,234342.83,0.6645,0.6305,9.74,2.6,0.834,4.41,0.1507,,,False,,21,5,0
fd3ac38d-5076-4b31-9586-6f23fbaec46f,Small Merchant,108936.66,0.3703,22,234648.06,0.7734,0.6349,9.51,,,4.96,0.1897,,,False,,14,4,0
bf05a428-2b83-46bc-8437-e1b2cb409bf1,Gig Worker,36803.99,0.4137,22,,,,,,,,,19.61,0.0769,False,,18,2,0
9be26b2a-9c7e-4dbf-8299-450415ea4b9e,Informal/Rural Worker,29285.66,0.3056,17,,,0.8321,3.36,3.24,0.8249,,,,,False,,32,3,0
d7bb622f-6ee1-44b8-afaa-55137ad9b70a,Informal/Rural Worker,18155.78,0.4137,14,,,0.8605,6.04,3.06,0.694,,,,,False,,14,3,1
21473c48-45b1-4f59-b00e-a5c24ae81131,Small Merchant,140861.75,0.3062,22,280578.42,0.8659,0.7993,8.43,,,6.71,0.1059,,,False,,23,4,0
83533dc9-6eb1-4c7e-bd35-4412d92110f4,Small Merchant,189982.62,0.242,28,379953.97,0.8079,0.873,4.29,3.33,0.9074,8.33,0.1319,,,False,,28,5,0
3b3efe91-f933-41d9-aa56-8a167b249d73,First-time Borrower,79725.28,0.1513,21,,,0.915,3.98,,,,,,,True,744.0,27,2,0
9fe1e42f-fe0a-4183-9b33-c2c8ebe364d9,First-time Borrower,67425.56,0.0695,21,,,0.9194,0.05,2.73,0.8162,,,,,True,644.0,33,3,0
508ad5f8-06c2-4043-85d8-8845a0c545c4,Gig Worker,35221.89,0.3796,23,,,,,,,,,17.32,-0.0678,False,,18,2,0
94f4d9c6-9176-4654-aa98-90571a55fa31,Gig Worker,39083.19,0.4008,18,,,0.541,9.25,2.37,0.6865,,,19.22,-0.0054,True,627.0,18,4,0
ff03d9c8-3086-471c-9cea-fc9147c5ce62,First-time Borrower,65039.44,0.1202,19,,,0.6715,6.81,,,6.37,0.1488,,,True,644.0,25,3,0
f20fdc8b-751f-4eec-ade2-0bcf64fa8be7,First-time Borrower,48680.04,0.1656,15,,,0.7272,13.65,1.78,0.6795,,,,,False,,13,3,0
493738b2-6dd4-486d-b016-83f86d45918f,Informal/Rural Worker,12187.89,0.5609,15,,,0.5381,13.19,1.87,0.4885,,,,,False,,9,3,1
57f1d75c-a3b4-48db-8fe9-7df48599537a,Informal/Rural Worker,9671.57,0.6332,13,,,0.4923,13.1,1.35,0.4578,,,,,False,,10,3,0
3b4ae0d3-e4db-487e-8b74-587e92425a87,Informal/Rural Worker,25117.87,0.4686,16,,,0.7635,4.18,2.89,0.8016,,,,,False,,23,3,1
6a653580-dd2e-4ce4-817f-e6e6ced3f8ca,First-time Borrower,57830.68,0.2321,17,,,0.5165,12.4,,,,,,,True,541.0,16,2,1
69c96296-f445-4b1c-85fe-79567ac73a24,Informal/Rural Worker,26276.08,0.4071,19,,,0.848,0.0,2.56,0.8273,,,,,False,,26,3,0
1a90970a-8741-43a1-ab97-b44caca01114,Gig Worker,38987.68,0.4551,22,,,,,2.76,0.6956,,,20.92,0.0511,False,,19,3,0
7baea337-0400-4210-b213-0821b5fe497f,Small Merchant,72247.46,0.4186,23,142439.86,0.5714,0.4551,11.05,,,,,,,False,,15,3,0
340831ac-5856-44c9-8279-4c65c5769bbd,Gig Worker,43976.93,0.3086,29,,,0.9238,3.05,3.37,0.9116,8.66,0.0797,28.37,0.1206,False,,32,5,0
68843518-7365-4720-8221-b553168b15a3,Informal/Rural Worker,28483.33,0.3567,16,,,0.9859,4.14,2.86,0.7927,,,,,False,,28,3,0
2f3df223-bcc1-4f00-bb1c-3e99b8c45e68,First-time Borrower,75860.67,0.0834,23,,,0.8627,4.08,,,,,,,False,,30,2,0
461d4a6d-dd5a-486b-a630-28ef3414851d,Small Merchant,202505.93,0.1957,30,380502.33,0.9466,0.8464,2.2,3.01,0.904,8.21,0.0875,,,True,780.0,33,5,0
558dd69b-37cd-48c4-8c5b-e2c3d0fdcf15,First-time Borrower,46661.13,0.2704,15,,,0.5893,11.38,,,,,,,True,474.0,9,2,0
ae3dc655-e137-4ef5-a490-25c11bad49ec,Informal/Rural Worker,28432.15,0.3727,15,,,0.8635,5.79,2.61,0.7402,,,,,False,,23,3,1
e2bb1abc-3330-4c11-9f28-abfd77a7c5d5,Small Merchant,178260.46,0.2269,25,344496.65,0.9174,0.7969,1.86,,,6.59,0.0829,,,False,,24,4,0
e86d42a9-66bb-4f00-8a03-89eadbf407e4,Gig Worker,37394.04,0.4169,26,,,0.7892,10.83,2.46,0.6252,6.21,0.1492,19.21,0.0371,False,,21,5,0
9e2eeedd-d856-4d4c-b4e8-31ebaaba1202,First-time Borrower,72094.63,0.2037,26,,,0.7872,8.84,2.36,0.7388,,,,,True,648.0,26,3,0
e511bb92-1119-4ac4-ae16-57398c73b8f7,Gig Worker,37154.76,0.3603,24,,,0.4799,9.37,1.69,0.5704,,,,,False,,13,3,0
fb58c495-f5fe-4a29-9eb9-f2ebb23e5a20,First-time Borrower,74874.52,0.1979,21,,,0.6579,7.45,2.91,0.7245,,,,,True,744.0,23,3,0
50be17f9-d63b-4cfa-b800-38f231337e52,First-time Borrower,82731.19,0.061,24,,,0.8909,0.4,,,10.63,0.1014,,,False,,27,3,0
fb4ceb70-c823-4fc1-b495-e8cd0a407c35,First-time Borrower,50015.13,0.2723,20,,,,,,,,,,,True,583.0,15,1,0
0257127d-c104-4a62-b2f5-14b11f31e0c5,Small Merchant,61534.79,0.4725,20,123092.2,0.6141,0.57,15.58,1.86,0.4974,4.1,0.2535,15.96,-0.1714,False,,20,6,0
7736796e-26cd-4be4-aa50-754dff4d9fc1,Small Merchant,84257.58,0.3582,23,202878.21,0.6754,0.681,9.01,2.23,0.6366,3.56,0.2056,,,False,,15,5,1
a8b02271-c72f-431b-a639-964e003685d6,Gig Worker,33868.4,0.371,23,,,,,2.03,0.6745,,,22.25,0.1551,False,,20,3,0
726c556c-4a2a-4fc9-8bc7-7cad7f18ce69,Informal/Rural Worker,20139.11,0.4965,16,,,0.7222,9.19,2.04,0.8,,,,,False,,18,3,1
fe3a6433-262b-4db8-8e39-3dad07594950,First-time Borrower,62946.19,0.2986,22,,,0.7727,5.2,,,,,,,True,678.0,24,2,1
81c0d812-75ac-4663-905f-680004acd3c5,Informal/Rural Worker,13270.44,0.452,12,,,0.4607,12.3,1.08,0.5641,,,,,False,,11,3,0
0ad1a83b-d32c-4a64-9edb-cd3335f718ea,Small Merchant,176461.5,0.158,25,383422.69,0.954,0.8877,3.74,2.74,0.8066,8.3,0.0701,,,False,,25,5,0
68a649d5-f575-4aef-b2ec-8bc1e049891f,Informal/Rural Worker,20551.51,0.341,19,,,0.5737,6.87,1.93,0.6492,,,,,False,,18,3,0
df7198aa-f9fd-4f74-86fd-ccb4f9d039b1,Gig Worker,38628.49,0.3805,27,,,,,2.86,0.7647,,,20.26,0.1621,False,,23,3,0
4c7eb9a9-f548-48a0-a24d-92d3f408bade,Small Merchant,54430.24,0.3524,21,142413.22,0.4627,0.4809,11.73,,,5.28,0.272,13.75,-0.1398,True,481.0,8,5,1
535ead88-8e02-4e00-923e-8404c2eaca08,Informal/Rural Worker,20322.75,0.5128,13,,,0.6386,10.91,2.32,0.6968,,,,,False,,18,3,0
b94502dd-0e70-4a74-a7b2-6d78af1a7948,First-time Borrower,60096.08,0.1837,24,,,0.7866,5.14,,,6.73,0.1285,,,False,,24,3,0
3652aded-31a8-4d3d-9de9-9be47cc085ab,First-time Borrower,50532.12,0.2761,17,,,0.6293,13.07,,,5.37,0.242,,,True,611.0,19,3,0
da283b66-023b-46a9-87de-ddeea272d210,Small Merchant,116788.26,0.3755,23,241744.76,0.681,0.6355,10.1,,,,,,,False,,18,3,0
c75dff0e-ff0d-4b2b-8579-8ea92bcc3a86,First-time Borrower,41895.7,0.3216,14,,,0.5763,14.35,,,,,,,False,,16,2,0
a13576ae-4cb7-4e67-9dcb-12d712f2fc77,Gig Worker,45081.65,0.3931,28,,,,,2.9,0.7398,5.86,0.1264,21.59,0.0467,False,,26,4,0
7091b078-eb36-427b-92b4-953dbb9cb6f9,First-time Borrower,45496.67,0.2055,16,,,0.5718,10.94,1.69,0.6911,,,,,True,643.0,19,3,0
c6504f0b-88ba-4906-8e5d-a07772e26eb0,Gig Worker,25286.63,0.4326,21,,,,,1.44,0.4551,,,17.61,-0.1094,False,,9,3,0
b6d00974-f14d-4bca-a921-3c5b72af573b,Gig Worker,42429.58,0.4869,21,,,,,2.39,0.7108,5.34,0.217,20.1,0.1483,False,,19,4,0
d591eca2-a350-493e-b090-0888d6b110a3,Gig Worker,40964.08,0.2873,25,,,,,2.29,0.8207,9.45,0.1035,22.87,0.095,False,,25,4,0
a7f8941d-1835-483a-bc9d-510c102b4336,First-time Borrower,57197.21,0.2049,19,,,0.6276,8.32,,,6.38,0.1556,,,False,,17,3,0
050b03e4-5f87-4d03-9ce6-febd68674f2d,Gig Worker,44943.7,0.3504,20,,,,,2.41,0.6144,,,18.11,0.047,False,,17,3,0
c4fd9376-6954-4002-8de5-fc7e003bd8ee,Small Merchant,134084.55,0.3237,26,278188.04,0.7645,0.7525,5.89,,,7.12,0.1865,,,True,631.0,22,4,0
52e34c1d-e7e0-404f-ad75-7543b7ac07b4,Gig Worker,29404.72,0.3847,23,,,,,,,,,,,False,,22,1,0
c97624d3-e8b3-4845-a5db-5720969295e3,Informal/Rural Worker,20855.97,0.3933,15,,,0.6099,4.58,2.77,0.6877,,,,,False,,22,3,0
b130b31a-2aa9-4edb-9c14-e28e566f29c8,Informal/Rural Worker,29105.19,0.3473,17,,,0.8582,5.11,2.85,0.8213,,,,,False,,23,3,0
c4d91ed7-02fb-44b1-a617-0e61d87bec52,First-time Borrower,57565.13,0.2241,23,,,0.7035,7.87,,,7.84,0.0771,,,False,,23,3,0
df0858a5-edad-4284-9906-f3e66a6b88c3,Informal/Rural Worker,20291.27,0.5792,11,,,0.6414,10.29,2.27,0.6933,,,,,False,,18,3,0
445229e4-3c39-4565-8e98-c677d96bc6e1,Small Merchant,107403.4,0.3589,26,224912.18,0.661,0.6592,11.38,,,4.75,0.1874,19.49,-0.0455,True,588.0,15,5,0
914aab4b-b351-4fd3-8c46-c9923bb4cf6a,Gig Worker,33749.23,0.4783,20,,,,,2.63,0.7329,,,17.53,-0.0095,False,,17,3,1
054698ec-d4b7-4843-9c12-4daeb6f90f5b,Small Merchant,118792.53,0.3209,23,259669.72,0.7486,0.8761,11.14,2.74,0.7205,6.44,0.1519,,,False,,15,5,0
ad2b86f4-9747-448b-86f7-4394505c0d51,First-time Borrower,34534.25,0.2871,15,,,0.559,15.8,,,,,10.83,-0.0509,True,567.0,15,3,1
08e06e05-4708-46fd-a427-ab72fdc230a9,First-time Borrower,45291.7,0.2423,12,,,0.5626,13.04,,,3.61,0.2692,,,False,,21,3,0
64033de7-1d42-4d5a-b7ca-a4080c48d8c7,Gig Worker,34299.44,0.4142,21,,,0.5863,11.39,,,5.27,0.1889,20.52,-0.1034,False,,21,4,1
35d5349e-dcc5-4fa4-b8f8-bf60bcb288e8,Informal/Rural Worker,30986.6,0.2978,16,,,0.7749,2.47,3.24,0.904,,,,,False,,25,3,0
f5565467-1f50-4408-b99f-4c91e6f7f3c6,Informal/Rural Worker,14261.41,0.5617,11,,,0.6602,13.82,1.44,0.6709,,,,,False,,12,3,1
c5085d69-f83f-4a74-9755-8eebfb2e8096,Informal/Rural Worker,26706.25,0.3958,17,,,0.8566,4.02,3.43,0.8283,,,,,False,,24,3,0
fed1be4d-96aa-465c-8344-60c270ae28bf,Informal/Rural Worker,27158.53,0.4548,15,,,0.7777,4.22,2.43,0.6557,,,,,False,,17,3,0
8d859217-9269-45c6-9b3a-355581313822,Gig Worker,24034.39,0.3233,19,,,,,1.68,0.5729,,,15.03,-0.0431,False,,13,3,0
fb5c6a28-a793-41e1-936c-4638564a8483,First-time Borrower,63527.65,0.175,23,,,0.6951,7.45,,,,,,,True,594.0,21,2,0
8bc78290-2119-4a7f-82cf-8f576ffb7706,Gig Worker,37144.9,0.4143,23,,,,,3.04,0.766,,,23.16,0.0874,False,,26,3,0
b5107b0c-cd4e-4a7b-97f4-07dd91a6cbd7,Small Merchant,133831.19,0.2461,25,278461.79,0.7519,0.686,6.27,2.04,0.594,7.03,0.1072,,,False,,21,5,0
29a1e6ac-3614-4148-b1fd-88f4f8510262,First-time Borrower,59004.35,0.2145,18,,,0.6455,11.89,,,,,,,True,523.0,22,2,0
cc24eacc-00d3-4e22-8b11-338f6f32fd37,Small Merchant,91574.11,0.2864,22,216181.0,0.6316,0.6703,11.12,,,4.52,0.1826,,,False,,16,4,0
e019db75-00a1-48c8-b300-55f25a535511,First-time Borrower,48117.09,0.2382,20,,,0.7041,13.96,2.56,0.6692,,,,,False,,18,3,0
1d198a6c-d609-4412-9a7d-7e8b692fd8fe,Informal/Rural Worker,8544.36,0.5642,9,,,0.4354,12.52,1.39,0.4542,,,,,False,,10,3,0
4fbc6f55-a57b-4261-b696-d747693fe5d8,Informal/Rural Worker,11671.5,0.5261,12,,,0.582,15.55,1.92,0.594,,,,,False,,14,3,0
334f76d8-5593-4ecf-b830-3c3f94ca4b37,First-time Borrower,74201.86,0.1766,26,,,0.8854,0.0,,,,,,,True,716.0,21,2,0
8455e024-5c82-4230-a4c3-60badffb3d8c,First-time Borrower,57935.79,0.256,21,,,,,,,5.66,0.1824,,,True,578.0,19,2,1
622e56d7-078a-48a8-9b3e-7fed8b8c680d,Small Merchant,137708.3,0.2922,24,303747.24,0.8621,0.5897,11.74,2.13,0.8156,,,19.21,0.1035,False,,22,5,0
1b9bc1aa-0c0e-451e-975c-2f59eb314274,Informal/Rural Worker,22618.24,0.3153,14,,,,,2.5,0.6229,,,,,False,,20,2,0
fad4bb82-51ef-4136-a05f-af2f3f5ce725,Gig Worker,20622.85,0.5574,20,,,,,1.67,0.5047,,,15.92,-0.1101,False,,11,3,0
64644c36-ba56-4bb0-b360-71e5e0ab5357,First-time Borrower,51131.24,0.322,17,,,0.7144,11.34,,,3.72,0.1539,,,False,,14,3,0
045e4dd9-2e55-49d0-b90e-6b475a464931,Small Merchant,159938.36,0.2651,26,320984.98,0.7882,,,,,5.8,0.1597,,,False,,25,3,0
dd1f6361-8e9b-471d-b666-73f5a48dcfcf,First-time Borrower,33531.91,0.283,16,,,,,,,3.84,0.2193,,,True,440.0,10,2,1
841b5964-1dd4-4782-b56a-d353671dac00,Small Merchant,195674.37,0.1851,30,432423.85,1.0,0.8873,1.89,,,7.61,0.1075,,,False,,28,4,0
c6995b33-2776-440c-9413-5c683f53c06a,Small Merchant,120808.83,0.3405,25,303382.79,0.7138,0.7533,8.83,,,,,,,False,,18,3,0
ce45165d-6d11-4faf-b65e-1cbc1d56358d,First-time Borrower,67769.09,0.1978,14,,,0.7233,6.76,2.54,0.7588,,,19.83,0.1223,True,662.0,17,4,0
0554d458-a0a0-4f59-a5f8-5375c5d3c3bb,Gig Worker,37453.67,0.3959,23,,,,,2.16,0.7772,,,19.48,0.1078,True,599.0,22,3,0
f79a4452-9a5c-45b6-ba90-c25161895b8b,Gig Worker,38260.24,0.3557,25,,,,,2.15,0.6359,6.59,0.1263,19.01,0.0692,False,,15,4,1
1a5f5040-d581-4817-b755-847ffd23a2b4,Informal/Rural Worker,27696.34,0.3945,20,,,0.8028,2.41,3.08,0.8982,,,,,False,,24,3,0
3b6dd46d-608c-45c7-a720-bd0effa9b80b,First-time Borrower,70163.91,0.1821,24,,,0.7741,3.22,2.91,0.8851,8.68,0.1335,,,False,,21,4,0
649f38ee-1c51-4591-88bd-4a59644d58a5,Informal/Rural Worker,10932.76,0.6231,7,,,,,1.09,0.4203,,,,,False,,10,2,0
e696eec1-9fc0-40e1-887d-2ce8c0544d5a,First-time Borrower,50685.06,0.2717,25,,,0.6528,8.47,,,,,,,False,,20,2,0
4adaea02-883a-4468-a7a1-911f835f1e84,First-time Borrower,61273.11,0.2522,20,,,0.7286,12.53,,,4.17,0.1486,,,True,674.0,17,3,1
1fc3c730-468e-4fab-af75-c4e2545a5433,Small Merchant,107994.7,0.3659,24,179611.92,0.7385,0.6934,13.11,,,4.14,0.1172,,,False,,19,4,1
93e0b08b-75e2-4bf5-a9ef-994ff8d8afca,Small Merchant,159251.01,0.309,27,315574.91,0.8636,0.7682,7.1,,,6.28,0.1579,,,False,,26,4,1
3c4a4b0b-7f89-46a2-8749-16093ab26512,Gig Worker,30978.8,0.3995,21,,,,,2.06,0.6323,,,16.82,-0.0747,False,,17,3,0
35ecd793-78b1-49df-aee5-ffb32a8bab69,Gig Worker,27701.38,0.4331,21,,,,,2.38,0.5664,,,,,False,,15,2,1
70abb462-9300-4e78-937d-9f49cd102404,Small Merchant,161997.57,0.2388,25,348427.96,0.8579,0.8416,4.48,3.24,0.8016,7.19,0.1428,,,False,,30,5,0
a96f7ace-0ff0-4887-a536-94dd6242d194,Small Merchant,116300.51,0.4766,25,178729.89,0.6929,,,,,4.2,0.1818,18.32,-0.007,False,,16,4,0
db022c62-162f-400f-b58e-89bf3265379b,First-time Borrower,62939.75,0.2256,18,,,0.6523,8.66,,,5.41,0.1262,,,True,612.0,16,3,0
387294de-a325-483e-97fa-6c61b4b6d63d,Small Merchant,93713.17,0.4068,23,168257.65,0.6309,0.5646,16.57,,,3.99,0.2748,,,False,,9,4,1
650e2629-daec-4de4-99ac-505e9ae24f01,First-time Borrower,62774.53,0.1593,21,,,0.7672,7.97,2.16,0.6966,7.34,0.0884,,,False,,23,4,0
bff6ec0f-633c-4856-9727-1b09d89348e3,Gig Worker,34380.23,0.357,21,,,,,,,,,24.59,0.1732,False,,24,2,1
c4592cd3-37e1-45e8-a1e5-4edaa725940c,Small Merchant,112348.79,0.3246,21,198812.99,0.6427,0.5898,13.1,,,,,,,False,,13,3,0
22f5b6a5-3c82-42da-abab-51dbb605a575,First-time Borrower,45741.92,0.2773,19,,,0.738,11.49,1.74,0.6399,,,,,True,586.0,13,3,0
c3bb7aef-5e00-4e2a-805a-baaf05564744,Informal/Rural Worker,19032.2,0.5548,14,,,0.5946,11.87,1.85,0.5034,,,,,False,,12,3,0
701361e9-33c0-40e5-8fbf-69eb41a11510,First-time Borrower,34533.7,0.2258,15,,,0.5956,13.75,,,5.46,0.1597,,,True,568.0,15,3,0
ee1b4346-3383-4664-915e-2ff343ed1aaa,Informal/Rural Worker,22706.77,0.4355,14,,,0.7937,9.33,2.14,0.715,,,,,False,,19,3,0
5138ddfb-ea7c-43dd-a537-9e4700816530,First-time Borrower,41973.06,0.3034,14,,,0.5172,13.3,,,,,,,True,489.0,19,2,1
7eb6a0a0-6ead-4ac8-bbf3-5e3879eaceab,Small Merchant,101147.52,0.3696,23,,,0.7238,11.13,,,6.51,0.1602,,,False,,24,3,0
1f26cd64-fe46-4fc7-aa4c-c29f8a844cb2,First-time Borrower,25518.5,0.2899,11,,,0.5356,13.05,,,1.86,0.2221,13.98,-0.1038,True,446.0,9,4,1
de8e9509-4bc7-4ed7-9979-7ba5ad126d33,Small Merchant,145484.67,0.3228,23,318930.41,0.5999,0.7638,7.51,3.34,0.7682,6.75,0.1618,,,False,,27,5,0
4c476d7c-ec4f-4047-9a96-af1f0c31cb79,Small Merchant,130591.7,0.3151,24,272044.71,0.6714,0.6731,9.82,2.14,0.806,7.69,0.1589,,,True,644.0,19,5,0
9c6a41af-a1c4-44c9-a5a9-45f124aee8a0,First-time Borrower,44784.76,0.3495,18,,,,,,,0.5,0.2067,,,True,476.0,13,2,1
d3859300-5a39-4d65-b7d9-1070f6875afb,Small Merchant,98452.56,0.3002,23,289708.57,0.6826,,,,,,,,,False,,16,2,0
86cd4a20-7b0a-4de2-8f68-fe34d93233ab,Gig Worker,32523.19,0.4736,19,,,,,1.38,0.5716,,,17.0,-0.0291,False,,18,3,0
58f3d97d-fc40-4ef8-a0e8-924aec93c579,First-time Borrower,58608.56,0.2695,19,,,0.6697,6.62,2.33,0.6722,,,19.34,-0.0735,True,623.0,20,4,0
caa02fa6-c5a9-4b2f-ba06-98433d030fc0,Informal/Rural Worker,10034.15,0.5546,7,,,0.4798,18.55,0.85,0.3755,,,,,False,,11,3,1
953eb8c6-ac3d-43ac-83f4-f72e0e27f636,Small Merchant,153238.98,0.2914,27,345718.7,0.8829,0.9028,4.74,,,6.1,0.1405,,,False,,27,4,0
094241e8-66fb-41e6-801f-7066f05f418d,First-time Borrower,52306.14,0.2046,17,,,0.6397,10.2,1.65,0.5624,,,,,True,577.0,20,3,0
6b96320e-3ae8-46a7-914b-8719893afc15,Informal/Rural Worker,4915.0,0.6172,8,,,0.5001,17.63,1.33,0.4647,,,,,False,,9,3,1
e25a6f88-d347-41d9-967c-39e94fd4f46d,Small Merchant,106687.79,0.4116,22,152606.28,0.7494,0.5719,10.53,,,5.83,0.236,,,False,,17,4,1
a27ced83-8a71-448b-9eda-3e73f93395b8,Gig Worker,29334.29,0.4407,20,,,,,1.4,0.6299,,,14.16,0.1099,False,,19,3,0
ee25d6c5-2266-4777-a12d-0f3a46c2c6d6,Small Merchant,75232.39,0.3572,22,196761.1,0.6332,0.5999,11.94,1.67,0.6354,2.99,0.1986,,,False,,12,5,0
f86d38ad-14bb-4b68-a095-e037052a5c68,Gig Worker,26943.15,0.4337,20,,,,,1.82,0.505,,,14.94,-0.054,False,,20,3,1
c3bf67d8-761b-4f54-bf0d-9fe1a409203f,First-time Borrower,39265.67,0.2856,13,,,0.4442,13.72,,,,,,,True,504.0,11,2,1
f1d3cf31-4415-4610-a621-c1240b10be42,First-time Borrower,60560.92,0.322,21,,,0.7484,8.08,,,4.74,0.1946,,,True,654.0,15,3,0
38df2cb9-6800-4187-8beb-20a79d651119,Informal/Rural Worker,16895.2,0.5756,10,,,0.5005,12.09,1.42,0.5121,,,,,False,,10,3,0
fdcc249f-d266-4ba6-ad33-67821cf265a3,First-time Borrower,66715.15,0.2433,20,,,0.7274,11.04,,,2.92,0.1776,,,True,607.0,24,3,0
be240a21-e7ff-4e7e-9fb0-2fb8f0636723,First-time Borrower,68337.27,0.1662,23,,,0.7953,4.34,2.74,0.7813,7.8,0.1696,,,True,732.0,25,4,0
0b478e29-71fa-41bf-9088-f78aa4a03039,First-time Borrower,58790.48,0.151,17,,,0.6733,10.2,,,,,,,True,602.0,16,2,0
78cbbb58-e799-42e1-89ef-e6547942dd5b,Informal/Rural Worker,23276.92,0.3621,14,,,0.796,10.54,2.85,0.7339,,,,,False,,19,3,0
66080fd5-f6f9-4134-b784-ca747732d74f,First-time Borrower,44706.76,0.2361,15,,,0.6143,9.11,,,3.18,0.2288,,,True,587.0,13,3,0
5e56537e-6db7-4c43-90d2-6ce57f6ff622,Small Merchant,120479.63,0.3066,27,278470.35,0.817,0.8378,6.99,,,,,,,False,,21,3,1
6663f68e-2490-4ba2-a354-22cd3cc90d19,Small Merchant,135125.44,0.3021,24,218945.55,0.7971,0.679,6.93,,,5.58,0.1627,,,False,,21,4,0
69f4e4dc-2a88-413f-8973-f7b11fd9760d,First-time Borrower,56218.51,0.2257,22,,,0.7103,4.24,,,,,,,False,,21,2,0
7723df24-00ed-4f87-b9a7-871e5fe35972,Gig Worker,46190.05,0.3704,28,,,,,2.74,0.7548,,,24.77,0.1707,False,,31,3,0
665a296f-a4ef-4379-801a-2d10bdeba4bb,Gig Worker,29848.91,0.3795,18,,,0.651,17.08,,,3.02,0.1744,17.55,-0.0696,False,,12,4,0
05c9fb4c-02dc-4db7-8150-5e35fe0e8235,Informal/Rural Worker,19889.78,0.4735,13,,,0.6434,7.03,2.32,0.7262,,,,,False,,17,3,0
f3dae409-9a22-4cda-b276-2d663bde7122,Informal/Rural Worker,23424.13,0.3651,17,,,0.7535,5.51,2.82,0.6599,,,,,False,,23,3,0
b6b5c33f-4001-4223-b33c-191a24c0ae12,Gig Worker,23858.64,0.5225,18,,,0.5859,11.7,2.07,0.5396,,,15.72,-0.0433,False,,7,4,0
2ccaf4ba-e5a8-4b95-9fca-9ee9961396f9,Small Merchant,127846.48,0.4002,24,215970.78,0.7013,0.6263,11.96,,,5.01,0.1773,,,False,,14,4,0
761cea9e-e8f0-4689-bb10-e8ed321272f1,Gig Worker,35234.84,0.4217,22,,,,,1.75,0.7029,,,19.35,0.0285,True,605.0,15,3,1
362f9d2a-b7e3-4799-be74-a1c4420f48df,Small Merchant,192881.86,0.209,24,378803.68,0.9846,1.0,2.8,,,8.81,0.1014,,,False,,27,4,0
c3829a68-45d5-47a3-b6d7-517dbec40ea1,Small Merchant,200945.05,0.3028,30,428756.42,1.0,0.9656,0.66,,,8.97,0.0909,,,False,,32,4,0
15790eaa-44e8-4a95-9b3b-96c85134bb12,Small Merchant,115350.56,0.4184,22,178079.29,0.6591,,,,,3.64,0.1954,,,False,,12,3,1
bf3e500f-1962-4bd5-8ed9-5f639a709662,Informal/Rural Worker,23271.4,0.533,15,,,0.6887,6.52,,,,,,,False,,22,2,0
36bdd5c3-3b99-4b8c-9c7d-f288766c1def,Small Merchant,129881.74,0.353,21,177393.51,0.6391,0.7185,9.39,,,6.6,0.2171,,,False,,15,4,1
e6027957-ae14-4443-943e-600af79271f1,First-time Borrower,76008.19,0.204,24,,,0.8515,2.76,,,8.78,0.1498,,,True,719.0,26,3,0
638de201-0357-426a-9c80-d36cc1dd36ed,First-time Borrower,65230.16,0.2076,19,,,0.7667,9.85,,,,,17.72,0.119,True,678.0,14,3,0
2bb0cc7b-df9d-4001-b5c9-ac3a2b95c182,Gig Worker,36236.09,0.3379,25,,,,,2.37,0.7313,,,21.36,0.0586,False,,19,3,0
e839b4cc-8b4a-4c0e-9680-34b96b99742c,Gig Worker,36141.73,0.432,19,,,,,1.93,0.6499,,,17.96,0.0505,False,,22,3,0
3bfd2c30-60fb-4124-9566-20303bcb7b9d,Informal/Rural Worker,14594.39,0.5386,9,,,0.6906,11.84,2.6,0.6758,,,,,False,,16,3,0
d5b366dd-ff51-4b11-9dd5-4ceb395da338,Gig Worker,35051.36,0.3031,21,,,,,,,,,17.85,0.0206,False,,21,2,0
d8cf0bfc-0c28-43cf-893f-b7af469fbb7d,Gig Worker,48635.34,0.377,25,,,,,2.61,0.8331,,,23.21,0.1134,False,,24,3,0
c4d6cded-f533-4479-864c-0426e9f58c54,First-time Borrower,54785.06,0.2352,19,,,0.7047,8.11,,,7.56,0.2328,,,True,637.0,15,3,0
2f89dc27-16f8-4643-aa26-a20a58103878,Gig Worker,47499.15,0.3718,23,,,,,2.87,0.6792,,,21.28,0.0211,True,694.0,23,3,0
e3cfdc89-e2a9-4982-be6b-a538699b0744,Small Merchant,193521.19,0.3624,26,341692.42,0.7624,0.746,6.53,,,6.95,0.1155,,,False,,25,4,0
e0aa9d91-74a5-4453-8a6d-f701b17e3cb8,First-time Borrower,77434.36,0.1592,23,,,0.8333,2.36,,,,,,,True,789.0,27,2,0
a6d46987-471c-4730-b4b1-8fe336728d41,Informal/Rural Worker,23620.71,0.3559,18,,,,,2.59,0.7908,,,,,False,,14,2,0
cf69d5b9-7cf7-4b0b-ba24-f45d1ac4df3f,Gig Worker,27869.18,0.3594,18,,,,,1.35,0.6026,5.31,0.1615,17.19,-0.0678,False,,12,4,0
26727811-cb7c-4e6e-88b7-c03ea2ac1b40,First-time Borrower,80418.09,0.111,28,,,0.8761,0.42,3.42,0.9106,,,,,True,790.0,29,3,0
b40fdc80-7b5a-4adf-b7ae-e241e4e80f28,Informal/Rural Worker,18353.12,0.4671,14,,,0.7614,7.55,2.15,0.6867,,,,,False,,21,3,0
67bcc1c6-45b3-476a-a54c-67efda879bb5,First-time Borrower,46606.24,0.1881,17,,,0.6508,9.76,1.93,0.5288,,,,,True,575.0,17,3,0
e28c1c2d-5d56-46c4-bf85-6d01e457dd74,Gig Worker,24264.12,0.4942,18,,,,,1.56,0.62,3.48,0.1603,15.61,-0.0008,False,,8,4,0
b8c08515-2cb4-4dc5-95f8-87cd5f306cf0,Informal/Rural Worker,5320.36,0.5663,13,,,0.5846,13.13,1.5,0.385,,,,,False,,13,3,1
02cabf0d-919f-48d8-82e5-0dbf13505eda,First-time Borrower,57086.31,0.2367,19,,,0.7323,8.99,,,,,,,True,654.0,16,2,0
55bdbb67-0aeb-45a7-8e88-126d9e6c78ad,Small Merchant,99740.87,0.3589,25,214280.52,0.7031,0.5847,11.6,2.22,0.5856,5.98,0.1848,,,False,,17,5,1
c4d413bb-dc94-494b-b67e-ed519db4e3fb,First-time Borrower,42195.77,0.2438,18,,,0.6846,13.35,,,,,17.62,0.0836,True,647.0,22,3,0
bb4e7ccf-8a28-4e0d-8910-2818083118cb,Gig Worker,34402.09,0.386,20,,,,,1.5,0.6086,4.97,0.1649,15.91,0.0894,False,,20,4,0
7af5f9b7-4570-4c36-90a5-57e71eeb7204,Small Merchant,190441.69,0.194,26,321363.61,0.8551,0.8359,2.49,2.94,0.8634,4.85,0.1005,,,True,701.0,30,5,0
357d0c2a-d761-4b8d-a636-0b8e113ae336,Informal/Rural Worker,26612.48,0.4241,19,,,0.7761,5.76,2.75,0.7637,,,,,False,,25,3,0
362a17a4-6379-47d6-bd99-fc210d5debc8,Gig Worker,36183.48,0.3782,24,,,,,2.02,0.7991,,,23.03,0.1808,False,,31,3,0
860c138b-fc7b-49e6-867f-9640cab078af,First-time Borrower,64548.86,0.1449,24,,,0.8131,5.82,,,,,,,True,734.0,28,2,0
777eeac0-8e1c-4f5c-81e8-6991c35fd0bb,Informal/Rural Worker,14264.23,0.4964,13,,,0.7948,11.03,2.04,0.7418,,,,,False,,18,3,0
6af31a69-668b-47a9-bb87-16be1d200e3d,Small Merchant,107110.29,0.3888,22,252792.92,0.5901,0.608,9.4,,,,,,,False,,17,3,0
7cc158bb-56b2-4897-8bc2-e1359ee88bd7,Gig Worker,22389.74,0.4087,17,,,0.5533,9.77,1.56,0.5094,4.94,0.1667,15.54,-0.0296,False,,15,5,0
f8f08e06-485d-429b-81f7-8f3fce5984b5,Gig Worker,48510.09,0.339,23,,,,,3.09,0.7735,,,22.5,0.1391,False,,26,3,0
f024f1e1-8e9a-48aa-a72a-97659efdcaa3,Small Merchant,144393.34,0.3137,25,223904.51,0.77,0.8278,9.89,,,6.63,0.15,,,False,,20,4,0
48f39233-1ef9-4a15-a3bf-6d5ed5012d9d,First-time Borrower,44610.76,0.2511,17,,,0.5875,10.23,,,,,,,True,573.0,20,2,0
ba481662-aef6-401c-a8fa-3d740406c6de,First-time Borrower,76177.31,0.1674,25,,,0.9655,0.42,,,8.31,0.0883,23.17,0.0884,False,,31,4,0
e6283573-7937-4875-aec3-4f4c091dfd79,Gig Worker,42584.44,0.2551,24,,,,,3.33,0.8331,,,24.21,0.1632,False,,24,3,0
d6f8aa4c-94b7-49f5-a9a3-bccc654d96b3,Small Merchant,149467.29,0.2968,25,291211.84,0.6331,,,2.07,0.7866,7.42,0.107,,,True,628.0,22,4,0
234abca9-9242-4053-a7e9-ecad015621f6,Small Merchant,164933.77,0.4065,24,257510.41,0.859,0.85,6.01,,,7.03,0.1449,22.75,0.0849,True,687.0,22,5,0
e4b3c530-d2f8-4fdc-a1aa-eafdf27fe50f,Small Merchant,91673.47,0.3348,24,201789.06,0.6132,0.6561,7.32,,,,,,,False,,14,3,0
a9d34016-f5b6-407c-af36-baaeda0c7485,Gig Worker,41317.63,0.3304,21,,,0.8109,3.55,,,,,,,False,,24,2,0
e28e50be-4cfe-47d2-92a5-654464fd5e85,Gig Worker,35951.34,0.4675,22,,,0.6816,11.05,2.49,0.5765,4.84,0.1767,21.23,-0.0794,False,,15,5,1
7a50bc13-5ca8-461e-9d80-c6bc0a9095e5,First-time Borrower,51564.46,0.285,16,,,0.631,10.01,,,,,,,True,629.0,9,2,0
29d3c890-1727-48ba-825d-33f74c1bee13,First-time Borrower,19475.54,0.2679,15,,,0.6475,15.57,,,,,16.46,-0.1639,True,487.0,8,3,0
90bb49ba-2be3-439f-b8ae-ffedeb0c2c4d,First-time Borrower,82806.23,0.1221,26,,,0.8883,3.16,3.09,0.8656,,,,,True,785.0,26,3,0
c43861a2-297e-48d7-a8a1-7d7f09a42745,First-time Borrower,51021.85,0.2757,19,,,0.6203,12.56,,,,,,,True,482.0,18,2,1
f61fdaf1-2074-4928-a1e9-9fd14d2f96d6,Informal/Rural Worker,21050.59,0.4251,14,,,0.6809,5.66,2.27,0.7736,,,,,False,,14,3,0
5e3ff908-5bba-495a-b4a2-42953b5f0e1a,Informal/Rural Worker,14645.34,0.5776,10,,,0.4836,16.78,2.04,0.4457,,,,,False,,12,3,0
e22c4026-fb92-4c54-8b26-aff28abf8f6d,Small Merchant,104226.9,0.3741,23,196324.47,0.5937,0.6862,13.48,,,5.11,0.2446,,,False,,13,4,1
2a5306ad-111e-479b-a294-8b73fcb4f015,Small Merchant,102413.81,0.3319,28,246386.04,0.6661,0.5677,7.08,,,,,,,False,,23,3,0
721fbaf5-7c78-4f89-9424-1b5664cc5f71,Informal/Rural Worker,22144.03,0.3878,16,,,0.6661,5.73,2.44,0.7169,,,,,False,,20,3,0
e68fb371-818e-4dfa-88cf-28662f003afc,Gig Worker,40326.16,0.348,20,,,,,2.35,0.7678,,,23.08,0.1333,False,,12,3,0
fae2c121-256f-4333-8e01-5f261beb5df2,First-time Borrower,48033.35,0.2271,19,,,0.7221,15.06,,,,,,,True,533.0,16,2,0
d1374c97-f281-467d-b5a8-cc11703c9d2a,Gig Worker,49032.96,0.2682,26,,,,,2.8,0.8677,,,22.27,0.2667,False,,27,3,0
b1775bee-e545-48f6-a55b-e053479202b6,Gig Worker,48688.0,0.2895,25,,,,,2.3,0.7653,,,23.49,0.1045,False,,26,3,0
8ab12a52-edfd-4df6-a81e-c2234c352817,Gig Worker,35181.21,0.4519,21,,,,,2.39,0.6129,,,14.84,-0.1029,False,,18,3,0
040bd859-ee26-4b2d-8325-efb0d119c1ea,First-time Borrower,57970.87,0.2165,16,,,0.6654,10.14,2.42,0.627,,,20.14,0.0665,False,,20,4,0
8c4d13f5-5325-4afb-8f68-4d3166573c0d,Informal/Rural Worker,15918.53,0.5097,12,,,0.6788,15.54,2.1,0.5661,,,,,False,,16,3,0
68fb762d-6212-44c2-aa74-962338550caf,First-time Borrower,40202.26,0.2118,17,,,0.6136,13.61,,,4.78,0.1524,,,True,574.0,19,3,0
ec27f192-8418-40ca-bc53-ef1db71f6a70,Small Merchant,188000.28,0.236,28,381731.6,0.936,0.8366,0.0,3.09,0.8466,8.57,0.1006,,,False,,23,5,0
2b4f8f16-00f5-4105-8271-72bee2a1658d,Informal/Rural Worker,23495.76,0.4873,16,,,0.6987,4.88,2.37,0.7029,,,,,False,,20,3,0
7cdf0dcb-2194-4a14-983f-87508d0d0923,Gig Worker,17595.84,0.5173,20,,,,,2.12,0.5638,4.76,0.1963,18.01,-0.0157,False,,20,4,0
91c3da94-fb06-448f-914a-0cbef342e516,Informal/Rural Worker,20884.11,0.4284,12,,,0.6837,8.46,2.3,0.7064,,,,,False,,20,3,0
8554880c-6fab-44da-a2c0-7ba21c5c461e,Gig Worker,24858.1,0.4996,21,,,,,1.8,0.6953,,,21.16,-0.0419,False,,16,3,1
2b3d4449-6a4f-4f68-ace6-bb680522b4bb,Gig Worker,45406.43,0.2922,25,,,,,2.9,0.8589,,,26.65,0.2676,False,,23,3,0
feb8315b-3207-4898-af2e-e5b72d1efe19,Gig Worker,39904.49,0.3652,24,,,0.7956,6.69,2.47,0.7047,7.54,0.1077,22.52,0.0743,False,,27,5,0
42b50178-d69e-4141-b3ce-93c2b2619c21,Gig Worker,31371.71,0.5403,21,,,,,1.46,0.7311,,,12.83,-0.031,True,579.0,18,3,0
d701a450-5c40-4e9e-8e07-918a70980e0a,Informal/Rural Worker,31712.83,0.4779,20,,,0.8587,4.75,3.07,0.9554,,,,,False,,30,3,0
139030e8-6fe7-4413-92d5-2570154d710f,Small Merchant,168659.49,0.323,27,334988.54,0.7978,0.8171,6.55,,,9.15,0.1289,25.36,0.0954,False,,29,5,0
64a78893-6d22-435a-9534-a6abff028ea0,Gig Worker,51752.73,0.3302,24,,,0.8734,4.42,3.2,0.8484,,,,,False,,25,3,0
b6408de9-89c7-460b-82c3-d9a238301957,Gig Worker,28938.44,0.4208,21,,,0.6634,10.5,1.73,0.5833,,,,,False,,18,3,1
6dd3c59c-9e14-47f6-befa-61d56ba820f9,Small Merchant,124708.29,0.3633,22,216030.38,0.7849,0.7434,6.89,2.35,0.6882,4.77,0.108,,,False,,18,5,1
b088e8fd-cfd2-4ac7-8a94-20e6493db2af,First-time Borrower,65877.56,0.2381,20,,,0.7373,3.28,,,6.63,0.0649,,,True,775.0,20,3,0
0b0ff81f-e5d1-44e4-a2bc-2bad71c14fdd,First-time Borrower,53997.19,0.2074,19,,,0.6551,8.8,,,5.99,0.1499,,,True,631.0,16,3,1
14921d54-f440-4796-b68c-1a6a4b5d0603,Informal/Rural Worker,26565.56,0.4429,17,,,0.7022,4.03,2.28,0.6796,,,,,False,,23,3,0
874d35a5-fb50-474d-811e-262549c5f935,Informal/Rural Worker,15242.62,0.3224,10,,,0.6389,9.49,1.81,0.5591,,,,,False,,16,3,1
a26653b1-9b21-46b6-a917-234b58614257,Informal/Rural Worker,19896.21,0.4091,13,,,0.7464,8.87,2.71,0.7107,,,,,False,,16,3,0
7d45b9d1-66cb-4279-9574-275f7647eeda,Small Merchant,158008.01,0.3567,25,280400.54,0.8577,0.732,10.4,2.47,0.7858,5.49,0.1569,,,True,665.0,20,5,0
eb52ca0c-5e1d-48ad-8fbd-499920a0c765,First-time Borrower,48395.66,0.2607,19,,,0.5841,11.31,2.04,0.692,,,,,True,608.0,18,3,0
8196f1bf-26fd-4e47-834a-e09de4eee441,First-time Borrower,68182.35,0.1805,23,,,,,,,,,,,True,770.0,21,1,0
bd515ec7-e451-476a-8446-dbcdbbd7a194,Gig Worker,24306.35,0.4347,23,,,,,1.67,0.5097,,,17.93,-0.0502,False,,7,3,0
d076d10a-01ee-409d-b811-79003ae7b5bb,First-time Borrower,49576.16,0.1981,19,,,0.5344,13.51,2.0,0.5665,,,,,True,581.0,20,3,1
a0616c39-d740-49fb-a9a1-863968a32c74,Informal/Rural Worker,21128.52,0.369,18,,,0.7889,9.76,3.11,0.7547,,,,,False,,17,3,0
69671d90-9249-4424-923f-a63a7095e4f8,Informal/Rural Worker,27865.59,0.2637,16,,,0.9099,4.98,2.85,0.8383,,,,,False,,27,3,0
9aa4665d-67c1-4ec5-a918-23741f4b6136,Small Merchant,168420.35,0.3674,25,375256.41,0.8522,0.7503,7.57,,,,,,,False,,26,3,0
93c9cf99-de10-4223-ada0-2affb21ef4ac,Gig Worker,38837.23,0.2672,22,,,0.5522,10.4,2.36,0.733,5.2,0.1679,20.26,0.065,False,,18,5,1
eafd41b0-e629-4306-a7e8-0a44d9b6f862,Small Merchant,71430.72,0.43,22,175477.96,0.5627,0.6268,14.84,,,3.14,0.2249,13.16,-0.1144,True,487.0,9,5,0
38ebcd59-9f91-4e1d-aa14-2d0b48057998,Small Merchant,105049.72,0.3455,23,265801.41,0.7229,0.7307,9.46,2.31,0.6723,5.29,0.2017,,,False,,17,5,0
5bee656b-12fd-4c3d-b6c5-d1969b6ea1fd,Small Merchant,86016.85,0.3921,24,223866.59,0.6923,0.6739,9.64,,,3.42,0.1956,,,False,,21,4,0
1f020ef3-080b-4ce0-a2f9-9744881e902b,First-time Borrower,50721.55,0.2208,19,,,0.7204,11.6,,,,,,,False,,14,2,0
1125563e-fb7e-464f-a770-69047ed06050,Informal/Rural Worker,15010.74,0.5571,11,,,0.6431,8.06,1.78,0.7276,,,,,False,,20,3,1
8c181d93-af5f-483f-b859-f1fe9f5b4fd9,Informal/Rural Worker,27390.66,0.2797,18,,,0.9269,2.39,3.25,0.7818,,,,,True,767.0,25,3,0
2de9ff5e-97e9-4869-8fec-727f2a8bec54,Small Merchant,199421.92,0.2639,28,344973.99,0.8814,0.8381,2.39,,,7.4,0.1382,,,False,,34,4,0
f49be80e-f0af-4d62-85bd-3292a81a2841,Informal/Rural Worker,24237.82,0.2942,21,,,,,3.42,0.9124,,,,,False,,25,2,1
1d38c735-8b9b-4b85-a211-f5035e526dbd,Gig Worker,21347.68,0.4437,16,,,,,1.3,0.4352,,,12.96,-0.2299,False,,7,3,1
587310af-f0e7-4ef7-9750-d225365057cc,First-time Borrower,59955.65,0.2507,18,,,0.7955,6.88,,,,,,,True,615.0,20,2,0
e40de519-df53-45c4-9d87-693a083f52d2,First-time Borrower,65832.57,0.2329,22,,,0.7809,7.51,,,,,,,True,637.0,22,2,0
e8a73523-09f8-42cf-900a-749fa71aaa0b,Small Merchant,151031.41,0.363,21,291963.25,0.6776,0.6409,8.12,2.38,0.8651,7.52,0.1417,,,False,,24,5,0
1a705e44-8804-4f79-8416-c6ab240316bc,First-time Borrower,76612.46,0.1673,21,,,0.8161,1.47,,,,,,,False,,27,2,0
cec9c48b-c417-48b0-b9b4-875aab78ad53,Small Merchant,42243.59,0.5259,17,163921.92,0.5735,0.5253,11.62,,,3.73,0.2563,,,False,,12,4,1
4aaf8731-37d1-47aa-bb77-38ac8435d7e9,Informal/Rural Worker,21132.51,0.2823,19,,,0.8903,8.54,2.79,0.792,,,,,False,,27,3,0
99094186-f624-429d-8d9e-89b8ba5446df,Gig Worker,32391.5,0.3523,20,,,0.6323,15.44,1.23,0.4567,,,16.43,-0.0416,False,,11,4,1
a6709181-55ed-44bf-ac3d-54cd74c13395,Informal/Rural Worker,23977.32,0.3769,16,,,0.8925,4.29,2.73,0.9165,,,,,False,,26,3,0
5cd0bb8c-5918-4baa-a931-37d0c499b08e,Informal/Rural Worker,20152.19,0.3049,15,,,0.6931,5.1,2.5,0.7287,,,,,False,,24,3,0
d968ba8c-18d6-4a37-83ca-34f662e29a0e,Small Merchant,145372.32,0.2376,23,363133.38,0.7777,0.8038,8.9,2.63,0.7099,7.34,0.1122,,,True,713.0,21,5,0
62c56ada-ef17-4462-82d7-0d414e92033a,Informal/Rural Worker,25811.77,0.4309,20,,,,,2.88,0.7343,,,,,False,,29,2,1
1f9467ba-537d-404a-94c3-c921dfa1e875,First-time Borrower,49257.29,0.2044,19,,,0.5161,9.27,1.7,0.5791,,,,,True,606.0,16,3,0
d4693de9-cfdb-42de-93b0-755803f66da5,Informal/Rural Worker,23637.1,0.474,23,,,0.6552,8.97,2.47,0.6771,,,,,False,,24,3,0
45b2387a-a532-4565-a30c-44053910df27,Small Merchant,79669.93,0.4297,23,146923.91,0.6554,0.5549,12.67,,,4.96,0.2109,,,True,553.0,16,4,0
48ad1cde-7d0c-45f6-810b-b1f2f002aff4,Gig Worker,29843.4,0.3803,22,,,,,2.32,0.6374,,,17.96,0.0912,False,,18,3,0
09c97278-48d9-4810-9b89-1a30113e62cb,First-time Borrower,46892.41,0.2442,14,,,0.6346,14.33,,,,,,,True,590.0,16,2,0
52749cb1-a9d9-48fd-a79a-054c679e1066,Gig Worker,31178.18,0.5617,19,,,,,1.86,0.5654,,,10.29,0.0391,False,,14,3,1
12f1c2f5-b1a9-44ea-ace8-a74f7c3c14f5,Informal/Rural Worker,19693.06,0.4375,17,,,0.8441,7.21,2.8,0.7749,,,,,False,,29,3,0
02996293-adb5-43fe-926b-a80c21e26f93,Informal/Rural Worker,25372.91,0.4531,17,,,0.7524,11.76,2.77,0.6986,,,,,False,,20,3,0
721664fd-bb82-4cf6-9d32-7f93b651d70a,First-time Borrower,67405.58,0.2228,19,,,0.6852,8.98,,,,,,,False,,16,2,0
8c36aef9-fd27-4a28-95ea-fb4c3e805ee0,Gig Worker,25456.58,0.4004,17,,,0.3963,14.4,2.22,0.4213,,,15.7,-0.1264,False,,9,4,0
1afcf386-25ac-4e41-8f03-b5049f31982e,Small Merchant,136671.45,0.351,25,240813.51,0.7448,0.724,8.31,,,5.23,0.2311,,,False,,18,4,0
4a9054c5-7117-4ab7-91c2-9f2aca71abe6,Informal/Rural Worker,12326.51,0.4658,7,,,0.5515,16.12,1.83,0.4095,,,,,False,,15,3,0
085be26c-2a7e-48b3-a07a-87ab76d18c1d,Small Merchant,176478.49,0.2773,27,362519.6,0.9391,0.8784,5.62,3.29,0.9061,9.27,0.1646,,,False,,28,5,0
24ed0515-6692-439c-82ac-9bc85be15ef0,First-time Borrower,54806.82,0.124,16,,,0.7305,8.93,,,7.36,0.2065,,,True,526.0,15,3,0
cb9b48ce-9605-4496-8208-0388733c7867,Small Merchant,56045.31,0.4105,23,114209.97,0.5569,0.5199,14.13,1.23,0.6014,,,,,True,469.0,15,4,1
ebbdde9a-5804-48f5-947f-1e1896417e7a,Informal/Rural Worker,12566.19,0.6965,11,,,0.5126,16.36,1.07,0.3986,,,,,False,,12,3,0
0656e572-4edd-4c4d-a048-55d73fecff8b,Informal/Rural Worker,11022.66,0.4742,8,,,0.6294,17.71,0.89,0.5334,,,,,False,,9,3,0
fa39dd16-8695-4db2-8e03-1cfd8f801830,Gig Worker,43553.3,0.2025,25,,,,,,,,,21.74,0.1334,False,,15,2,0
9f12657c-602e-4d3d-915d-46031efd3d6e,Informal/Rural Worker,9843.99,0.5885,9,,,0.4457,12.34,1.44,0.5411,,,,,False,,8,3,0
e1fc0357-cb4e-49e6-8f47-2880c07e73a1,Informal/Rural Worker,17047.16,0.4956,14,,,0.6992,11.6,1.53,0.5505,,,,,False,,12,3,0
f43b80f5-fdf9-4587-b419-8ab4873e6e86,Small Merchant,173729.6,0.3249,25,359812.27,0.7741,0.9991,6.12,,,8.61,0.0917,,,False,,23,4,0
34c5be94-8e00-4135-ba9d-6df727e7674e,Informal/Rural Worker,13707.84,0.3665,12,,,0.6564,8.99,2.33,0.653,,,,,False,,19,3,1
7898834b-b281-4356-8d2d-34612c4e2c5a,Small Merchant,130802.04,0.3823,24,332027.75,0.7314,0.7144,11.38,2.22,0.8041,7.18,0.136,21.77,0.1826,False,,21,6,0
b9a9a9c4-3046-4db9-9215-309830b98a4c,First-time Borrower,31843.23,0.2924,13,,,0.5832,15.67,,,,,,,True,522.0,13,2,1
e9001038-98d7-40ae-b7d2-45c0176de666,First-time Borrower,44550.36,0.185,18,,,0.6323,11.35,,,,,,,False,,17,2,0
46ec6744-72a6-4874-80a9-128ffbe0090f,Small Merchant,99757.3,0.2779,20,184734.8,0.632,0.4627,10.45,2.2,0.5883,4.07,0.1789,,,True,605.0,13,5,0
817532db-ffe9-46b7-ab39-6d46269e20d5,First-time Borrower,39135.27,0.2584,16,,,0.5614,12.08,,,,,,,True,558.0,12,2,1
fbb5dbc2-23c7-4381-8b68-80dc29055134,First-time Borrower,64197.56,0.0884,21,,,0.8566,0.0,,,,,,,True,727.0,24,2,1
83a43051-af7b-42ff-89f8-5432910d65da,Small Merchant,62816.23,0.4428,22,184245.67,0.7234,0.5503,15.64,1.27,0.5338,,,,,True,569.0,10,4,0
4f4fa2dd-8c36-4a60-801b-6677172802f0,First-time Borrower,34983.26,0.2793,16,,,0.4402,12.5,1.23,0.4565,1.82,0.1773,17.77,0.0069,False,,10,5,1
68f4b44f-4392-435e-a25c-a80287df785b,Small Merchant,63871.99,0.5314,19,77083.26,0.5829,0.4569,13.46,,,2.52,0.2292,,,False,,7,4,1
9f68aa31-18ab-4d34-83d2-4083a9935ac5,First-time Borrower,66623.76,0.24,20,,,0.6232,7.09,2.6,0.7689,,,,,False,,18,3,0
df9d37d4-7841-495f-9fbb-96808668a913,Small Merchant,177835.79,0.2229,24,307259.18,0.8101,0.7719,2.18,,,6.39,0.0849,,,False,,27,4,0
db75c646-568d-4c4f-aec7-dbed1dcb8fd9,First-time Borrower,52385.43,0.2321,20,,,0.6526,7.01,,,7.45,0.2147,,,True,662.0,26,3,0
327d865e-8d1f-472c-9963-b229739a1b83,Gig Worker,46150.15,0.2492,25,,,0.9494,4.65,2.84,0.8728,6.4,0.0736,29.25,0.2051,False,,31,5,0
9d2702f2-4bd4-4799-b487-7c65ae8518d4,Gig Worker,43788.38,0.3343,24,,,,,3.35,0.727,,,26.6,0.1605,False,,28,3,0
bf377f7b-4526-4237-974e-6fd4a50275e9,Gig Worker,56865.93,0.3162,27,,,,,2.66,0.8609,,,27.06,0.2358,False,,23,3,0
1f65a949-1f56-44fb-8436-5a87a1deb63d,Informal/Rural Worker,25934.49,0.476,18,,,0.7585,5.46,2.63,0.8471,,,,,False,,23,3,0
0ceac4dd-082c-4f24-a189-9041f316eb5d,Small Merchant,118192.01,0.2645,25,224391.63,0.7112,0.7521,6.17,2.45,0.6923,5.75,0.2008,,,False,,24,5,0
6a54f0e4-26ae-4cf3-b2d9-04313abc1504,Small Merchant,101295.62,0.3655,22,231305.52,0.5872,0.6291,8.12,,,3.71,0.1832,,,True,571.0,10,4,0
45a1b9da-7ccb-4e88-ba70-ba6494510e02,Small Merchant,168550.86,0.2199,25,,,0.8216,4.75,,,10.3,0.123,,,False,,27,3,0
76be538c-de64-4222-b1ce-288d7220ef26,Small Merchant,116564.18,0.3109,20,266968.6,0.778,0.8048,7.63,,,4.73,0.1428,18.92,0.1185,False,,22,5,0
63097534-fdaa-4c20-a962-492c0e224cb3,Gig Worker,35492.1,0.3876,22,,,,,1.94,0.7149,,,19.99,0.0668,True,683.0,20,3,0
e8781fb6-f15d-4d75-b89d-4ed39aec0df6,First-time Borrower,59310.65,0.2727,21,,,0.7226,9.2,,,,,,,True,578.0,17,2,1
46c70e23-f1be-4c3a-81ff-64c0bd84d196,Small Merchant,155689.04,0.2761,25,327151.04,0.905,0.756,6.67,,,,,23.52,0.0661,True,658.0,24,4,0
ae88b053-6c16-4094-ac80-2c98d2c2b397,Small Merchant,110645.31,0.3297,26,268227.2,0.8637,0.8091,6.86,,,6.44,0.1949,,,False,,20,4,0
a0bfdd88-d051-4707-9536-4ebee4730a30,Small Merchant,170067.16,0.3219,26,337764.66,0.9233,0.8513,2.36,,,9.19,0.1169,,,False,,24,4,0
d397bb8a-08c5-4088-9527-ea1775b7b649,Small Merchant,113455.13,0.3425,24,236485.74,0.7822,0.6353,11.84,,,5.13,0.2041,,,False,,14,4,0
f4ba7947-2984-4833-b642-de65ea10f14a,Small Merchant,115425.33,0.3762,23,227349.38,0.6712,0.6516,7.23,,,4.89,0.1557,,,False,,9,4,1
2dff6f92-d028-4f0f-9861-642b5f27f183,Informal/Rural Worker,17829.21,0.4981,14,,,0.6207,10.68,1.84,0.6313,,,,,False,,16,3,0
54e96156-8f27-4c6a-82d3-2e10872f1741,Gig Worker,32551.79,0.33,24,,,,,1.85,0.6627,,,21.97,0.0314,False,,17,3,0
2e789352-4edb-4905-9987-1f838fa0e60c,Small Merchant,125258.0,0.342,23,229719.36,0.6937,,,,,4.7,0.1458,,,True,652.0,19,3,0
ae3dbbef-d8fe-440a-9c6c-802d986f6585,Informal/Rural Worker,24142.18,0.3568,16,,,0.617,8.92,2.59,0.6857,,,,,False,,19,3,1
2a191207-9a91-4a9f-8eca-8f60b7f4fb04,Informal/Rural Worker,18230.82,0.6671,10,,,0.609,8.25,1.63,0.6373,,,,,False,,18,3,0
27ef8a9b-9b57-4513-a8c2-8d9b21204aaa,First-time Borrower,67472.4,0.1511,20,,,0.7232,3.02,3.28,0.736,,,,,True,714.0,21,3,0
9c3e7658-a01a-4a9b-beaa-a00922bfd8de,First-time Borrower,44874.67,0.1811,17,,,0.6169,8.8,2.44,0.5999,5.3,0.184,,,False,,18,4,0
80c43deb-5c95-482b-bfd3-7480bbc64c6a,Gig Worker,43376.43,0.2714,24,,,,,3.48,0.831,,,24.76,0.1879,False,,18,3,0
9377cac6-95e7-4237-bb60-9b653121825f,Small Merchant,22673.4,0.4867,20,104012.91,0.4985,0.3993,14.99,,,3.86,0.2911,,,False,,5,4,1
24a4d8d4-ea8d-4d84-904e-e1c8e3cc4013,First-time Borrower,37896.8,0.2607,17,,,0.6341,10.95,2.56,0.4879,4.04,0.2116,,,False,,17,4,0
00066518-3d3f-45f1-9bc3-1f0d370a75ab,First-time Borrower,80830.2,0.1663,25,,,0.805,7.7,,,,,,,True,754.0,20,2,0
03d24526-6404-4484-a0bd-a5d2658b8979,First-time Borrower,39684.17,0.2754,16,,,0.711,8.85,,,5.22,0.1985,,,False,,18,3,0
135eff44-01b0-4229-a424-52651da7c4f1,Informal/Rural Worker,14852.05,0.5022,13,,,0.5326,12.72,1.71,0.6743,,,,,False,,15,3,0
6ac41094-dcec-4f76-be8b-e1a6c4e3da87,Small Merchant,97837.31,0.4217,22,165642.55,0.6467,0.6511,14.64,,,3.13,0.2079,,,False,,16,4,0
80d0256d-eb03-4c2a-aa7e-fc724a4f6345,First-time Borrower,75294.47,0.1865,21,,,0.6465,6.84,,,,,,,True,722.0,22,2,0
62610054-d9b8-444d-ae73-1218fabd5d85,First-time Borrower,22959.5,0.2496,16,,,0.506,14.3,1.99,0.5097,4.8,0.2219,,,True,443.0,11,4,0
0806f825-402e-4768-936f-d0e392a349d8,First-time Borrower,44133.8,0.2389,19,,,0.6175,12.78,,,,,,,True,545.0,17,2,0
dcd18ff9-d372-4a26-86f6-50d3132975d0,Gig Worker,47966.23,0.3827,26,,,0.9215,2.32,2.92,0.8847,8.93,0.0494,,,False,,24,4,0
41c5484e-3c6f-485d-b152-a82da70f6ff7,Gig Worker,25363.49,0.408,18,,,,,2.16,0.5772,,,16.64,-0.031,False,,15,3,0
62585a82-fde6-4449-9f63-381869c41180,Informal/Rural Worker,27007.98,0.3978,20,,,0.8598,0.36,3.09,0.7299,,,,,False,,26,3,0
0a0c3bea-3fbf-4461-a3e1-9bc4ffe77c56,Informal/Rural Worker,30398.07,0.2478,17,,,0.7548,3.44,3.19,0.878,,,,,False,,25,3,0
4fcb3ef9-89dc-4ba2-a6e5-1cdbea99b599,Informal/Rural Worker,26024.2,0.4084,18,,,0.8018,4.11,2.94,0.6636,,,,,False,,25,3,0
eed3a768-9263-450c-8370-705045e3f939,Informal/Rural Worker,22781.16,0.3283,15,,,,,2.4,0.7586,,,,,False,,11,2,0
b7ff8ed5-c69a-4391-b286-80967053a9f9,First-time Borrower,47322.24,0.2442,18,,,0.6866,15.56,,,5.37,0.1547,18.54,0.0215,False,,17,4,1
19e8f1e0-e8ed-4cab-8d34-40530b1bd31b,Gig Worker,40239.74,0.306,25,,,,,2.6,0.9532,,,25.58,0.208,False,,29,3,0
3730e58b-4d03-47fd-9fb8-5b761b7441fb,Informal/Rural Worker,16667.34,0.4706,12,,,0.6378,9.15,1.93,0.6205,,,,,False,,20,3,0
5af1e82e-4bb1-440f-96cf-838add53b45f,First-time Borrower,58558.72,0.1998,17,,,0.7025,10.33,2.61,0.7629,,,,,True,657.0,20,3,0
3fec5915-252b-41f1-aace-ff5f89de1c41,First-time Borrower,34166.66,0.3045,15,,,0.608,15.08,1.34,0.5323,,,,,True,525.0,7,3,0
f5ce8e88-09db-46d8-ac7f-2e25b7a59f5d,Informal/Rural Worker,27269.66,0.4352,17,,,0.9637,1.9,2.93,0.9085,,,,,True,834.0,30,3,0
c032efc0-dfc1-42aa-a50d-d930dea30607,Small Merchant,138019.48,0.4088,25,276424.31,0.6625,0.6311,10.36,,,8.33,0.1347,,,False,,20,4,0
58d781ba-77c4-4135-baf2-21060beb17e1,Small Merchant,93712.22,0.3167,23,215618.75,0.6602,,,,,5.27,0.1932,,,False,,17,3,0
39815ab0-3b4f-4b74-88a8-8166db7407df,First-time Borrower,44626.96,0.2369,23,,,0.8062,9.22,2.6,0.8053,5.22,0.1992,,,True,653.0,27,4,0
87ad44ca-00b9-4d87-9106-dd8f7ab65789,Small Merchant,171375.17,0.2126,29,410452.82,0.9908,0.8802,7.71,,,8.89,0.0381,,,False,,33,4,0
aa784a61-cba6-4280-95ec-eea9a15b93a5,First-time Borrower,48578.57,0.2751,18,,,0.6944,10.12,,,,,,,True,568.0,16,2,0
5dd94d63-9375-47d3-95fb-2f5b8e57eebc,First-time Borrower,62290.6,0.1854,23,,,0.8415,4.68,,,,,,,True,672.0,24,2,0
1beaf56c-12a7-42f1-9ba8-dcb59aa586b7,First-time Borrower,28935.3,0.3147,17,,,0.5369,15.35,1.27,0.4652,3.57,0.2484,,,False,,11,4,1
42c76c9d-439c-432d-b979-a0ea3d1445b4,Informal/Rural Worker,11482.37,0.558,5,,,0.4545,15.33,1.85,0.458,,,,,False,,11,3,1
65711800-d46f-4d4c-a837-342938907a22,Informal/Rural Worker,28495.57,0.5191,20,,,0.7852,6.11,2.69,0.7154,,,,,False,,19,3,0
df17787e-75bb-43cb-8045-6eabc44e05ef,Informal/Rural Worker,15846.64,0.5298,13,,,0.6534,11.53,2.09,0.5572,,,,,False,,14,3,0
5264f216-1af7-41a0-84f6-504b3a1dbf03,Small Merchant,112056.47,0.3553,24,214566.02,0.7621,,,1.96,0.7237,4.11,0.1432,,,False,,18,4,0
030513fd-7959-4b20-9b89-e053d3be3e84,Small Merchant,182364.02,0.2018,25,398929.75,0.891,0.8401,4.34,,,8.28,0.0961,,,True,735.0,23,4,0
84934f61-4b69-4b27-8d10-213d38d8a7ae,Informal/Rural Worker,11507.91,0.5322,12,,,0.6396,12.59,1.73,0.6475,,,,,False,,13,3,0
b3e27604-6e21-490f-b0a6-0f497669daf9,Gig Worker,45980.79,0.3358,22,,,,,2.51,0.8322,,,25.03,0.0816,False,,19,3,0
700d3b29-2405-4ca7-91cf-8a614ae29582,Small Merchant,117972.68,0.4105,23,189663.77,0.6795,0.5373,10.78,1.84,0.6942,4.8,0.1644,,,False,,7,5,0
da3e813b-dd0d-4feb-8e45-63674c68350b,Gig Worker,42080.93,0.3284,26,,,,,2.7,0.7213,,,19.52,-0.0478,False,,13,3,0
11fafa44-67c4-4952-bf48-65eaff572e07,Small Merchant,52881.65,0.3693,21,110163.41,0.5606,0.3992,18.29,,,1.55,0.23,,,False,,4,4,0
5b44984a-013f-422e-abc5-4830991767fc,First-time Borrower,66981.17,0.1487,21,,,0.7683,5.21,3.27,0.8579,8.61,0.1231,,,True,712.0,21,4,0
9a8b14c3-3b3a-42f2-9891-cecf8cac27dc,First-time Borrower,73338.28,0.231,24,,,0.8727,3.17,,,6.84,0.1022,,,True,746.0,21,3,0
672d2190-5968-4286-a96a-485890ed3f12,Small Merchant,200470.54,0.2959,26,294373.2,0.9489,0.8587,6.36,,,7.34,0.1383,,,True,719.0,23,4,0
44658fd5-f613-4861-b793-7cab44835ff5,Gig Worker,17272.7,0.5532,17,,,,,1.37,0.5165,,,17.54,-0.194,False,,5,3,1
3b8a8b61-2147-4323-8efc-436432f801f4,Informal/Rural Worker,20202.29,0.3317,15,,,0.748,3.77,2.94,0.7377,,,,,False,,26,3,0
f24da000-1b3b-4f42-99d4-c90edea4e6c4,Gig Worker,43809.8,0.3203,26,,,,,2.29,0.7083,,,20.77,0.044,False,,25,3,0
ea598322-ec95-4244-9cab-4d3f8b6af30a,Small Merchant,72569.69,0.4264,21,140350.59,0.6751,0.6621,12.88,2.22,0.6109,3.29,0.1516,,,False,,12,5,0
61f712ed-ea32-4762-a278-55d297b98885,Gig Worker,32423.93,0.4385,22,,,,,2.94,0.7708,,,18.56,-0.033,False,,22,3,0
463c700a-9776-432f-8bbe-d103e36e033f,Small Merchant,164214.16,0.3493,25,307532.44,0.7849,0.7382,6.35,,,7.11,0.166,,,False,,26,4,0
31580496-f4a8-431f-b71c-6160180e6e07,Informal/Rural Worker,7925.16,0.7035,10,,,,,1.1,0.4766,,,,,True,411.0,7,2,1
e32041cd-ddfe-465a-a8b9-0ef9cb22a853,Informal/Rural Worker,23246.21,0.4689,16,,,0.6664,12.41,2.25,0.6821,,,,,False,,17,3,0
40a8877e-e845-497f-b698-6a2df66140bd,Small Merchant,129889.47,0.3499,24,248967.12,0.6456,0.6836,6.23,,,7.36,0.1668,21.35,0.2051,True,593.0,18,5,1
39c28ce4-de50-49db-b7a3-156c777235c4,First-time Borrower,34873.36,0.2785,17,,,0.5139,12.12,,,,,,,True,490.0,10,2,1
ba84c96a-431a-4e25-9d0e-34b4f1114f68,Small Merchant,77938.5,0.4271,20,,,0.4999,16.11,,,2.19,0.2103,,,False,,11,3,1
29e2b25e-d333-4613-86d2-1e3cb302586a,First-time Borrower,61058.55,0.1618,19,,,0.7598,7.76,3.05,0.7388,,,,,True,681.0,24,3,0
4dd8dfbd-8832-4465-9b34-932f4418cd65,First-time Borrower,29423.0,0.3101,14,,,0.5709,16.33,1.99,0.5676,,,14.82,-0.0968,True,470.0,13,4,0
cfb80d0a-58d9-4575-af4d-647f7f8903b4,Informal/Rural Worker,18414.39,0.4615,15,,,0.6868,7.26,2.49,0.6448,,,,,False,,19,3,0
eb07b008-9d78-43a1-a840-7bca962b33cf,Gig Worker,50587.64,0.2375,28,,,0.92,1.72,3.27,0.8447,,,23.11,0.2852,False,,28,4,0
b93d37fa-4e93-45ad-b1f6-d9f2b9727857,Gig Worker,22931.16,0.504,20,,,,,1.13,0.519,2.41,0.2292,11.31,-0.0577,False,,10,4,1
4a071f26-5c8a-4f00-bbb5-96ee0d2f6a1e,Gig Worker,43238.68,0.2575,24,,,,,2.69,0.7178,7.49,0.1014,20.55,0.1385,False,,24,4,0
e144a11c-4b62-48bb-a989-ba5a6dea8d83,Informal/Rural Worker,15558.85,0.4602,16,,,0.6766,7.82,2.28,0.8106,,,,,False,,20,3,0
21d99615-fadb-4a6c-b0ce-9ad2c5060593,Small Merchant,90554.31,0.4826,22,145881.37,0.6463,0.6421,14.55,1.5,0.6554,5.61,0.1992,,,False,,17,5,0
b9314739-fffc-4c26-80e8-36aac1de91b3,First-time Borrower,55530.8,0.1374,19,,,0.7319,8.15,,,,,20.71,0.1147,True,684.0,17,3,0
cf843fc3-f801-491f-a69c-7961e7680510,First-time Borrower,54040.39,0.205,15,,,,,2.27,0.5892,,,,,True,572.0,17,2,0
78a10eca-2698-4d40-92ad-5953755b0491,Informal/Rural Worker,26401.14,0.3662,17,,,0.8104,7.25,2.5,0.7109,,,,,False,,21,3,0
9556f225-de08-49c5-adf8-b875fabf3d8f,First-time Borrower,79405.95,0.1509,20,,,0.807,3.45,,,7.86,0.1103,,,False,,24,3,0
e78ed7b5-c7e5-4fa8-99ea-290a33803619,Informal/Rural Worker,32241.05,0.3556,19,,,0.7978,1.08,2.87,0.893,,,,,False,,28,3,1
8a0d66ce-4849-4be1-9cb0-7141830a8a05,First-time Borrower,61630.25,0.1952,21,,,0.8159,4.43,,,6.94,0.1287,,,True,736.0,19,3,0
13d263ae-7f31-48fb-a53e-321dd1593e17,First-time Borrower,56205.13,0.207,19,,,0.6756,6.79,2.89,0.7823,,,,,False,,23,3,0
4558b363-89fa-4f9d-bc6a-0d77bda51a78,Small Merchant,114606.1,0.357,24,220310.56,0.7844,0.7506,10.55,2.39,0.7769,4.94,0.1697,,,False,,19,5,0
caf0eb77-5c93-4ffd-b4d4-f245d78fad18,Small Merchant,113309.95,0.3283,22,206259.46,0.5882,0.5726,10.87,,,3.72,0.1734,,,True,668.0,22,4,1
68d87987-9258-487a-9e74-01474cf06ff7,Gig Worker,28150.68,0.4469,19,,,,,1.38,0.5305,,,12.92,-0.0463,False,,13,3,0
74eda12a-74f0-4822-9ad8-2222aaa9d8f0,Gig Worker,33065.15,0.2735,18,,,,,2.16,0.5161,,,15.41,0.0039,False,,19,3,0
80c70be5-6c68-4df4-b8ea-712136133c06,Informal/Rural Worker,23055.37,0.449,14,,,0.8322,5.46,2.53,0.6356,,,,,False,,28,3,0
17522b65-cb2b-4c79-8197-7c4085e4999d,First-time Borrower,38675.67,0.2886,15,,,,,1.31,0.5544,,,,,False,,7,2,1
ca2ab59d-85ab-4bac-a49e-83584b640608,Small Merchant,137778.89,0.2597,24,291007.49,0.7447,0.7024,9.07,,,7.13,0.2168,,,True,639.0,13,4,1
c9ff4b49-56f1-442b-801e-11f8bee62ed7,Small Merchant,101265.42,0.3541,23,245901.62,0.7257,0.7085,8.07,,,6.18,0.1836,,,True,652.0,19,4,0
abc22aff-75e8-45c0-b360-f321dc352374,First-time Borrower,30125.14,0.2725,17,,,0.5266,12.51,,,5.29,0.1952,,,False,,16,3,1
b0715ab1-b813-4810-ad64-cce3b23303d9,Gig Worker,23068.46,0.4414,20,,,0.6087,12.88,1.82,0.59,,,18.88,-0.1093,False,,20,4,0
4de088f8-9081-494c-b33f-504cd48418a1,Small Merchant,96711.24,0.4087,22,205815.12,0.6389,0.6548,11.25,1.84,0.5952,3.27,0.127,18.29,0.0265,False,,12,6,1
8b9dd0c8-d07c-4f45-b773-e653427e0359,Small Merchant,100901.58,0.3574,26,303182.75,0.7776,0.6294,7.36,2.46,0.7061,5.7,0.1432,,,False,,22,5,0
39ec209f-35a9-4a1b-a98d-51832446de3d,Gig Worker,48501.99,0.2945,27,,,,,2.88,0.7661,6.49,0.0976,21.06,0.0587,False,,27,4,0
39401eb5-ef50-4abe-b1e6-a6e9e6ac7b5c,Informal/Rural Worker,21515.83,0.4382,17,,,0.7153,5.55,2.17,0.7299,,,,,False,,19,3,0
2be0de1c-1b5d-433b-93e4-0b39d17cc600,First-time Borrower,54006.42,0.2004,20,,,0.7334,12.01,,,,,,,True,634.0,25,2,1
ddcbf395-59c1-45a8-a575-725be9500349,Small Merchant,142535.62,0.3533,25,334699.53,0.6839,0.7773,6.56,2.76,0.7021,8.06,0.1539,,,False,,19,5,0
5ec3cf8e-debd-4227-bcba-64c847f9c93b,Informal/Rural Worker,15385.08,0.5268,6,,,0.5237,11.87,1.47,0.4682,,,,,False,,8,3,1
57a111b3-cc2f-45ac-9d11-3fc4ef132a89,Gig Worker,40631.33,0.3644,24,,,,,2.91,0.7749,,,23.81,0.1498,False,,24,3,0
84894329-9f06-4e0a-bce7-c50757b08123,Gig Worker,22195.73,0.5075,20,,,,,1.79,0.5642,3.69,0.1645,14.52,-0.0275,False,,10,4,0
be8629df-fe1b-451b-95ef-9673c29bac7c,Gig Worker,20035.91,0.503,19,,,0.4783,14.19,1.2,0.5218,,,16.69,-0.0429,False,,13,4,1
b996bba2-ad61-4c1f-9a5b-ac12675452d8,Informal/Rural Worker,20924.68,0.4557,13,,,0.6751,8.55,2.47,0.6203,,,,,False,,17,3,0
2d4d2db5-9eb8-4b9c-af3f-061a0df58bb4,Gig Worker,46430.05,0.2973,27,,,0.7925,4.6,3.21,0.783,,,26.04,0.1545,True,758.0,28,4,0
57318fc9-7387-4bd8-a437-8b0fe2415590,Informal/Rural Worker,16593.22,0.5128,9,,,0.7751,10.74,1.86,0.678,,,,,False,,19,3,0
8fa24c15-ec02-4a55-ac87-e257b1740a23,Informal/Rural Worker,19763.67,0.5037,12,,,0.7431,10.74,2.49,0.6765,,,,,False,,18,3,0
4c014736-d6d7-4fef-adce-04fc3d785684,First-time Borrower,76303.19,0.1591,21,,,0.7882,7.24,2.93,0.7891,,,,,True,672.0,20,3,0
dcbe8973-7809-45f9-8306-06786707cc6e,First-time Borrower,49512.53,0.1487,16,,,0.6911,12.13,,,,,,,True,613.0,20,2,0
9dfee50b-6307-4324-8ccd-cb7d00d78c50,Small Merchant,95310.69,0.3894,24,117155.71,0.6156,0.6958,15.97,,,3.04,0.1744,12.21,0.062,False,,13,5,1
fb225f10-a99f-4bbb-af08-cca0d3b67a0f,Gig Worker,27251.37,0.4542,17,,,,,1.64,0.5148,,,14.3,0.0171,True,536.0,9,3,0
416947fb-74c3-4d40-8b4d-5f54b430b22c,First-time Borrower,60202.81,0.1599,18,,,0.7289,3.19,,,,,,,True,644.0,21,2,0
42d5dbce-73e2-44f4-ad20-2bf730e01419,Informal/Rural Worker,30226.81,0.3066,18,,,0.9324,6.44,2.77,0.8724,,,,,False,,29,3,0
f9a0ccf7-c416-420e-b7d0-f4be3354c9a7,Small Merchant,161235.14,0.1451,29,393709.49,0.928,0.851,1.52,,,11.38,0.096,,,False,,29,4,0
4523b7de-d3b2-4b88-b706-f9599995f7a8,First-time Borrower,56859.14,0.1929,26,,,0.7467,4.6,2.79,0.7741,,,,,False,,18,3,0
798a7795-e4cc-442e-93e6-b2a9c22e17b0,Informal/Rural Worker,11003.88,0.6275,10,,,0.5376,10.25,1.73,0.7197,,,,,True,576.0,13,3,1
22cda537-7e09-4ea2-aec1-3b5000c1cc86,Informal/Rural Worker,24884.93,0.4164,12,,,0.664,7.61,2.62,0.5089,,,,,False,,19,3,1
6d95865c-e18f-44aa-bf12-d21042b57e31,Gig Worker,36999.11,0.4208,21,,,,,1.93,0.6561,5.72,0.1717,18.67,-0.0607,False,,15,4,1
2669e074-c8f4-47ac-a187-89c8f5732e30,Informal/Rural Worker,29122.97,0.4414,18,,,0.9331,5.83,3.17,0.948,,,,,False,,26,3,0
951558a6-f6be-45fc-84d5-08a01647490d,Informal/Rural Worker,26057.49,0.5735,17,,,,,2.65,0.6286,,,,,False,,21,2,0
53681d9b-166b-4261-be71-c405e7719369,Gig Worker,39909.35,0.3252,25,,,,,2.49,0.6421,,,20.45,0.1052,False,,16,3,0
e501d800-a4cb-4a1d-a472-4b2befa29e39,First-time Borrower,64715.22,0.1922,20,,,0.7912,6.77,,,6.31,0.0544,,,False,,24,3,0
f2dbcde9-8b7e-4f3f-b936-6cdbae8d0e2a,Small Merchant,112131.9,0.3758,23,288447.92,0.7774,0.6478,6.25,2.3,0.6269,8.5,0.1462,,,False,,18,5,0
dbb7a893-ecb6-4754-add9-a962bf752585,First-time Borrower,84353.1,0.2075,25,,,0.8647,6.86,,,,,,,False,,30,2,0
eba1aff6-fd23-41b1-ab7a-e410629e5bee,Informal/Rural Worker,24034.98,0.5955,12,,,0.6262,12.11,1.78,0.6177,,,,,False,,16,3,0
d6dcdc18-c5fe-4c78-9bc2-fa9e2441aa8c,Gig Worker,47263.52,0.3501,23,,,0.8745,5.91,3.43,0.7829,,,25.97,0.1896,False,,29,4,0
b91f2a8c-cd36-4ab4-ab70-36fb81f32738,Gig Worker,40520.62,0.3915,22,,,,,2.29,0.7491,,,23.0,-0.1016,False,,14,3,0
905473cd-079b-4701-b81e-2ff0cdceb165,First-time Borrower,57954.03,0.2413,21,,,0.7345,6.9,,,,,,,True,732.0,21,2,0
ca4fc1b8-d1ab-4840-af0c-46edac0c3a87,Gig Worker,48544.15,0.187,26,,,,,3.19,0.905,10.46,0.1236,22.63,0.2173,False,,27,4,0
395ed2af-97c7-4139-a2cf-928644b11cc3,Small Merchant,45876.22,0.5095,20,111411.7,0.5238,0.5086,12.37,,,2.36,0.1848,13.9,-0.021,False,,10,5,1
c21f7d94-e28d-462c-a5a1-b5e6eb81123e,Small Merchant,72732.4,0.3547,23,161211.91,0.5541,0.4476,15.28,,,5.01,0.2484,,,False,,12,4,0
ca4fcb1a-e1e0-45a2-81d9-bc908f0c8876,Informal/Rural Worker,20789.11,0.543,14,,,,,2.03,0.5819,,,,,False,,21,2,0
cd5b6b64-08cb-4f03-bb48-b7a921655537,Small Merchant,144618.97,0.3106,24,290378.06,0.7628,0.7085,9.58,2.84,0.8593,7.68,0.2141,19.09,0.0808,False,,21,6,0
2cef919a-87fe-45e6-9d55-4d669ada1e91,Informal/Rural Worker,21939.4,0.5283,14,,,0.743,8.96,2.27,0.7397,,,,,False,,16,3,0
09a676b0-2eb7-4894-a680-3689b5e03f74,Gig Worker,14213.81,0.4335,16,,,,,1.48,0.4715,2.64,0.2612,13.94,-0.0858,True,395.0,11,4,1
143bfe2f-ed06-43ab-bfdf-57a3064f6f6a,Small Merchant,112989.83,0.3316,22,,,0.681,9.7,,,3.0,0.1517,,,True,598.0,13,3,0
9e6dd406-84d0-4603-923d-afd2bfc5521c,Gig Worker,35711.81,0.3578,25,,,,,2.44,0.7797,,,24.12,0.0643,True,650.0,20,3,0
25770fe8-be87-470e-96c8-f3133157c937,Informal/Rural Worker,25153.51,0.2923,14,,,0.8785,4.23,3.01,0.8036,,,,,False,,24,3,0
0d59bc41-e25a-4450-ba18-772059cf571c,Gig Worker,33694.78,0.4562,29,,,0.7827,6.3,2.83,0.7414,,,23.02,0.1355,False,,22,4,1
767a96c5-c7be-44ed-8c67-30127ef09c9d,Gig Worker,19081.28,0.428,20,,,0.6405,15.88,2.15,0.5354,,,15.0,-0.0813,False,,12,4,1
e731868a-3ff9-44b0-8fdc-61631d7fd639,Informal/Rural Worker,15851.56,0.63,11,,,0.6456,14.94,1.37,0.4793,,,,,False,,11,3,1
45e338c0-16f8-4ca5-971d-9ea3790a0026,Gig Worker,38831.38,0.287,22,,,0.6235,10.32,2.89,0.7398,,,25.69,0.0918,False,,20,4,0
2ae74f8b-af8a-4fed-b123-e5801bafb5e4,Informal/Rural Worker,18065.38,0.4785,15,,,0.566,9.23,2.15,0.5431,,,,,False,,18,3,0
fbcb67c6-8ed1-4162-a3ce-2a7abb3f934e,Informal/Rural Worker,22868.62,0.3762,16,,,0.759,6.0,2.12,0.7541,,,,,False,,24,3,0
7a74786b-6796-412f-b432-7b06581a8ebb,Small Merchant,87945.09,0.4043,19,162181.04,0.5051,0.4895,18.16,,,2.76,0.2662,,,False,,10,4,1
7030c044-82a9-41e5-8ca9-af5e27278ca5,First-time Borrower,76115.44,0.1501,26,,,0.8798,3.27,3.15,0.8947,9.41,0.0346,,,True,805.0,28,4,0
d0672994-e16b-4841-890d-57acb744c771,Informal/Rural Worker,9861.8,0.4921,11,,,0.5589,13.91,1.92,0.5399,,,,,False,,6,3,0
264173f6-4bf6-4361-a368-d546500c7605,Small Merchant,138004.05,0.4198,26,209479.05,0.6803,0.6379,12.04,,,4.47,0.2392,,,False,,17,4,1
53c95e8b-699b-4582-9dc5-8bc15cedd02c,Informal/Rural Worker,24651.27,0.4599,15,,,,,2.69,0.7105,,,,,False,,22,2,0
f8637e4f-472f-463c-b24d-6c8c6efe3646,Informal/Rural Worker,29760.85,0.3801,18,,,0.8301,7.01,2.68,0.8425,,,,,False,,29,3,0
f5a8256b-75e7-4bed-981e-b26534da2ef9,Gig Worker,31472.72,0.4162,23,,,,,2.04,0.6736,,,22.67,0.0573,False,,14,3,1
12e70b10-181a-4c73-a35c-34061f2e608e,First-time Borrower,36240.69,0.1902,16,,,0.6299,7.82,,,,,,,True,622.0,15,2,0
5b379d4b-4984-462f-a5bc-8be930139fa8,First-time Borrower,54958.37,0.2496,18,,,0.6974,6.44,,,,,,,True,655.0,17,2,0
02865931-0f13-48b5-8ad3-20102d74e683,First-time Borrower,54151.6,0.2607,19,,,0.6455,9.49,,,,,,,True,558.0,14,2,0
2b1bc69e-f19a-4a23-9a08-63f5be585d16,First-time Borrower,49139.14,0.215,22,,,0.7869,12.7,,,4.4,0.1707,,,True,682.0,26,3,0
3f88a20e-f611-487f-b840-d6be250db58b,Informal/Rural Worker,18778.51,0.5435,10,,,0.6573,11.28,1.67,0.597,,,,,False,,19,3,0
71a4c61b-6a74-4716-bc31-a522d55d8cfb,First-time Borrower,61460.56,0.2237,21,,,0.8181,6.72,,,,,22.73,0.0657,True,719.0,26,3,0
4228a3ef-afed-4e14-af7d-82b3263d3ed1,Gig Worker,30928.32,0.4128,22,,,0.574,9.76,1.58,0.442,4.37,0.2147,12.02,0.0017,False,,18,5,0
e14a2e8f-3f08-4928-a391-262a5e9885b1,Gig Worker,38270.79,0.3107,22,,,,,2.43,0.7264,7.83,0.1916,,,False,,23,3,0
f9341e8f-18ff-4f2c-ad09-f10ff583de6e,Informal/Rural Worker,12684.51,0.518,14,,,0.5057,11.66,1.58,0.6482,,,,,False,,13,3,1
a165f964-61d7-4cfb-89df-56b42b6c986c,First-time Borrower,97200.32,0.1403,27,,,0.8858,3.24,,,10.13,0.0464,,,False,,24,3,0
85d67d91-40bc-4b84-969d-d7ac31784995,Informal/Rural Worker,17948.93,0.5194,14,,,0.6981,7.99,2.49,0.6958,,,,,False,,17,3,0
b4cda71d-b010-4586-b37d-33c2bf25f3e7,Gig Worker,46341.01,0.3587,29,,,0.7706,9.95,,,6.8,0.1464,21.57,-0.0072,False,,24,4,0
99eccef4-631f-40aa-9f9a-53e8519cd404,Informal/Rural Worker,11516.07,0.624,11,,,0.4634,15.89,1.78,0.5306,,,,,False,,15,3,1
44e38216-d1e7-4731-8093-3d191d2977a7,Gig Worker,31073.53,0.4332,18,,,,,1.42,0.54,5.19,0.1719,14.33,-0.1353,False,,11,4,1
c6e66b83-787c-408b-a1dc-2886dc30ae7c,Small Merchant,165044.83,0.2955,25,319556.81,0.7906,0.7599,7.02,,,6.88,0.1039,,,False,,21,4,0
70a16cdb-10fb-4c35-b0c5-6e5e3a1d2418,Informal/Rural Worker,14506.88,0.3781,11,,,0.6177,11.13,1.97,0.6344,,,,,False,,16,3,1
0ac6b483-ef3c-4659-9787-253437197c8c,Gig Worker,39783.7,0.3451,26,,,,,3.32,0.7485,,,25.56,0.1495,False,,28,3,0
6d0054f2-42da-4ac4-9fd3-f41e9690a559,Gig Worker,29696.51,0.3558,21,,,0.6247,11.23,,,,,17.88,-0.0166,False,,14,3,0
db5671e7-a065-4835-9edf-03e4434039e5,Informal/Rural Worker,12422.53,0.5822,14,,,0.6024,11.74,1.74,0.5746,,,,,False,,8,3,0
5649ec0c-17a7-48fd-a8c1-81c6fc5c6c7f,First-time Borrower,79788.8,0.1531,22,,,0.7324,7.75,2.43,0.8923,,,24.48,0.3152,False,,26,4,0
2bf46756-eb1d-4976-ad4a-86395b7b89c6,Small Merchant,169918.05,0.263,27,296677.46,0.7366,0.7595,5.85,2.61,0.7883,8.27,0.1321,,,False,,23,5,0
193c0667-110b-4e70-81d9-86ec158f6e0c,First-time Borrower,75890.02,0.1626,23,,,0.7873,9.47,,,,,19.71,0.1114,False,,24,3,0
c19d1e66-4730-419c-8ae6-213ed7a7922c,First-time Borrower,64972.22,0.1386,21,,,0.7938,4.51,,,8.21,0.1039,,,False,,24,3,1
18c64b86-a2c8-4f2f-81ff-dc687e628715,Informal/Rural Worker,13891.82,0.4425,10,,,0.5088,13.88,2.1,0.6182,,,,,False,,13,3,0
3801de04-995a-43bc-8c19-b12f33d95207,Informal/Rural Worker,13234.12,0.5212,8,,,0.4912,12.17,1.8,0.5242,,,,,False,,16,3,0
b8446904-a722-4a91-b385-ae852d771695,Informal/Rural Worker,25478.0,0.6798,12,,,0.4987,13.82,1.93,0.6076,,,,,False,,15,3,1
7b012ea4-608f-4ca7-9895-e4b7e1be3dda,Gig Worker,34032.4,0.5137,25,,,,,2.13,0.704,,,16.95,0.0768,False,,20,3,0
e8193935-9c4f-4d17-a367-15ce92d54a11,Small Merchant,190092.2,0.3043,26,351852.33,0.8962,0.7318,6.94,,,8.47,0.0891,,,True,678.0,29,4,0
51ad3969-cf71-439d-8522-970c2e026af9,Informal/Rural Worker,19154.29,0.4379,14,,,0.6683,11.57,2.03,0.6962,,,,,False,,14,3,0
2b997ded-257b-45d6-a98a-85b1f92417cb,Small Merchant,125719.69,0.2413,27,283905.58,0.8032,0.7501,10.18,,,8.0,0.1423,,,False,,17,4,0
82940390-9242-48c0-b96c-4b0ae5b32b35,Informal/Rural Worker,22273.65,0.4265,17,,,0.7445,5.15,2.91,0.8524,,,,,False,,18,3,0
efe79303-9fd5-4c1f-a405-9990ff8532c3,Small Merchant,74253.59,0.4073,21,184801.04,0.625,0.5421,11.76,,,2.49,0.1808,,,False,,14,4,1
9f2ff8e0-f660-4c28-bffa-bfa538f789be,Small Merchant,123765.68,0.4078,21,284973.05,0.6565,0.6215,8.69,,,5.25,0.1681,,,False,,18,4,0
84296b01-6419-4c53-8f40-55a35cb5ca22,Informal/Rural Worker,10904.46,0.5688,5,,,0.47,15.47,1.77,0.5077,,,,,False,,8,3,1
1c693e59-d93a-4c75-956b-3d1f05073711,Small Merchant,135912.76,0.3521,25,263986.67,0.7088,0.7306,5.22,2.37,0.6218,5.88,0.1937,,,False,,19,5,0
8426c2cf-d5d9-4f16-804f-92936541d16a,First-time Borrower,70503.77,0.1359,17,,,0.7021,9.51,,,,,,,True,592.0,19,2,0
ce1767b9-3def-4be5-9ec1-412ac7deccf1,First-time Borrower,52798.45,0.2472,17,,,0.6681,8.22,,,,,,,False,,17,2,0
6d78ba1d-76ab-43e1-94ec-b683954dba0b,First-time Borrower,22907.02,0.2639,14,,,0.5473,13.31,1.29,0.4836,,,,,True,451.0,7,3,1
096e2287-5b28-47e0-a677-01952fded118,Small Merchant,109467.36,0.3959,23,189985.66,0.7662,0.5498,9.86,,,4.35,0.1368,,,False,,23,4,1
d81b86be-cb6a-48d8-9087-e1a90826dd68,First-time Borrower,70201.62,0.2074,21,,,0.7259,3.75,,,6.43,0.1045,,,True,679.0,21,3,0
321f1fad-f2b7-4555-afad-cc2ccf410fdb,Gig Worker,31890.13,0.3143,21,,,,,1.77,0.6491,,,13.71,-0.1111,False,,16,3,0
4a1f096b-bcb9-49c3-8321-98997b5193e1,Informal/Rural Worker,10607.12,0.7064,12,,,0.5058,17.81,1.08,0.4208,,,,,False,,11,3,1
a9dcc584-3109-424e-a453-e24d2ee53985,First-time Borrower,52294.03,0.2126,19,,,0.7146,8.75,1.72,0.6811,5.97,0.0979,,,True,705.0,20,4,0
92aabbf1-d908-4a30-80a5-e32320a73f42,First-time Borrower,64412.71,0.218,19,,,0.774,6.86,,,7.05,0.1292,,,True,725.0,23,3,0
2d8f81f9-613f-489d-be37-35c8105f0591,Small Merchant,85829.41,0.4234,22,169443.95,0.6716,0.4755,14.56,1.84,0.4543,3.99,0.1987,,,False,,12,5,1
78219f98-8b49-48a0-90fc-a12016dc2aa1,Small Merchant,162165.75,0.254,26,358721.77,0.8124,0.9161,4.52,2.77,0.8032,9.4,0.163,,,False,,22,5,0
1b3f5c90-b39b-4dd2-9d32-831633882582,First-time Borrower,40829.87,0.2819,16,,,0.741,9.9,2.12,0.6625,,,,,True,545.0,16,3,0
38cf92ee-2bd2-48d1-9670-1d49cb408eba,First-time Borrower,85257.67,0.214,25,,,0.8593,1.91,,,,,30.0,0.1854,False,,31,3,0
e5a74666-6ed4-47cb-869f-03a3e1f85f7b,First-time Borrower,68783.91,0.1656,21,,,0.8795,5.36,2.55,0.7644,,,22.33,0.0984,True,679.0,26,4,0
8f7fcc04-54b9-4bc2-8f85-bc8a0f106888,Gig Worker,43360.27,0.3643,23,,,0.7488,4.91,2.6,0.7746,,,25.47,0.1599,False,,27,4,1
9aa5ffb6-9ddc-45e9-974b-0f35cb65a1e6,Informal/Rural Worker,17599.42,0.5168,13,,,0.6972,9.53,1.92,0.638,,,,,False,,10,3,1
ed3b6d27-09e9-45a4-a7ab-d67ccd52cfc1,Gig Worker,39992.43,0.5056,19,,,,,2.24,0.6554,,,21.4,0.0967,False,,21,3,0
4be35b89-3e17-4395-9feb-6570bab5eda8,First-time Borrower,72762.16,0.1731,19,,,0.7684,5.45,,,7.85,0.1404,,,True,701.0,19,3,0
3ee8ac4b-7d56-434a-82b8-ea68244dad33,First-time Borrower,52530.96,0.2457,17,,,0.5951,8.74,2.56,0.6746,,,,,True,636.0,18,3,0
9b6ff24f-5256-4614-98cf-e93fc3010869,First-time Borrower,37850.46,0.2467,17,,,0.6195,16.73,,,3.86,0.2671,19.08,-0.0678,False,,14,4,1
1b80dc78-f41d-4fa1-86f2-4865971b579e,Gig Worker,37542.5,0.2786,26,,,,,2.5,0.774,,,22.34,0.0757,False,,23,3,1
12cf756f-eb75-4d70-b523-0f001ea802c8,First-time Borrower,76405.29,0.2441,23,,,0.7334,5.38,,,6.97,0.1121,,,True,719.0,24,3,0
b50355b1-2354-450e-93f6-ff0b2042c2bc,Small Merchant,59993.77,0.4095,20,98746.47,0.5092,0.5238,15.61,,,1.57,0.1726,,,False,,15,4,1
f167ea34-5c6d-4de5-bf03-afcd5ddac769,First-time Borrower,58131.5,0.2192,17,,,0.7207,10.92,,,5.77,0.1148,,,True,686.0,18,3,1
525bf1fb-a2cb-4e87-807b-d1fd3b674b0d,Informal/Rural Worker,22914.25,0.5229,14,,,0.7398,3.48,2.81,0.7239,,,,,False,,19,3,0
9d689c97-09b8-45d1-80fc-684237cdd6d4,Small Merchant,106159.19,0.3444,23,248203.77,0.6723,0.6743,7.43,,,5.77,0.1915,18.74,0.0431,False,,15,5,0
57abb7d5-7fef-4ec8-93c3-7ba64149b317,First-time Borrower,60719.76,0.2513,15,,,0.7693,10.98,,,,,,,True,639.0,19,2,0
bb3977fc-0af1-45e1-a6f1-918cd28aff65,Informal/Rural Worker,22326.51,0.4709,15,,,,,2.12,0.6811,,,,,False,,26,2,0
632ab386-7fcd-4cfb-8727-360b873fed7a,Gig Worker,25885.66,0.4416,22,,,,,1.55,0.5392,3.15,0.1963,15.72,0.062,False,,14,4,1
ac59c431-68c1-43d0-b960-bbaa49f8dde9,First-time Borrower,89299.33,0.1425,21,,,0.8362,2.07,,,8.09,0.0908,,,True,751.0,25,3,0
5fe167fe-6670-4c1d-959d-c279c3bd6bee,Informal/Rural Worker,32524.4,0.3537,18,,,,,2.46,0.8783,,,,,False,,27,2,0
cdc07207-ebd6-4ade-87f1-47669ef11089,Gig Worker,22231.57,0.6371,16,,,,,0.71,0.621,,,13.02,-0.0855,False,,11,3,1
03ff5520-b176-4057-862d-b0f5765225ed,Small Merchant,201925.37,0.2822,26,350749.93,0.9066,0.8251,5.68,2.94,0.8773,8.28,0.0815,,,False,,26,5,0
55072d24-02c8-4790-af2f-2c1e94983ffd,Informal/Rural Worker,11084.85,0.6878,11,,,0.4751,16.5,1.48,0.6123,,,,,False,,11,3,1
19f72f75-0e7d-4b42-97d4-ba8acee68133,First-time Borrower,58902.13,0.1731,20,,,0.6806,6.27,,,,,,,True,616.0,22,2,0
0eefa0b7-31df-4f58-8e0b-345ea768a8c1,Gig Worker,27296.81,0.4712,19,,,0.5896,12.71,1.41,0.536,,,15.9,-0.0229,True,598.0,19,4,0
a3f6a0e5-9c9a-4134-8603-3e99a08a944e,Gig Worker,43091.69,0.2702,27,,,,,3.23,0.8989,,,29.61,0.2232,False,,30,3,0
05251a0c-f383-4e41-9e1d-bf083f8b39c8,Gig Worker,43991.03,0.3302,24,,,0.7251,5.74,3.15,0.8862,,,24.99,0.1131,False,,22,4,0
92790178-f1c3-498b-b757-7e70e0382945,Gig Worker,18043.91,0.475,21,,,,,1.48,0.6145,,,15.29,-0.037,False,,9,3,0
17b3ce73-e56f-4c27-a605-a40e94802728,Small Merchant,115886.3,0.2596,27,282123.44,0.774,0.5977,11.05,,,4.76,0.1371,,,False,,12,4,1
a844a30d-f7cf-4f8d-8074-8e0ff7cea163,Gig Worker,26817.13,0.6046,21,,,,,1.66,0.557,,,14.4,-0.0387,True,527.0,20,3,1
05bee2bb-9331-4693-ae1b-f99907169749,Informal/Rural Worker,19580.14,0.4653,12,,,0.554,3.05,1.45,0.5731,,,,,False,,16,3,0
fe51ef22-f0cc-4727-b56a-556e5cb91ee4,Informal/Rural Worker,32171.67,0.3389,20,,,0.8112,6.96,,,,,,,False,,23,2,0
ff6764f1-369c-4722-ae1d-b3110bebfa76,Gig Worker,25694.22,0.4813,21,,,0.5076,17.37,,,,,13.34,-0.052,False,,13,3,0
7b3e6c30-fdd8-4c23-a4c7-bd6351ee51f6,Gig Worker,42709.2,0.3298,25,,,,,2.48,0.7638,,,25.15,0.0058,False,,21,3,0
f24e643c-89e1-4515-b18c-9528b210009f,Small Merchant,111941.4,0.3602,24,239363.77,0.5944,0.6539,10.98,,,5.02,0.1472,,,False,,13,4,0
df702cf9-ef2c-45f5-8f11-35c4dc907387,Informal/Rural Worker,22573.45,0.6166,11,,,0.6123,10.47,2.19,0.6091,,,,,False,,15,3,0
6e24abba-a763-480f-8c9a-abee5c1939c9,Small Merchant,103968.19,0.3518,21,198206.88,0.7263,0.6702,14.86,,,,,15.45,-0.1214,False,,13,4,1
6521e22f-bad5-434b-9938-c5e36d0bbb8a,Gig Worker,32016.78,0.4033,25,,,,,2.76,0.7113,,,22.65,0.0522,False,,20,3,0
c18b90fb-6382-4e65-b1dd-189603c51801,Gig Worker,14800.69,0.45,20,,,0.4692,15.52,2.14,0.2982,,,15.76,-0.1088,False,,9,4,1
587e3ae7-cee5-48d5-b659-edd07d3758c1,First-time Borrower,64008.08,0.1391,20,,,0.784,6.56,2.42,0.6524,,,,,True,592.0,16,3,0
8ce96051-6093-4a08-b979-1455d7106dac,Gig Worker,24270.29,0.4086,20,,,0.4445,18.14,1.29,0.4812,3.38,0.2273,12.66,-0.1253,False,,8,5,0
d43702ad-4056-41dc-8fcf-588d93296e57,Gig Worker,37078.87,0.3963,23,,,,,3.19,0.6928,,,22.46,0.0566,False,,18,3,0
dd858b62-3035-45fb-a1a7-0b0c5de916a8,Small Merchant,73149.3,0.3659,22,131679.62,0.5588,0.5774,8.65,,,4.29,0.2205,,,False,,16,4,0
f4f2df05-d722-4976-adbc-151934038f39,Small Merchant,85213.95,0.4527,19,156704.75,0.4998,0.4783,15.17,,,3.57,0.2498,,,True,520.0,16,4,0
6ee67567-0012-4e53-9355-0407a25116c9,Informal/Rural Worker,14088.78,0.5925,7,,,0.5722,9.72,2.11,0.5827,,,,,False,,18,3,1
6995ee25-d6e0-44b6-80a9-d3f7bf1b673f,Gig Worker,38756.48,0.4697,20,,,,,2.49,0.4981,5.15,0.1371,18.54,0.0571,False,,20,4,0
521c5973-9c90-4fa5-b48b-e9ee75ad3661,Small Merchant,151278.49,0.3253,24,346868.94,0.8336,0.684,3.5,2.07,0.6436,7.67,0.1294,,,False,,24,5,0
ce32a130-e934-4f1c-9880-c85bb0d8d6d4,Informal/Rural Worker,29837.74,0.4393,20,,,0.8754,7.12,3.32,0.9702,,,,,False,,23,3,0
506fd4ab-ac39-4e3a-8b3f-68fd839d3fa4,First-time Borrower,44170.36,0.2258,17,,,0.5277,11.75,2.34,0.5415,,,,,True,547.0,17,3,0
84cd28b3-fbec-4c00-9606-f7e6943e2a12,Informal/Rural Worker,11653.59,0.487,8,,,0.6343,16.04,1.4,0.4797,,,,,False,,14,3,0
c11f930c-65c8-45b1-bb65-c74de7b2f4ee,Informal/Rural Worker,21736.48,0.5617,10,,,0.781,11.55,2.1,0.6981,,,,,False,,19,3,1
c7bcfee1-9a29-478b-be78-f185f9a4bf2a,First-time Borrower,54818.21,0.2077,19,,,0.6132,11.46,,,4.35,0.151,,,True,597.0,14,3,0
d5427c2b-e195-4503-ba2c-782b1b143171,First-time Borrower,65671.1,0.1628,23,,,0.7617,8.38,,,7.65,0.1296,,,True,680.0,20,3,0
d84137c2-dd5d-4212-a7fa-6f28166f7860,Gig Worker,25457.93,0.4623,21,,,,,1.32,0.6194,2.64,0.23,16.69,-0.1288,False,,17,4,0
1051677f-3687-416c-9a0d-692e41a91ec1,Gig Worker,24897.05,0.5063,18,,,,,1.52,0.5819,,,12.21,-0.099,False,,18,3,1
6c215235-faa4-4f1e-896c-b46584f551fd,Informal/Rural Worker,29411.12,0.3885,17,,,0.8916,0.0,3.09,0.9154,,,,,False,,31,3,0
2ec03a1e-8514-4f20-bbd9-c9a8b5cd1c9f,Small Merchant,134514.13,0.3633,26,297626.59,0.7658,0.7365,6.2,,,7.18,0.0968,23.34,0.2071,False,,23,5,0
0ef5862a-b038-4ea6-8df8-83c031cd17a3,Gig Worker,37601.36,0.3781,22,,,,,3.21,0.7246,6.05,0.1574,24.64,0.0499,False,,21,4,0
23757485-11e9-4f75-8cdf-b35861b88711,Small Merchant,81945.67,0.4059,23,211466.38,0.6778,0.6731,8.5,2.15,0.6174,,,,,True,551.0,20,4,0
85ec3e9d-6f4b-4eca-b6e6-59683cf60fbc,Small Merchant,100036.74,0.407,22,179491.61,0.6774,0.6698,13.64,1.76,0.6296,3.82,0.2287,,,False,,11,5,0
85891e15-7dcc-4019-bc92-214f69ffb858,Gig Worker,38058.87,0.4761,23,,,,,3.01,0.6862,,,,,True,674.0,14,2,0
e9e85086-7cbf-4e08-8cf1-af1a37cb15ba,First-time Borrower,62297.5,0.1909,22,,,0.7555,12.04,,,8.06,0.1594,18.95,0.1286,True,637.0,19,4,0
344d7bbb-7b4e-42c5-acab-405b1be229ac,Gig Worker,19618.66,0.5343,20,,,,,1.77,0.4567,,,11.94,-0.0648,False,,10,3,1
2efe6c34-cd82-41de-8fa4-0f0221a7dc9c,Small Merchant,116054.48,0.3,23,220489.7,0.7353,0.678,13.11,2.05,0.597,5.39,0.1984,19.84,-0.0451,False,,9,6,1
bef1bd15-b50e-41d3-8e66-be3c2b236305,First-time Borrower,66006.43,0.1472,21,,,0.7555,7.56,,,6.02,0.1882,,,False,,21,3,0
b0aff15d-0fbe-4be5-843f-3f276b20b445,Gig Worker,49788.03,0.3324,26,,,,,3.25,0.8903,,,19.28,0.1199,False,,24,3,0
e90e848b-dd5d-43df-8fd4-c3314d7b145d,Small Merchant,167111.4,0.2148,25,,,,,,,7.16,0.0976,,,True,718.0,22,2,0
c3d964f4-2671-44b2-9dad-9690da0e975c,First-time Borrower,73768.77,0.2426,22,,,0.8274,6.31,2.61,0.8035,7.68,0.141,,,True,746.0,22,4,0
506fefcb-4a2d-44f1-b58f-fc6bd54933f4,Small Merchant,137140.66,0.2439,27,294220.63,0.798,0.7485,6.51,,,6.48,0.0937,,,False,,25,4,0
141d7334-ea5b-4bd7-b60f-1673ea67f135,Gig Worker,24166.21,0.5319,18,,,0.495,14.48,1.64,0.4559,,,13.94,-0.0673,False,,9,4,1
f8c38d69-1f40-4f67-a515-a89ff509fccb,Small Merchant,137943.28,0.3151,23,303214.4,0.8526,0.9067,6.57,2.38,0.8292,6.84,0.0731,,,False,,21,5,0
78671ee9-924f-4723-bebe-ba3c33845bd5,Informal/Rural Worker,12960.2,0.592,15,,,0.5645,11.35,1.96,0.4765,,,,,False,,16,3,1
f55eb718-4326-4c4c-bac5-1db7d5742289,Informal/Rural Worker,23078.17,0.3461,17,,,0.6654,9.05,2.53,0.711,,,,,False,,17,3,0
63b71900-188f-4325-9a13-6bcb28ec1257,Informal/Rural Worker,7927.88,0.5027,9,,,0.5359,13.48,,,,,,,False,,14,2,0
b5de56ba-483a-42ac-a3ec-67d366195594,First-time Borrower,69039.55,0.2056,24,,,0.5672,8.22,,,,,,,False,,27,2,0
e1253317-64ab-4020-a651-26349964642e,Informal/Rural Worker,21055.2,0.474,16,,,0.6252,11.86,2.14,0.6416,,,,,False,,13,3,0
0a05398d-06ac-4176-b5d1-c9531d589d91,Gig Worker,40261.45,0.3615,24,,,,,2.77,0.835,,,21.56,0.1224,False,,28,3,0
7f6288d8-63fb-415f-8899-55759ba533e2,First-time Borrower,56019.02,0.2267,19,,,0.7742,9.72,,,,,,,True,668.0,19,2,0
e0bcf26d-3052-4815-a1e7-4b2f68c5f144,First-time Borrower,80772.35,0.1161,24,,,0.7197,8.93,2.76,0.7756,,,,,True,667.0,21,3,0
d1ede08f-bbef-4b67-920e-905841a3bfd4,Small Merchant,180009.44,0.2098,26,434809.47,0.9199,,,2.84,0.9709,11.7,0.1415,,,False,,34,4,0
48fd5573-4fd1-4779-a490-7345b812c176,Informal/Rural Worker,23489.8,0.4799,16,,,0.7648,5.62,2.56,0.7032,,,,,False,,27,3,0
bb9edd9b-4d3d-4aeb-bb48-8bd604f30e01,Small Merchant,83497.08,0.392,21,197582.07,0.6669,0.4952,12.03,,,4.71,0.1981,,,False,,16,4,0
0d1e4305-e1e8-45d5-b253-1d3bec6b6906,First-time Borrower,35335.43,0.2948,17,,,,,,,,,,,True,481.0,8,1,0
9dad66ad-355c-4ff8-9850-e6b4bee79622,First-time Borrower,44271.49,0.2427,18,,,,,1.81,0.523,,,16.19,-0.1091,True,527.0,16,3,1
60a7554b-6a62-4d4a-8f45-4349e09645a0,Informal/Rural Worker,30354.26,0.2857,19,,,0.7765,3.64,2.84,0.7632,,,,,False,,21,3,0
4d122fbf-971c-434b-959e-f08e6618807c,First-time Borrower,39467.22,0.3096,19,,,0.6525,12.79,1.73,0.572,,,,,True,491.0,12,3,1
90169263-cc9d-422e-894e-300e1c0b4cf1,Informal/Rural Worker,18411.73,0.563,16,,,0.6755,15.63,2.24,0.5156,,,,,False,,13,3,0
50362ca7-90b9-4cd7-a35e-fe4add972936,Informal/Rural Worker,26199.1,0.5376,17,,,0.8743,4.36,,,,,,,False,,27,2,0
b257bc93-f115-47b2-8c0a-eeb84b9de48b,First-time Borrower,45623.86,0.2371,14,,,0.5181,12.92,2.01,0.5785,4.97,0.1803,,,False,,12,4,0
c3139976-4f63-4690-b29d-d64085e27c29,Informal/Rural Worker,19644.79,0.4022,14,,,0.6155,10.76,2.28,0.6188,,,,,False,,16,3,0
f3afd236-48c7-4c55-949b-75b4737089de,First-time Borrower,41768.32,0.2636,18,,,0.5252,12.66,,,7.26,0.1369,,,False,,15,3,0
82223ce4-c097-4b65-aea2-dffaaf7130fc,First-time Borrower,73653.86,0.05,26,,,0.8213,5.23,3.21,0.907,8.67,0.1122,,,True,743.0,26,4,0
af16a3cd-f86b-4f11-9cd8-4a9ae3d2bd48,First-time Borrower,72567.39,0.1322,25,,,0.8775,5.36,3.46,0.9203,,,,,True,775.0,21,3,0
cc6d44dd-9634-4739-8ebb-c063f6d01640,Small Merchant,143800.01,0.34,27,282290.24,0.7365,0.8196,8.28,,,6.03,0.1091,,,False,,28,4,0
db09d7e1-5040-4592-821e-246efdfea8d0,Informal/Rural Worker,12667.39,0.3739,12,,,0.5978,11.33,1.38,0.5387,,,,,False,,15,3,0
fb0d6898-505b-479b-901b-802b34f77860,Small Merchant,167114.86,0.2684,25,380891.16,0.749,0.8157,3.26,,,5.1,0.1489,,,False,,27,4,0
476c487f-f1a6-4d6b-981c-6c57603566fc,First-time Borrower,39528.47,0.2589,13,,,0.5007,18.36,1.11,0.4739,,,,,True,535.0,12,3,0
ad4dd35d-91dc-4798-b793-229963d5e235,Informal/Rural Worker,13536.56,0.567,6,,,0.4822,13.3,1.17,0.5812,,,,,False,,19,3,0
cf03c3e1-1666-4527-9b73-71d3a7db4998,Gig Worker,31397.5,0.3741,20,,,,,2.16,0.6592,,,19.27,-0.0625,False,,19,3,0
baa95559-f81e-4a44-b811-ddbb3455e372,Informal/Rural Worker,14631.25,0.5953,13,,,,,1.77,0.6622,,,,,False,,11,2,0
8b11318c-2735-415c-b32c-2a59c5b4b444,First-time Borrower,65226.73,0.1369,23,,,0.7677,2.83,2.37,0.8915,,,,,False,,23,3,0
eb7976e8-d301-4fe2-af4a-48292fa6bf22,Small Merchant,57851.95,0.4918,21,102159.86,0.5288,0.3928,14.61,,,2.19,0.2386,,,True,410.0,14,4,0
3e491ece-a619-4e5b-afb7-5436392ee636,Gig Worker,24508.61,0.4603,16,,,,,1.99,0.4716,4.54,0.2063,14.16,-0.0475,False,,14,4,0
43d177e4-1cd9-4443-8f9e-a9b83f119374,Small Merchant,140637.68,0.2759,26,315770.2,0.7905,0.6974,5.45,2.78,0.7046,6.87,0.1125,,,False,,26,5,0
f67d0677-7e37-4056-803c-cb13bec66416,Small Merchant,123526.35,0.4541,21,239504.46,0.7727,,,,,5.12,0.1546,,,False,,19,3,0
bb681f2e-40fd-4d49-b7c6-3a2abcef7547,Gig Worker,25056.41,0.5527,21,,,,,2.41,0.4994,,,14.36,-0.0271,False,,10,3,0
0652f5c2-06c8-4502-914a-3c9ff1317c85,First-time Borrower,66590.61,0.2791,16,,,0.577,8.06,,,6.47,0.2286,,,True,591.0,14,3,0
73d2b537-5096-4a49-b1cb-1f5eb7c78a45,Gig Worker,37649.05,0.4319,19,,,0.561,15.09,2.04,0.4103,,,16.62,-0.0694,False,,13,4,1
9d59304f-34da-476b-aca2-09a76e674da4,Gig Worker,44254.78,0.329,25,,,0.8095,3.99,3.04,0.8244,,,22.75,0.0373,True,766.0,27,4,0
c85a9454-6c73-4f4a-9027-c3c4b2a2cfc3,Informal/Rural Worker,27186.34,0.3887,17,,,0.7108,6.98,3.13,0.7746,,,,,False,,19,3,1
085fe9b1-e667-49b0-a754-1b3e84750daa,Small Merchant,86930.94,0.3567,24,204882.75,0.6446,0.6365,10.9,,,,,,,False,,12,3,0
305fe652-0d31-4988-9579-a98c73d08acb,Informal/Rural Worker,21092.25,0.4111,17,,,0.6837,8.9,2.49,0.8309,,,,,False,,22,3,1
7f8669e8-6708-4e6b-b61f-8a1cb8ffc604,Informal/Rural Worker,24426.66,0.5351,13,,,0.636,10.62,2.44,0.5985,,,,,False,,17,3,0
0690cc5b-a38c-4c6e-9ea8-639925bcc55a,Small Merchant,148505.99,0.3525,25,312432.71,0.8767,,,,,,,,,False,,26,2,1
ca721553-1ab7-40bc-b01a-204afceda80b,Gig Worker,36653.02,0.4809,22,,,,,2.53,0.659,4.89,0.1549,20.23,-0.0682,False,,19,4,0
bd11946e-3bc3-409e-a815-4f31544cbc02,Small Merchant,112095.31,0.374,24,277814.72,0.7768,0.7233,8.0,,,4.68,0.1617,,,False,,15,4,0
9be97a9a-337e-4030-bf84-d9e010afcb55,Gig Worker,26177.22,0.4052,24,,,,,2.11,0.6177,,,16.23,-0.0581,False,,21,3,0
0e5b27e9-57f1-4416-ab96-ae78c95eb669,Small Merchant,158561.39,0.3619,27,284562.84,0.9623,0.7974,5.42,,,6.08,0.1679,,,True,694.0,19,4,0
403a1f4b-e83d-475c-81bc-e46102f10f0f,First-time Borrower,76892.62,0.2068,19,,,0.8313,8.28,2.23,0.7485,8.4,0.0568,,,True,677.0,23,4,0
a384753a-411f-4246-915a-3a995257bf4a,Informal/Rural Worker,24731.65,0.4352,16,,,0.831,8.32,2.19,0.7562,,,,,True,646.0,20,3,0
41d57c22-4ce5-4fb0-a0f0-7351d4753005,Small Merchant,56268.55,0.5659,22,99768.22,0.5459,0.5687,15.91,,,1.36,0.2454,,,False,,12,4,1
50eaab2b-de91-4a8d-92a7-8c34938326ed,Small Merchant,103412.02,0.2934,22,272647.48,0.6289,0.7827,7.46,2.08,0.7599,6.5,0.1496,,,True,679.0,21,5,1
1286e4ab-b389-434c-b031-24fe4f5e42b7,Small Merchant,118589.95,0.4413,21,233634.34,0.5632,0.5545,12.73,,,3.72,0.1522,,,False,,12,4,1
283fe8ac-159f-4013-9cd7-7d3e7bbf069b,Small Merchant,97868.04,0.3,25,262278.15,0.7203,0.7071,6.26,,,5.29,0.1525,,,True,646.0,21,4,0
fa415c68-86d5-46d9-9cfe-c0a023f75614,Small Merchant,133352.12,0.4077,23,144953.45,0.5829,0.6334,16.66,,,3.87,0.2194,,,True,596.0,12,4,0
d5520dde-90ff-4fef-9535-d9b6660e9dc4,Gig Worker,42035.35,0.3498,23,,,,,2.44,0.9277,,,24.71,0.1643,False,,29,3,0
d13e3725-d7bc-44bc-b4c0-9a9a86f63820,Small Merchant,86442.48,0.4727,19,144734.86,0.6447,0.5816,13.77,,,2.59,0.222,16.87,-0.1164,False,,12,5,0
ab257a32-5bfe-438c-85e4-d35fa64dce93,Informal/Rural Worker,17432.85,0.4712,6,,,0.562,12.08,1.42,0.5684,,,,,False,,13,3,0
5f85fef6-6c11-48a0-a374-5fe4ffdf7a07,Small Merchant,99633.24,0.449,24,167418.89,0.5856,0.5653,13.16,,,4.83,0.2369,,,False,,12,4,1
43e4bb41-9b76-42e4-86af-81ba726a9f5b,Small Merchant,94628.71,0.4326,23,142148.73,0.5533,0.6121,16.81,1.61,0.5455,3.56,0.2294,,,True,552.0,20,5,0
76615b54-ec1b-47be-96ff-0202f5b58514,First-time Borrower,73369.97,0.1662,27,,,0.8564,6.32,2.47,0.7696,,,,,False,,25,3,0
db33a1d9-bda3-4bc0-b5e9-8ed2a4ea417a,First-time Borrower,44517.37,0.1896,20,,,0.7814,9.52,2.2,0.6745,,,,,True,608.0,22,3,0
3d0e4e4b-a719-4e64-8ae4-a7c5067f513d,Gig Worker,38451.69,0.2487,26,,,,,3.2,0.8398,6.68,0.1111,26.64,0.2703,False,,25,4,0
a78d0f08-b536-457f-a248-2f8a6194576b,First-time Borrower,40092.13,0.3129,20,,,0.6432,13.75,1.19,0.4989,,,,,True,532.0,12,3,1
2a1349fb-e8b9-4d9b-a7b8-d9c93168103c,Small Merchant,105871.16,0.3104,23,316270.63,0.7829,0.6937,7.63,,,6.7,0.1844,,,False,,21,4,0
6d095893-9d7e-4e5b-b478-a65d8c6a111a,Gig Worker,46578.73,0.3097,23,,,,,,,,,19.38,0.1725,False,,19,2,0
0d6c3fbc-1219-4a75-935f-b4f90bfac495,Small Merchant,78131.52,0.4595,21,156147.6,0.5842,0.4495,15.29,,,3.82,0.2117,,,True,466.0,11,4,0
bbd42e31-b1e2-49b8-a238-ae0c42d634bf,Small Merchant,69012.05,0.3892,23,144773.21,0.4927,0.5501,17.56,2.25,0.6015,3.72,0.2422,,,False,,15,5,0
88969460-aba9-410a-a5cf-5184a54d387b,Gig Worker,31095.07,0.4202,24,,,0.678,9.3,1.79,0.6881,,,20.22,0.068,False,,18,4,0
39a1c63e-2bb1-451b-b0eb-d69d838b3674,Informal/Rural Worker,26595.78,0.3545,18,,,0.7965,6.84,2.76,0.7698,,,,,False,,25,3,0
ea5f4d4e-7757-418f-880f-5ffb27829ede,Gig Worker,14056.26,0.4895,19,,,,,1.57,0.4477,,,,,False,,9,2,0
26c8ed43-c26c-465e-9915-90cd0d796121,Informal/Rural Worker,12823.93,0.5847,7,,,0.4517,13.96,,,,,,,False,,7,2,1
6f6ff2f6-d2a5-4c69-942c-e27f65c2d2f8,Informal/Rural Worker,25237.41,0.4107,21,,,0.808,7.94,2.95,0.8308,,,,,False,,24,3,0
9d370233-2f21-4a2a-8ef2-efe356c03eb9,Gig Worker,28999.79,0.3845,17,,,,,1.84,0.5157,,,14.98,-0.0479,False,,8,3,0
01c9ff66-0d2c-451b-8dbd-4b8baa21a6c3,Gig Worker,30008.28,0.5179,20,,,,,1.49,0.5324,4.12,0.1565,16.99,-0.015,False,,8,4,0
d0e38d0c-8051-4d37-8763-1d59bb06f547,Gig Worker,41075.14,0.3448,22,,,,,2.35,0.6774,,,15.38,-0.0108,False,,22,3,0
9512538e-11aa-43fc-8482-67b143f3c483,Informal/Rural Worker,18474.84,0.5725,10,,,0.6512,13.08,2.1,0.6051,,,,,False,,12,3,1
2f517ef3-d561-46d1-9507-60955db65f0d,Small Merchant,72474.31,0.3823,20,142988.74,0.7288,0.5081,16.01,,,,,,,False,,11,3,0
895f7a45-b98f-47ec-a29b-a28e137ef5ec,Informal/Rural Worker,8896.88,0.4145,12,,,0.5121,15.66,1.29,0.5484,,,,,False,,6,3,0
ebe82712-23d4-452e-afb6-e925e970f218,Gig Worker,40624.27,0.4522,24,,,,,2.08,0.6399,,,19.07,0.0916,False,,18,3,0
1235125a-06bb-47ff-90a0-b205fdba13ef,Informal/Rural Worker,28015.21,0.3575,20,,,0.8761,0.0,3.11,0.8182,,,,,False,,29,3,0
cc724813-6bea-4004-b93a-e1017699c4c5,Small Merchant,20965.18,0.5394,20,86275.29,0.4604,0.3207,12.6,,,2.48,0.2459,,,False,,3,4,0
98c2892e-9e8f-4c1c-a3a0-56d33e2309a4,First-time Borrower,50926.04,0.2563,15,,,0.5467,7.92,1.46,0.5038,,,,,False,,19,3,0
8692f559-b832-40c4-8219-07e78d540f89,Small Merchant,214974.68,0.2166,27,443718.68,0.8585,0.8898,1.11,,,,,,,True,801.0,26,3,0
9c468be2-c04d-4f58-b178-0bdd762663a4,Gig Worker,40616.29,0.392,21,,,,,2.66,0.7737,,,20.29,0.1101,False,,24,3,0
9bfc3c36-bdb4-47a0-af10-a757e529f111,First-time Borrower,49268.37,0.2318,18,,,0.6677,10.46,,,,,,,True,588.0,19,2,1
b576e477-d4ec-4b0f-a2e0-7c6eeddc5fe5,Small Merchant,99150.73,0.3303,23,171113.89,0.7365,0.6916,11.79,,,3.86,0.1481,,,False,,10,4,0
67577414-ba69-4bad-98d1-273d03235598,Small Merchant,106906.22,0.3959,22,233791.19,0.7261,0.6435,9.77,,,5.64,0.2092,,,False,,21,4,0
e18fc69e-d78c-49c2-8fb7-31ad09bbf43f,Gig Worker,22403.67,0.4008,17,,,0.4963,12.25,1.51,0.4807,,,13.61,-0.0008,False,,13,4,0
35ff595d-d667-4e92-b4e9-074c6ebe32d8,First-time Borrower,75181.67,0.232,19,,,0.9245,5.13,2.89,0.7696,,,,,False,,21,3,0
816c0896-640f-4caf-91fe-d8a912a1955a,Gig Worker,49514.53,0.2278,28,,,,,3.74,0.88,,,25.69,0.2316,False,,24,3,0
6d0f03b6-2406-49a5-8c2c-9bcfdb1cd856,Gig Worker,46383.71,0.374,27,,,,,3.19,0.938,,,25.27,0.1662,False,,28,3,0
bbdc7895-bca5-49e5-bae1-fd600ef105d7,First-time Borrower,57748.89,0.2293,16,,,0.6609,16.35,,,,,,,True,564.0,20,2,1
a2460f59-38b1-4e21-b18e-ca08bc9cf77d,Informal/Rural Worker,29261.04,0.4283,17,,,0.7545,3.54,2.42,0.8668,,,,,False,,29,3,0
2586966a-6ce1-4740-bc67-68de1ba9dfd5,Informal/Rural Worker,24507.56,0.3796,19,,,0.8001,3.03,3.05,0.8638,,,,,False,,26,3,0
de82aea0-57b3-4ac5-ba1c-d3977ee509a5,Gig Worker,41341.77,0.4359,22,,,0.7374,9.11,3.08,0.6763,,,20.9,0.2013,False,,22,4,0
93d74b39-e8fd-4404-a293-989849ef7a1d,First-time Borrower,55370.74,0.2112,18,,,,,,,,,14.35,0.1651,True,596.0,18,2,1
2b702f2e-783a-4d84-9349-4d57f7d5d264,Small Merchant,100638.16,0.3657,23,257453.56,0.7127,0.7727,11.85,2.44,0.6305,5.42,0.1106,,,False,,22,5,0
7017a195-7a44-48d8-be35-9e0b60cddb46,Small Merchant,79346.95,0.4082,21,129407.15,0.6043,0.5543,13.43,,,3.69,0.1785,,,False,,18,4,0
78c9b84f-7b6b-413f-9f81-a91641b88144,Gig Worker,34067.88,0.2547,23,,,,,2.6,0.6291,,,17.6,0.0151,False,,19,3,0
81b7f829-8ad6-40e0-b645-265af23a2758,Informal/Rural Worker,12341.48,0.584,9,,,0.5681,14.33,2.07,0.5276,,,,,False,,9,3,1
81b25cb1-c1f2-4098-b3ff-75440647544c,Small Merchant,120622.32,0.328,26,276968.38,0.7234,0.6711,7.17,,,5.25,0.1617,,,False,,23,4,0
0afe2305-c11a-4238-b427-2866fc60266d,Small Merchant,101133.51,0.4446,23,296580.96,0.7771,0.7123,10.32,,,6.63,0.1866,,,True,647.0,19,4,1
87b29438-5c8b-49dd-8f7a-3dc7badc3e70,Small Merchant,88286.75,0.3494,23,188089.64,0.6488,0.4801,11.02,1.92,0.7032,5.57,0.2224,,,False,,11,5,1
01696cd2-8b6b-4e50-b6c7-c4ab2afbdcc9,Gig Worker,43861.31,0.3946,22,,,,,1.49,0.5856,4.57,0.1549,19.03,0.098,False,,20,4,1
f313ed9c-c78a-4450-bf37-0abb034a5d1b,First-time Borrower,57173.79,0.2589,19,,,0.65,8.61,,,4.67,0.2006,18.98,-0.0586,True,647.0,20,4,0
c2d64060-3d92-47d9-a49b-b1a67fcc0d5b,First-time Borrower,65918.21,0.1542,19,,,0.7363,8.04,,,,,,,True,662.0,22,2,0
3a3d736b-c103-4b67-9d41-096e6e73fa3a,First-time Borrower,32353.79,0.2013,16,,,0.6019,6.89,2.35,0.6676,,,15.89,0.0217,True,586.0,15,4,0
fc4deac9-b8bb-4317-910d-84ca8e14178d,Gig Worker,17293.55,0.4588,21,,,,,1.58,0.4,0.9,0.2953,14.7,0.0369,False,,9,4,1
e1ce8366-1804-43cb-9021-e9efa6fbbf6c,Gig Worker,33224.27,0.3626,23,,,0.7376,11.87,2.19,0.7605,,,21.04,0.1022,False,,22,4,0
7472a28a-d61e-4471-ad62-b77cd269ca5a,Gig Worker,24058.27,0.4325,21,,,,,2.02,0.5757,4.4,0.2202,16.46,0.0317,False,,16,4,1
ef676580-0686-4106-b576-84c7a7008817,First-time Borrower,50695.91,0.1503,18,,,0.746,6.46,2.61,0.7495,,,20.32,-0.01,True,698.0,22,4,0
06d8b0f7-9575-4f64-b192-a7b016b9e407,First-time Borrower,56046.11,0.317,18,,,0.6442,14.19,1.94,0.7109,,,,,True,585.0,11,3,0
f6c35e57-caf8-4ff3-9424-4d84fc1b8d73,First-time Borrower,70515.38,0.132,21,,,0.7926,3.69,,,,,23.97,0.1419,True,742.0,22,3,0
5be2a44e-3867-49b0-ad5c-57a7c4be3886,First-time Borrower,63817.06,0.1961,17,,,0.744,8.08,,,,,,,True,630.0,18,2,0
b3d4ccff-bce6-478d-af8e-6cdd470ee578,Gig Worker,33074.16,0.2541,28,,,,,2.4,0.9006,6.93,0.1547,18.4,0.1817,False,,19,4,0
fad80579-8a96-4596-ae67-99571d3a15ca,Gig Worker,41399.32,0.4327,21,,,,,1.8,0.692,,,15.37,-0.055,False,,14,3,0
8072e673-1f17-4444-8515-f550a0e84654,Informal/Rural Worker,16634.93,0.4059,10,,,0.548,12.36,1.81,0.5239,,,,,False,,14,3,0
50dddbfd-8161-4451-b149-b033c0f452af,Gig Worker,37256.71,0.2578,20,,,,,1.7,0.7049,,,,,False,,22,2,0
29774ccf-8c29-466c-9697-126ac8c1479b,Informal/Rural Worker,12192.79,0.5566,12,,,0.4388,10.69,1.18,0.4966,,,,,False,,10,3,1
c188d4a6-6dea-481b-8c85-3eecf254a35f,First-time Borrower,44704.96,0.2395,21,,,0.5895,11.81,,,5.36,0.1925,,,False,,21,3,0
12039397-7f26-480d-a393-e89d4bfeec1a,Informal/Rural Worker,8602.28,0.6526,12,,,,,1.07,0.52,,,,,False,,8,2,1
07d43709-c352-45f4-9bbe-fa20e12e38bf,First-time Borrower,75376.27,0.1525,21,,,,,,,9.37,0.1368,,,True,708.0,28,2,0
943f5f8a-6e30-433e-8b7c-e25ebf073b24,Small Merchant,211459.16,0.3453,27,447100.69,0.9699,0.8868,3.24,,,8.12,0.1027,26.81,0.1583,False,,28,5,0
0579f09b-9adb-47d5-91ec-5d62ed73b8ee,First-time Borrower,52257.2,0.2241,16,,,,,,,,,,,False,,18,1,0
8745ca2c-0dc3-4ef0-9446-f8cb917fee10,Gig Worker,37825.96,0.3542,22,,,,,2.69,0.6457,,,20.82,-0.0099,False,,24,3,0
51335bd8-e25d-4c10-8ff5-d0f7cf69b8ad,Informal/Rural Worker,16448.37,0.3723,10,,,0.6319,9.0,2.49,0.6911,,,,,False,,19,3,0
b9aa6233-4497-43e9-af4c-bc4fdfb06f1e,Informal/Rural Worker,23261.12,0.4409,18,,,0.6783,6.16,2.05,0.634,,,,,False,,19,3,0
4d33e247-abb5-45dc-9dbb-1bee42b9f0ec,Gig Worker,46139.58,0.2263,29,,,,,,,,,26.15,0.0913,False,,28,2,0
57a9ef98-39f4-4d2f-8687-24ecdc843185,First-time Borrower,65650.67,0.2411,23,,,0.7971,6.66,,,,,,,False,,31,2,0
e8ddece3-a144-4719-b0e4-ca3ed202853a,Informal/Rural Worker,25268.22,0.349,19,,,0.8919,7.74,3.04,0.9044,,,,,False,,29,3,0
70ee856d-fdff-4fd9-8e30-e369195db49b,Small Merchant,176507.67,0.2864,26,363718.1,0.81,0.8337,5.45,2.67,0.7569,8.97,0.1255,,,True,706.0,23,5,0
d39aa57c-1a66-46f4-9643-69ffd7ab64de,Gig Worker,40949.47,0.2445,27,,,0.8124,6.13,2.92,0.755,7.45,0.1287,21.12,0.0593,False,,27,5,0
ac6c7c2c-a6ff-49da-8969-bec5c6876f5a,First-time Borrower,68218.41,0.2665,22,,,0.7783,6.79,2.73,0.6986,7.5,0.1298,20.61,0.0419,True,775.0,24,5,0
798d453a-7059-41fd-bb99-48bdc09e1042,First-time Borrower,35104.23,0.2437,15,,,0.5677,16.07,1.55,0.4781,,,,,True,582.0,10,3,1
a3f1e433-1bbe-4897-93f1-ee86aa9154d4,Gig Worker,37149.47,0.4086,24,,,,,2.18,0.6271,3.91,0.2233,19.15,-0.0372,False,,22,4,0
cd46f3aa-3df7-41cf-849e-8f6edd3243f8,First-time Borrower,55660.69,0.2386,21,,,0.5776,7.5,,,,,,,True,598.0,15,2,0
0f7656f7-36f3-41f1-99eb-9eb4a9642c60,Small Merchant,60953.02,0.4455,23,141568.74,0.6046,0.563,14.93,,,2.86,0.2286,,,False,,13,4,0
7ab04628-27b4-478f-a1a9-445ff468472b,Informal/Rural Worker,22484.24,0.4546,14,,,0.7774,6.53,2.52,0.7573,,,,,False,,20,3,0
634f6150-dc9f-43cd-a700-a64bbfc54919,Informal/Rural Worker,19217.22,0.4052,14,,,0.6335,10.63,,,,,,,False,,22,2,0
c4663536-d7b5-462d-8f40-8b2f1ad8096e,Gig Worker,33235.26,0.3075,22,,,0.6113,11.59,2.1,0.6022,,,18.88,-0.0762,False,,17,4,0
eed5c2de-cfec-465f-8602-45fdf1e8e7dd,Gig Worker,33495.37,0.4503,19,,,,,1.81,0.6951,6.03,0.1742,18.98,0.0197,False,,16,4,1
55aef728-bdfb-459a-88d2-8fca730e0eb6,Small Merchant,58080.43,0.3447,20,105510.79,0.5885,0.4205,16.2,1.46,0.4345,0.5,0.2288,,,False,,10,5,0
2896403a-f0d1-4fb5-b026-8c8572dbd23b,Gig Worker,42515.75,0.2757,27,,,,,2.82,0.8556,,,,,False,,22,2,0
678b7732-b963-425f-a77c-6745c141cc8a,Gig Worker,52508.21,0.3962,27,,,,,2.56,0.8782,,,21.31,0.1504,False,,23,3,0
e53e2369-406f-421e-82c8-7db48110cf0f,Small Merchant,86149.79,0.4134,22,206149.36,0.6994,0.652,9.82,,,5.09,0.1886,,,False,,21,4,0
8f255a79-3d3f-410d-b0bb-5fcfc309b452,Small Merchant,80469.96,0.3359,21,199809.36,0.6237,0.6259,11.25,,,3.34,0.1538,,,False,,16,4,0
2d48ba18-3620-4a3f-b8ba-649243f36ec8,Informal/Rural Worker,24179.44,0.5133,16,,,0.7233,3.4,2.46,0.6908,,,,,False,,21,3,0
b416511b-311d-4251-8a48-281e79c4543e,Gig Worker,22237.36,0.4337,19,,,,,0.91,0.4875,1.32,0.2447,14.64,-0.111,False,,12,4,1
e34d144f-245d-4296-b5c1-df1ad30b0c9c,Informal/Rural Worker,19568.49,0.5347,13,,,0.6906,9.0,2.16,0.6835,,,,,False,,20,3,0
a77584c6-16d2-48f2-9f6f-e481a94dc17b,Gig Worker,21563.52,0.5172,15,,,,,0.88,0.5618,,,13.33,-0.0316,False,,13,3,1
af9b01a5-2e6f-4fff-ab3a-670ef78f712e,Small Merchant,67635.28,0.4554,21,132892.9,0.4716,0.4833,17.07,,,2.68,0.2139,,,True,509.0,14,4,1
46e48c39-2be9-462f-bc6f-f685e4a2820c,Informal/Rural Worker,20147.41,0.4971,16,,,0.5786,8.1,2.43,0.691,,,,,False,,18,3,0
29aafe14-d2c2-4fab-961a-1c29ccdfad54,Informal/Rural Worker,26925.15,0.4504,14,,,,,2.93,0.6982,,,,,False,,29,2,0
bf069a05-8b46-43c3-aa4f-57e96b6014b0,Small Merchant,109370.1,0.3159,23,241036.56,0.6454,0.6309,7.85,,,,,,,False,,10,3,1
a2ac656e-dc5d-4465-a675-860baa883041,First-time Borrower,43042.97,0.3387,21,,,0.747,13.56,,,,,,,False,,13,2,0
c4cae275-8dba-430c-8749-36e30e197d9f,Informal/Rural Worker,13565.16,0.5626,6,,,0.5237,14.23,1.7,0.4925,,,,,False,,12,3,1
5e81a030-a044-4ce2-8db9-e43ce1f7aea8,Informal/Rural Worker,25304.96,0.3702,15,,,0.8378,3.2,3.67,0.77,,,,,False,,23,3,0
68a373fb-6e4d-415d-85d2-99da91ceabec,Small Merchant,63945.28,0.4272,20,110719.65,0.4768,0.565,13.82,1.53,0.46,4.36,0.2479,,,True,464.0,4,5,1
014e6c8c-69cc-48a6-a584-9e2fcf904fd7,First-time Borrower,67124.7,0.1428,25,,,0.8493,3.33,,,9.38,0.1138,,,True,790.0,23,3,0
58c73238-e8f3-4f4b-8186-88dccaa80d35,Small Merchant,101584.28,0.3575,20,173695.39,0.6308,0.4844,9.78,,,5.8,0.2352,,,False,,15,4,0
a5dbefac-818d-495d-bc77-d759bffab3e9,Small Merchant,157872.81,0.2952,27,267172.35,0.7629,0.8128,11.78,,,6.13,0.1499,,,False,,17,4,0
75d4a506-1873-4ebf-ac4e-d22236e024cd,First-time Borrower,44593.62,0.2237,16,,,0.7097,11.88,,,4.51,0.2238,,,True,626.0,15,3,1
2cc6aeba-541d-409e-a65f-14a649e8c104,First-time Borrower,62011.25,0.2136,22,,,0.6523,7.5,,,7.69,0.1297,,,False,,24,3,0
ff23d95b-4433-4eba-bc99-8a97bcd19832,Small Merchant,132315.6,0.2826,24,268873.71,0.6692,0.7504,7.36,,,,,16.08,0.0136,True,640.0,22,4,0
1c6c4fc1-5aaa-484b-afd3-d1a4a9cab5a2,Gig Worker,25373.27,0.4271,22,,,,,2.49,0.7169,,,19.59,0.0297,False,,18,3,1
a091503d-6616-480c-9bca-95f33e4247c1,Gig Worker,33388.6,0.428,25,,,,,2.42,0.7331,,,23.18,0.1081,False,,19,3,0
ca820c06-6fa2-4831-b814-688e69a093e2,Gig Worker,15522.03,0.4742,18,,,0.502,13.14,1.76,0.4628,,,12.48,-0.0368,False,,11,4,0
aad52a39-0c94-4586-9511-20b5c5897ee0,Small Merchant,178233.14,0.2367,28,363933.12,0.921,0.8314,1.25,,,5.65,0.1648,,,True,731.0,29,4,0
017bd28f-4240-486a-9b9b-19320e23aa8c,Gig Worker,45027.98,0.3676,21,,,,,2.26,0.7551,6.2,0.1956,17.2,0.0293,False,,21,4,0
09e08181-d4ed-47e3-b7a3-0d85ce5559c5,Informal/Rural Worker,31262.52,0.2153,15,,,0.7992,5.08,3.7,0.87,,,,,False,,28,3,0
9fe2986b-9a8a-447f-9bcc-cb0a1ca4ba7e,Informal/Rural Worker,16776.32,0.6876,9,,,0.421,12.69,1.96,0.4759,,,,,False,,7,3,1
8f5aef34-59a7-4953-9c5b-04f8cf1193ad,Gig Worker,21653.91,0.4876,19,,,0.5607,16.33,0.85,0.5419,,,12.04,0.0267,True,575.0,9,4,0
6ee54030-f4ec-448e-997f-7175e3aae5c0,Gig Worker,22763.48,0.3954,18,,,,,1.23,0.4615,,,12.35,-0.0762,False,,9,3,1
683a464b-87ec-4fa4-b5c3-c0c1305259b8,Gig Worker,42520.66,0.2516,28,,,0.7378,6.02,2.68,0.8599,,,20.4,0.1326,False,,21,4,0
6999fd93-1199-4d04-88ff-24b7a54f2ff6,Gig Worker,49373.16,0.3394,25,,,,,3.36,0.8896,,,23.85,0.1028,False,,31,3,0
f5e810a3-1716-4196-ab6c-f2806d765616,Small Merchant,129407.31,0.3321,23,,,0.7669,4.16,,,7.28,0.1777,,,True,713.0,20,3,1
645febf5-d6d5-445f-a9d1-03b4bd79028c,First-time Borrower,60047.09,0.177,18,,,0.6711,5.33,,,8.37,0.1651,,,True,722.0,20,3,0
14e256b0-dc1d-4114-af51-c3b049729f8d,First-time Borrower,52226.52,0.2266,18,,,0.4863,17.99,1.72,0.4688,5.64,0.2213,,,True,518.0,13,4,1
01ba7f77-162d-47bf-bb19-87a440878dc1,Informal/Rural Worker,23557.68,0.5049,14,,,0.6295,8.06,2.44,0.7525,,,,,False,,20,3,1
f4c0c09a-c6d7-4dc8-9c07-67e31a7757d0,Informal/Rural Worker,18153.93,0.5338,8,,,0.7432,13.2,1.84,0.5744,,,,,False,,16,3,0
20f595fa-92f5-4989-b672-a87b849ae111,Informal/Rural Worker,17790.22,0.5041,16,,,0.7322,6.35,2.0,0.7072,,,,,False,,19,3,0
5ea2cf99-07ef-42ae-a4c1-4e4a951a630a,First-time Borrower,43458.61,0.2123,16,,,0.5765,15.27,,,,,,,True,524.0,13,2,0
c4516ed8-c99f-4d20-ba04-efb55b8886f9,First-time Borrower,46043.13,0.1995,16,,,0.567,11.97,,,3.48,0.2545,,,True,481.0,16,3,0
04508aec-9a87-4a37-bfb4-e19aff3ed8f0,First-time Borrower,49286.75,0.1983,16,,,,,,,5.17,0.1842,,,False,,19,2,1
1d236ab5-d72f-4049-877e-5b18c8388084,Informal/Rural Worker,21933.96,0.6356,11,,,0.5895,12.17,2.06,0.5631,,,,,False,,19,3,0
3d93529b-6a93-4f30-8f06-7560f4cb596b,First-time Borrower,84587.55,0.1226,23,,,0.8986,2.27,,,,,,,True,733.0,31,2,0
20521282-2f5e-420d-9340-9a53fbdb76d7,Small Merchant,22794.98,0.4062,19,115354.16,0.5906,0.4093,19.47,,,2.4,0.2895,,,False,,6,4,1
81178949-6aa6-42cd-bea4-1ad2ad4c8bdd,Gig Worker,34087.96,0.496,22,,,0.606,12.52,1.69,0.5417,,,19.94,0.1026,False,,11,4,0
6949c08e-0710-455c-ae79-d240aefa0a89,Small Merchant,187828.04,0.2638,29,373802.81,0.7842,0.7319,4.67,,,7.85,0.0956,24.02,0.0832,True,752.0,23,5,0
815f47c4-fcc6-4bd3-aa3e-2613b0ecc2ed,Small Merchant,89514.65,0.3406,24,147065.99,0.7391,0.5315,17.43,1.31,0.6444,5.44,0.2062,,,True,517.0,12,5,0
d4ee0b4b-45bd-4f40-bd15-1856a3169a5d,Informal/Rural Worker,21387.4,0.3485,17,,,0.6095,3.03,2.64,0.8274,,,,,False,,24,3,0
1e54762d-1707-4553-b18b-bad7aec39406,Informal/Rural Worker,29431.51,0.4366,18,,,0.9361,5.53,3.16,0.7932,,,,,False,,29,3,0
f49d84ac-6ee0-46e0-8f0d-99ab66058e79,Small Merchant,107860.77,0.3842,23,233584.33,0.6775,0.6262,10.14,,,4.92,0.2213,,,False,,11,4,1
5cabbb97-a064-448a-b5c4-d760e5eac7d8,First-time Borrower,64507.96,0.1032,23,,,0.7939,4.6,3.14,0.9183,8.09,0.1091,,,True,731.0,24,4,0
3004b5a8-cc8e-4e0e-b31e-7dbcc58a3d3e,Gig Worker,36857.21,0.4645,19,,,0.7922,10.98,2.04,0.6347,,,17.16,0.0108,False,,20,4,0
2de6d989-b411-482b-b94f-8178938f0c25,First-time Borrower,44094.28,0.2858,18,,,0.726,3.83,,,5.88,0.1906,,,True,557.0,17,3,0
51e53839-ea8a-42de-8bdf-8015b4af504e,Gig Worker,22414.43,0.3995,24,,,,,2.15,0.5391,,,16.93,0.0405,True,599.0,15,3,0
57c6920a-ca15-4330-a4c0-d8b6595f0e8d,Gig Worker,43610.52,0.3361,26,,,0.8308,5.74,2.55,0.8724,,,24.32,0.2245,False,,21,4,0
69f14059-4d18-4816-af3e-5ab5a3ea8c41,Small Merchant,169683.33,0.2663,27,299107.75,0.7997,0.7952,4.43,2.97,0.8684,9.4,0.1307,,,False,,29,5,0
6b240682-4402-4320-a725-67723aff9fdf,Gig Worker,41448.12,0.4101,24,,,,,2.69,0.7829,,,19.75,0.0284,False,,23,3,0
765c01a1-de47-4c79-951e-ea2ecb61cb43,Gig Worker,38742.35,0.2801,25,,,,,2.14,0.8282,,,22.15,0.0291,False,,22,3,0
3a54cbfa-5d33-4def-b6b6-89541dee80a4,First-time Borrower,68052.01,0.2057,22,,,0.7965,4.75,2.04,0.7294,,,,,True,651.0,18,3,0
a152e9c4-0136-4569-a840-743f07bc9d55,Small Merchant,205071.77,0.1764,25,,,0.8471,4.61,,,8.61,0.1106,,,True,733.0,31,3,0
db52ca77-4dcd-4a5c-b9bf-d27f26d85f27,Gig Worker,30299.9,0.314,20,,,,,1.84,0.5343,,,18.36,0.0763,False,,15,3,0
3f2b814e-55f4-4e2d-9454-3f59c525d247,Gig Worker,24835.33,0.4496,19,,,0.5944,12.2,1.76,0.6557,,,14.01,0.0344,False,,15,4,0
39056f6f-e029-4dff-9abe-10d68fb0439e,Informal/Rural Worker,17493.21,0.5298,12,,,0.5795,11.24,,,,,,,False,,19,2,0
eb4e0380-3dc8-4e55-88dd-ac16c1987e9e,First-time Borrower,60069.31,0.1843,23,,,0.8016,8.83,2.37,0.7131,6.24,0.1626,,,True,635.0,27,4,1
e1217837-a745-4509-9908-6cfcbbcc8b35,Gig Worker,31518.94,0.4312,21,,,0.7317,10.41,2.25,0.68,,,20.96,0.0013,False,,23,4,0
4bdd0117-36cc-4697-b08d-d1a528f11a46,Informal/Rural Worker,23469.72,0.4781,10,,,0.5931,10.47,1.97,0.7191,,,,,False,,14,3,0
ac660e36-7a34-4023-b8fe-926e87baf067,First-time Borrower,59023.16,0.1874,22,,,0.7256,12.69,,,,,,,False,,12,2,0
20a5655b-c391-42ec-b64d-28fa3a37bedf,Informal/Rural Worker,25208.7,0.39,14,,,,,3.01,0.8319,,,,,False,,26,2,0
f22e208d-5ff5-46f6-8058-fa3f6398d9bd,Gig Worker,39516.14,0.424,21,,,,,1.71,0.6691,4.63,0.1345,18.93,0.0939,False,,11,4,0
90f0839a-2eed-409d-b013-47127d60f924,Gig Worker,31932.25,0.4622,19,,,0.6852,12.76,2.19,0.5764,,,18.45,0.0313,False,,24,4,0
28c638ed-b682-4544-8747-2058407682af,Gig Worker,18663.49,0.4557,21,,,0.6673,11.13,,,,,15.51,-0.0288,True,623.0,11,3,0
4d9224e2-0f05-4a65-af14-28cf2858459d,Informal/Rural Worker,10351.52,0.58,10,,,0.4036,14.78,,,,,,,False,,6,2,1
a762d12f-03b1-4c8f-b13d-59f6db05ebfb,Informal/Rural Worker,17707.3,0.4657,10,,,,,1.83,0.6463,,,,,True,617.0,18,2,0
cd8edefd-4a26-4512-9e8b-27ce8be29679,First-time Borrower,60968.26,0.1886,24,,,0.8694,4.22,,,,,,,False,,22,2,0
42199573-f428-4f6c-bbde-2baca431dc80,Small Merchant,48783.92,0.5324,22,124887.45,0.5171,0.438,18.59,,,1.13,0.2021,,,False,,13,4,0
da9aa514-90c2-4264-b474-ceebbbf09622,Gig Worker,34903.11,0.2878,19,,,,,,,,,14.9,0.0158,False,,10,2,0
7a1fc538-feea-491c-b130-7ab7494e67cf,Gig Worker,45355.71,0.2846,29,,,0.9136,3.71,3.72,0.8575,,,27.39,0.2791,False,,27,4,0
592c31cd-5d98-4712-991b-36f8957357e4,Small Merchant,100183.9,0.4265,22,216150.22,0.7495,0.6938,11.79,,,5.88,0.1421,,,True,613.0,17,4,0
881de5d2-c411-4adc-ab44-6bd180705c09,First-time Borrower,75859.91,0.0846,22,,,0.8471,4.24,,,,,,,True,715.0,22,2,0
110694b4-fd69-43e9-bc1d-9f93077400e9,Informal/Rural Worker,4577.31,0.7313,8,,,0.5063,19.58,1.69,0.5906,,,,,False,,9,3,1
b1deb80a-a9f8-4799-8810-03f94ffce58f,Gig Worker,43944.49,0.3754,26,,,,,2.93,0.7161,,,22.11,0.1546,False,,25,3,0
83c1ef72-b0f8-4049-a250-facbf0ff14f2,Gig Worker,26638.71,0.3501,22,,,,,1.43,0.4895,,,13.32,-0.0573,False,,13,3,0
efc49560-1063-467e-aa5b-c074fae60ba2,Informal/Rural Worker,26747.77,0.3051,21,,,0.8314,3.61,2.99,0.8163,,,,,False,,24,3,0
c1965c76-63bc-4cba-b22f-71fd52629b4e,First-time Borrower,53707.46,0.2166,16,,,0.8069,10.5,,,,,,,True,572.0,21,2,0
35ea1a36-ba44-4e8e-99b7-7380e4dfec6c,First-time Borrower,69531.11,0.2108,24,,,0.8302,8.0,2.4,0.7223,,,,,False,,30,3,0
87ca9927-4588-491d-b1c7-7e7e21e917b9,Informal/Rural Worker,13608.51,0.609,11,,,0.6049,13.31,1.51,0.4738,,,,,False,,19,3,0
d75dc48b-22c2-4bc7-bd87-fb223a3630f2,First-time Borrower,57495.11,0.1938,18,,,0.7075,6.38,2.79,0.7805,,,,,True,632.0,22,3,0
d4d9c0b2-036a-46aa-b7fc-f6d3f75c88f1,First-time Borrower,61118.53,0.2377,22,,,0.8075,7.96,,,,,,,True,722.0,21,2,0
fa2fe7d0-87cd-4b7b-894f-aeba0aaed26b,Informal/Rural Worker,16746.37,0.4911,13,,,0.5929,9.81,2.14,0.5031,,,,,False,,16,3,1
d7f81024-d12a-46fc-917c-189f7fd8b9c9,Small Merchant,164804.45,0.1602,26,335162.83,0.8417,0.8284,0.0,,,9.12,0.1325,,,False,,23,4,0
148cc7b2-ed57-4c56-8a08-65c24c46a753,Informal/Rural Worker,14310.93,0.5306,11,,,0.6629,12.85,1.32,0.6832,,,,,False,,12,3,0
32539bb5-85cd-41d1-922f-f9a0a310a279,Small Merchant,126868.11,0.2764,25,243728.47,0.7849,0.6354,8.87,,,5.81,0.1617,,,False,,20,4,0
81584dba-3494-4812-bedd-31da847f3c80,Informal/Rural Worker,16921.09,0.5678,11,,,0.7157,14.44,2.2,0.6118,,,,,False,,17,3,0
b2e1be91-7688-4633-b42b-32251d72225d,Informal/Rural Worker,19280.74,0.531,12,,,0.6758,11.84,1.99,0.5914,,,,,False,,20,3,0
1e8ee2d0-8d44-4b03-a864-38a911a47efd,First-time Borrower,52869.13,0.1473,20,,,0.6922,12.19,2.19,0.5684,,,,,True,588.0,18,3,1
debfc5af-8916-434b-9b27-514bca3e6e55,First-time Borrower,62468.21,0.1494,24,,,0.7534,6.08,2.5,0.8076,8.48,0.1513,,,True,698.0,25,4,0
3a1c5026-f75d-4199-985f-ddc748854384,Informal/Rural Worker,19574.76,0.4015,11,,,0.7036,7.36,2.31,0.6941,,,,,False,,24,3,1
36c9a60c-49e5-46dd-9d3e-00676456b182,Gig Worker,25318.43,0.347,22,,,0.5576,11.23,2.29,0.6927,,,18.18,0.0757,False,,14,4,0
08c14482-a5ad-47a2-a054-76046f145f3e,Gig Worker,42841.99,0.4383,20,,,,,2.71,0.8738,,,19.1,0.0947,False,,19,3,0
9368d598-34af-4263-94d6-9f1ead0720eb,Small Merchant,170084.64,0.2469,26,393401.63,0.8254,0.8514,4.17,3.1,0.8298,8.53,0.0987,,,False,,27,5,0
9d8ccf3d-c5ec-4438-8d82-5afe970dc33a,Small Merchant,105126.68,0.3671,23,211826.39,0.7338,0.6825,11.02,,,4.43,0.1981,18.92,0.0009,False,,12,5,0
87046e8f-77fc-4c84-9cb2-e0f711d44af4,Gig Worker,28550.9,0.4403,23,,,,,2.05,0.4876,,,19.2,-0.1214,False,,8,3,0
f94a1d7e-a999-420b-bf3e-adcd063b03a4,Small Merchant,97379.19,0.3276,20,223425.23,0.4802,0.622,13.19,,,4.7,0.205,,,False,,23,4,0
19b7b909-23a5-4124-830c-904a639cf5d8,First-time Borrower,69265.28,0.1713,24,,,0.8716,6.02,,,8.67,0.1543,,,True,815.0,26,3,0
295f8148-6871-44e3-b360-de1102f7e282,First-time Borrower,33716.69,0.3324,15,,,0.4506,15.95,,,2.66,0.2438,,,True,378.0,11,3,0
58efbcf3-33eb-4fa6-b4a7-328178e86f63,Informal/Rural Worker,14029.38,0.4245,9,,,0.5518,11.13,1.99,0.5723,,,,,False,,14,3,1
ecfccc97-e713-4c41-86f1-3c8532a3620e,First-time Borrower,70903.5,0.2213,20,,,0.7888,6.33,2.33,0.6875,,,,,True,654.0,23,3,0
5fe5a13f-691f-4ebb-9320-9fec39be016d,Gig Worker,39258.28,0.2675,23,,,,,2.85,0.7852,,,26.94,0.1072,False,,28,3,0
252d43ab-a413-4574-8351-a41f9b1afef5,First-time Borrower,52697.58,0.2626,19,,,0.6822,14.21,,,4.63,0.1476,,,False,,15,3,1
d5ce3776-93ce-461c-a194-60003f3c2b34,Gig Worker,42920.38,0.3861,22,,,,,,,,,22.02,-0.0162,False,,26,2,1
6af8bbac-49ee-4054-b891-0986f5cd2d2a,Informal/Rural Worker,26536.59,0.5804,18,,,0.6919,6.28,2.58,0.6489,,,,,False,,19,3,0
697679e7-ae83-47f8-84a8-84f227fb6a9f,Informal/Rural Worker,20561.79,0.5097,11,,,0.692,9.52,1.77,0.7445,,,,,False,,17,3,0
70242219-c8b5-4f1e-963f-e916a634ff7e,First-time Borrower,61425.31,0.2484,22,,,0.8175,3.09,,,8.81,0.1966,,,False,,25,3,0
07d22ae6-95df-4ccb-8e1b-1983c0abdebf,Gig Worker,19049.27,0.3189,18,,,,,1.82,0.5852,,,16.1,-0.0895,False,,10,3,1
15cf3c78-3fc3-4e9f-853c-1f92273c9a9a,Informal/Rural Worker,10144.8,0.7233,8,,,0.5635,12.09,1.45,0.4897,,,,,False,,13,3,1
de176677-6ee4-46be-abad-409dcecd9f45,Informal/Rural Worker,14558.61,0.4299,13,,,0.5196,10.49,,,,,,,False,,20,2,0
9d33f6f2-e928-4b7e-96b0-219b97bbb287,First-time Borrower,35077.54,0.2786,15,,,0.5311,15.44,,,4.17,0.1634,,,True,506.0,15,3,0
6eb31b52-e1d5-4614-9954-a036e13c12f5,Small Merchant,111981.84,0.2243,24,222646.74,0.694,0.5717,9.49,,,5.13,0.203,,,False,,17,4,0
c95e53f7-8fff-4929-8386-5394f502e341,First-time Borrower,29647.33,0.2605,14,,,0.4707,14.34,2.09,0.5676,3.39,0.249,15.19,-0.1433,True,476.0,12,5,1
c9231191-e68b-40a7-9256-8808221146f3,First-time Borrower,51085.45,0.3083,14,,,0.5626,13.28,,,,,,,True,528.0,13,2,0
c16b1beb-9b5d-4ff3-abe6-37785a28cab7,Gig Worker,32262.38,0.4704,24,,,,,2.01,0.6767,,,21.32,-0.1266,False,,20,3,0
5d9eefff-0cf6-4c30-a438-f92aaee857cd,Informal/Rural Worker,14870.67,0.5513,12,,,,,1.14,0.4851,,,,,True,583.0,7,2,0
762d8253-303d-4e2e-ab80-c735df3516b0,Gig Worker,19616.25,0.5323,18,,,,,1.36,0.3948,,,15.48,-0.2527,False,,7,3,0
e7ab0161-1f2e-4e4e-a4b6-04fa782b4cfa,Gig Worker,49021.77,0.3299,25,,,,,2.81,0.86,,,22.56,0.1073,False,,22,3,0
8ce22e6a-d254-433b-b6dc-bcd3e74f3fc0,Small Merchant,79581.01,0.2945,22,182716.31,0.7034,0.5318,12.03,,,4.87,0.2273,,,False,,12,4,0
804259c1-65c3-4137-8066-464ce5977b14,First-time Borrower,72057.16,0.2503,21,,,0.7658,8.32,2.38,0.675,5.17,0.1954,,,True,606.0,19,4,0
55977494-88bd-410b-828d-09da1250d650,Gig Worker,36027.84,0.2755,24,,,,,,,5.15,0.1826,20.89,0.0816,False,,18,3,0
8b0d809c-bab8-4829-8170-d24328383a45,Informal/Rural Worker,28745.41,0.3488,15,,,0.7594,5.08,,,,,,,False,,28,2,0
92bcf8dc-56b7-46fa-bfd9-608eb809b71a,Small Merchant,84544.3,0.3253,20,147646.44,0.6505,0.5415,12.71,1.19,0.6706,2.95,0.2028,13.9,-0.053,False,,10,6,1
2cdbe1fa-c01b-424a-a217-d7a7fec24c3a,First-time Borrower,67869.79,0.1574,19,,,0.8161,4.25,,,7.08,0.2134,,,False,,26,3,0
820ce872-bb75-4e09-b884-976f273bbfac,Gig Worker,54073.79,0.1933,25,,,,,3.24,0.8636,,,22.16,0.1954,False,,24,3,0
709a4ee1-f5f7-44f3-8f32-08fbaa67edf7,Informal/Rural Worker,23888.39,0.5377,16,,,0.8695,5.86,2.84,0.8579,,,,,False,,30,3,0
06e60c69-6607-4b42-bb9c-bb2939f4182a,Gig Worker,14989.52,0.5323,20,,,,,1.62,0.566,4.66,0.2455,16.77,-0.0593,False,,13,4,0
9ccc2e0a-0b6f-47b5-b1fe-8652c41d1782,First-time Borrower,69676.1,0.2027,20,,,0.6747,6.62,2.27,0.6783,8.32,0.1118,,,False,,26,4,0
9aec8b57-8eef-4289-b45d-056d596bec95,Informal/Rural Worker,31064.23,0.31,14,,,0.8348,2.03,3.25,0.7165,,,,,False,,25,3,0
6c692025-3b2b-47e7-9b13-1f7e83d954b2,Gig Worker,48505.08,0.3188,22,,,,,3.06,0.7785,7.51,0.1456,21.94,0.0869,False,,23,4,0
336080f1-4ac4-4e16-94bd-843b5e0fb68a,First-time Borrower,58355.36,0.3197,16,,,0.6191,12.14,,,,,,,True,564.0,9,2,1
6a374caf-733c-4a79-a737-b9094b3518b1,First-time Borrower,51910.03,0.2155,21,,,0.6991,9.65,,,,,,,False,,21,2,0
2fb7d0a4-e499-4a04-9933-01f05bbfade3,Gig Worker,41101.37,0.3935,25,,,0.8328,4.34,3.22,0.7649,6.74,0.1637,25.19,0.0928,True,721.0,26,5,0
e3b74748-0b68-429c-82cb-f4d0edfcd772,Gig Worker,34014.67,0.2722,25,,,,,2.99,0.7661,,,22.93,0.1412,False,,22,3,0
d75f1b15-27cb-4467-9d54-b55b885b4fd0,Informal/Rural Worker,18556.58,0.4625,15,,,0.713,4.99,2.82,0.8821,,,,,False,,24,3,0
6237b701-3eb4-41f3-8074-e85aed6c8f62,Informal/Rural Worker,12917.17,0.5289,8,,,0.525,11.37,1.95,0.6202,,,,,False,,11,3,0
42ab514f-4ec5-4605-ab6e-58b106dbd3bd,Small Merchant,159784.47,0.3022,24,324573.1,0.8252,0.8182,5.18,,,5.39,0.1235,,,False,,21,4,0
8a07654b-b224-461f-b755-b6d281d01cb1,Informal/Rural Worker,11739.56,0.6841,6,,,0.5251,13.53,1.72,0.5566,,,,,False,,13,3,0
49e69c4a-5fc0-4eab-a977-2b39527a8ca2,First-time Borrower,28044.86,0.3532,15,,,0.5047,18.28,,,,,,,True,424.0,6,2,0
534c997e-d12e-4230-aca1-0da85ef4782e,Informal/Rural Worker,14411.87,0.4585,11,,,0.566,9.95,,,,,,,False,,14,2,1
b6a183e3-608d-401a-b01e-42d055018e49,First-time Borrower,37896.66,0.2826,13,,,0.451,14.71,2.05,0.4901,3.36,0.2381,,,True,587.0,11,4,0
b6e34586-0121-46da-814c-71fa53a6f07f,Small Merchant,153713.9,0.3308,25,298349.49,0.7486,0.7299,8.73,,,6.06,0.1581,,,False,,23,4,0
ff7ee84b-4f2a-40be-a6d2-dcff1919714c,Small Merchant,124596.22,0.3628,24,306539.72,0.7151,0.6848,7.88,,,6.23,0.1495,,,False,,22,4,0
85789b62-a22a-4bd4-912f-2d43f8106490,Gig Worker,39160.23,0.3283,23,,,,,2.45,0.7157,,,17.4,0.1734,False,,20,3,0
e707ff61-7363-4f82-ab25-f8957e621d84,Small Merchant,60814.0,0.4144,23,117167.89,0.5553,,,,,3.29,0.243,10.79,-0.0451,False,,6,4,1
e9d45379-b30b-4461-b517-d90c03ed24c8,Gig Worker,26183.98,0.3941,19,,,,,1.91,0.5624,,,12.79,-0.0392,False,,16,3,0
a842235b-6c70-4f12-8aea-e77df6d23dd2,Small Merchant,80096.89,0.3307,22,111919.44,0.6327,0.568,15.99,,,5.5,0.2585,15.17,-0.0113,False,,7,5,0
739acda9-66ff-4198-b916-fbf393bf28ac,Small Merchant,82168.43,0.4041,22,222621.98,0.6079,0.6282,13.02,,,2.52,0.1726,,,False,,22,4,0
e31db6f4-a7c9-47e5-8aaf-978339cb2512,Gig Worker,18475.26,0.4133,18,,,,,1.64,0.5244,,,13.4,-0.0233,False,,13,3,0
edf2af91-e715-48f2-8b4e-b2b24111c838,First-time Borrower,41113.5,0.254,17,,,0.5382,14.32,,,5.04,0.1545,,,True,546.0,14,3,1
90fbd7d5-f57d-44d6-9836-c7be4cb23e28,Informal/Rural Worker,26640.2,0.4006,19,,,0.7738,2.99,3.0,0.8828,,,,,False,,29,3,0
3d7373b8-74f6-4edd-8d9a-807278ae72af,Small Merchant,138541.09,0.4413,24,267748.5,0.7142,0.5937,7.83,,,4.2,0.17,,,True,591.0,18,4,0
887d73de-4b54-4cbb-b7af-9ca98f379c6a,Small Merchant,102831.91,0.3578,21,251032.97,0.8412,,,2.29,0.5771,4.92,0.1695,,,False,,24,4,0
8f38c128-5d8c-4f45-9c36-2f99730d7fbc,Informal/Rural Worker,23472.99,0.4609,11,,,0.6294,10.64,2.19,0.7773,,,,,False,,18,3,0
90cb804f-ca61-4f61-bf2f-fc331be5bc59,Small Merchant,123800.1,0.2089,27,316400.76,0.8139,0.7244,8.04,,,7.84,0.131,,,True,656.0,21,4,0
2ffc1aa6-f8e6-4800-bb7f-6aa459810610,First-time Borrower,75910.11,0.1,26,,,0.8934,1.11,3.37,0.837,8.51,0.1104,,,True,793.0,32,4,0
835c68f4-5ce9-48bd-b6a1-e9f9811b8c5e,Small Merchant,52039.99,0.4508,23,130656.92,0.5584,0.4987,13.45,,,2.64,0.2428,,,True,488.0,13,4,1
d554a668-2fae-4e7a-9b69-b32d4b3319b8,First-time Borrower,54335.52,0.189,20,,,0.7027,6.86,,,,,,,False,,24,2,0
c911f523-fd68-4dd8-bbff-68f91f150f42,Small Merchant,157944.69,0.2064,26,342568.72,0.8469,0.6895,3.08,2.47,0.8766,8.43,0.0626,,,False,,20,5,0
47e05865-3518-4e08-919f-c0577a4fce35,First-time Borrower,48359.08,0.2584,21,,,0.7265,10.68,,,,,,,True,569.0,19,2,0
8c75039f-5ab2-4ec9-ad1e-ac0eee97232c,Small Merchant,162408.27,0.3054,27,,,0.8246,6.38,2.94,0.7527,8.64,0.1369,,,False,,20,4,0
1de491a5-801f-4475-9132-31e0ca3cb1c9,First-time Borrower,74610.56,0.0965,25,,,0.9054,4.91,,,7.91,0.1306,,,False,,24,3,0
08b869b9-409b-4df8-ac34-de6a6df7f3a7,Gig Worker,35234.25,0.3882,22,,,0.6763,5.8,2.87,0.6656,,,23.81,0.051,False,,21,4,0
0979bb1d-5439-4b18-a714-c23d6cd0d64b,Gig Worker,51664.53,0.2108,23,,,,,3.06,0.8666,9.77,0.1107,24.23,0.2005,False,,23,4,0
99e1f243-7a2e-47ab-924c-8a62489e86b3,Small Merchant,106086.05,0.3589,25,242039.37,0.6498,,,1.87,0.6902,,,,,False,,19,3,0
3c062322-ca89-415a-8f0e-5e93cf7c49fe,Informal/Rural Worker,15505.91,0.5089,15,,,0.7163,7.44,1.68,0.6084,,,,,False,,17,3,0
0e95c65d-7cb2-4b91-aa28-127f07c23703,Small Merchant,80484.38,0.475,20,177037.35,0.6674,0.5539,14.61,,,2.57,0.2117,,,False,,11,4,1
c3b3fe48-e145-4b49-a563-3074d6a2662f,Gig Worker,30942.53,0.3704,20,,,,,2.25,0.6103,,,17.7,-0.0066,False,,18,3,1
f63870b6-8be2-4c79-83d3-951659623d5b,First-time Borrower,43471.89,0.2964,17,,,0.5693,8.5,,,3.37,0.1712,18.85,-0.1139,True,566.0,10,4,1
23899582-581e-4437-82c4-4a9e7309e8c2,First-time Borrower,54321.18,0.1713,20,,,0.642,11.02,,,5.51,0.1641,,,False,,15,3,1
2dd2ecaa-e70f-41ab-9e1d-3cec104a4586,Small Merchant,137189.93,0.2887,27,278218.65,0.8066,0.6984,7.84,,,8.3,0.1506,,,False,,18,4,0
9595f7c7-989b-4857-b9c2-2ebd4bd9d594,Small Merchant,70671.19,0.4685,22,198155.2,0.6631,0.6466,12.15,2.25,0.4886,3.09,0.1486,,,True,573.0,9,5,0
743d35de-9b52-4613-a3a8-17ea03663a3b,First-time Borrower,87268.2,0.1166,26,,,0.8367,1.85,,,,,,,False,,29,2,0
6f96dfd6-7d61-4361-a4c5-2e9d0b019855,Small Merchant,102331.35,0.4433,22,232217.94,0.6037,0.5648,10.39,1.04,0.5774,2.97,0.2141,,,False,,17,5,1
6239d5d7-d071-42b9-84be-8f531daf0e22,Gig Worker,52413.87,0.423,25,,,,,3.14,0.8685,,,25.16,0.23,True,731.0,28,3,0
19c2b4f3-8131-4ef9-9a03-682c4d884251,Gig Worker,31019.68,0.2514,27,,,0.7236,8.38,,,6.26,0.1157,22.11,0.0034,False,,22,4,0
6cd2ad3a-0d21-413a-8821-9528442dbdba,First-time Borrower,50845.39,0.2372,22,,,0.6865,8.5,,,,,,,True,595.0,15,2,1
c05beac6-207f-469b-b20f-3b6fb2e9bbfa,Small Merchant,142628.4,0.3409,26,,,0.8024,7.53,,,4.92,0.1394,,,False,,21,3,0
568fefbc-5231-460f-9a9d-9382cbf4982b,Gig Worker,27568.14,0.4608,17,,,,,1.4,0.4886,3.22,0.1961,14.11,0.0071,False,,14,4,1
bd0f3d67-65c0-4064-aef2-78e57d100dd2,Small Merchant,81499.27,0.4345,21,174796.1,0.5768,0.6131,13.33,,,,,,,False,,13,3,1
2b05a16e-1c5a-4fc5-9d72-4f9ee8a8d38d,First-time Borrower,74539.56,0.1851,23,,,0.6687,10.59,2.54,0.7511,,,,,True,691.0,22,3,0
6712cddb-8b23-4c9f-8ab2-6c363b023a65,Informal/Rural Worker,17220.41,0.5935,13,,,,,1.97,0.5883,,,,,False,,10,2,0
f7eb1867-cf2e-46d8-9d83-18252c890e7a,Small Merchant,123164.63,0.4056,22,248139.81,0.7802,0.7443,7.96,,,7.16,0.2032,,,True,686.0,15,4,0
77a0ed8a-bdf1-41f4-a71f-21ca4572d042,Small Merchant,127142.25,0.4235,24,186532.11,0.6468,0.5501,14.32,,,5.68,0.2451,,,False,,19,4,0
a596160e-21c0-4020-b2d7-710f45e9fa67,Small Merchant,125857.99,0.4119,24,305903.22,0.7372,0.7322,7.2,,,4.8,0.1763,,,False,,15,4,0
99bdbebd-eedd-48a8-a3ce-a7b5d6eddc87,Gig Worker,17655.63,0.5639,18,,,,,1.68,0.6038,3.86,0.2592,10.7,-0.01,False,,5,4,0
cc3af666-1af3-40d3-9361-565cddf48995,First-time Borrower,51036.8,0.32,20,,,0.619,9.92,,,,,15.12,-0.0308,False,,13,3,0
7c543348-ae63-495d-a391-cf0f8f91a19b,Small Merchant,138810.64,0.23,24,349011.37,0.9221,0.9032,2.04,,,6.5,0.1257,,,False,,26,4,0
7af77783-aa0b-4950-961b-b79d959b6a21,Small Merchant,145713.72,0.2569,24,300252.97,0.8324,0.8358,6.06,,,6.34,0.1728,24.5,0.0753,False,,22,5,0
a07d88dd-d977-4908-9e6c-b78a490d6944,Small Merchant,137771.73,0.3925,24,320291.4,0.6737,0.759,7.35,,,5.68,0.1692,,,True,679.0,24,4,0
d19ce626-a089-4e2b-b6c2-e44e096e17a2,First-time Borrower,37168.43,0.2573,20,,,0.7027,10.72,,,,,21.03,0.0073,True,561.0,16,3,0
c04ff7c8-a547-4dee-a6b5-419e597b027f,Small Merchant,207825.33,0.2658,30,402156.89,0.929,0.9799,1.83,,,10.1,0.0807,,,True,793.0,28,4,0
7f8f67c5-127b-46cf-873b-da69efd7f46a,Gig Worker,27069.42,0.46,22,,,0.5357,10.37,2.22,0.6619,4.77,0.1549,21.43,-0.0514,False,,15,5,0
39cf4811-9368-4704-9476-62e4f15dc8dd,Small Merchant,158134.58,0.3886,25,291578.77,0.6851,0.7646,11.44,2.47,0.684,8.75,0.1136,,,False,,21,5,0
70456659-3735-47f1-b2a7-5815453a36f5,Small Merchant,177529.03,0.2197,24,,,0.8527,1.4,,,8.21,0.1126,23.01,0.1477,False,,24,4,0
03493e96-dc2b-4585-8348-74be1fe2383a,Informal/Rural Worker,22805.6,0.3286,14,,,0.7704,5.19,2.21,0.7656,,,,,False,,21,3,0
34735e7a-5a53-443a-970c-269d9eb19a6a,Informal/Rural Worker,19849.69,0.5527,13,,,0.701,8.98,2.39,0.6569,,,,,False,,13,3,0
226ed16a-f2aa-4cbe-8a67-4dd0db37d3db,Gig Worker,48879.8,0.3057,21,,,0.8431,4.44,2.49,0.8174,,,24.13,0.2201,False,,19,4,0
469ea1c8-cad2-462d-8c07-50b8b4e960b5,Informal/Rural Worker,18540.28,0.536,16,,,0.6692,11.73,1.85,0.7106,,,,,False,,12,3,0
92c51605-1117-4a31-88d9-2f84f872054e,First-time Borrower,71211.45,0.1384,23,,,0.8035,4.76,,,7.19,0.1063,,,True,681.0,19,3,0
bb730cc9-0c5c-41c4-9efb-af3ec766b204,Small Merchant,100101.01,0.3298,22,198694.28,0.7869,0.618,13.05,1.93,0.6196,5.6,0.2252,,,False,,17,5,1
cf025b42-bb9d-45e7-8bca-7ce7c9492881,Gig Worker,33480.24,0.4674,21,,,,,1.78,0.6326,,,14.69,-0.0661,False,,12,3,0
f5ad7ad7-9223-4390-9b58-f6fc63ca4e27,Gig Worker,19074.48,0.5296,18,,,,,1.28,0.5549,3.74,0.1926,15.64,-0.1652,False,,12,4,0
dc05577f-99b8-462e-8fed-cd1fb9249827,Small Merchant,153701.98,0.2408,24,313117.51,0.8046,0.7382,9.54,,,5.23,0.2086,,,True,634.0,21,4,0
08e51c02-f1a9-40f1-a324-c5b473f1a57f,Informal/Rural Worker,29172.25,0.4662,16,,,0.8273,0.3,3.2,0.9072,,,,,False,,26,3,0
aa7311d1-b5f3-4e91-b22c-a46d67d9057c,Informal/Rural Worker,20032.95,0.3768,16,,,0.5946,6.45,2.18,0.6976,,,,,False,,16,3,0
6907016d-5249-4467-8efa-1bd73cf296f8,First-time Borrower,38049.37,0.2689,13,,,0.4873,10.61,,,5.76,0.1883,,,True,515.0,14,3,0
a5dca02f-08b4-47bc-a6b4-3d10cf3eaccb,Gig Worker,31462.56,0.5077,20,,,,,1.22,0.5733,,,18.27,0.0254,False,,13,3,0
efc437f7-474b-4fb9-b06f-da8a43d80df3,Informal/Rural Worker,12088.21,0.4999,10,,,0.5567,13.15,1.52,0.5974,,,,,False,,11,3,0
886bbac5-4900-4ec9-ac09-6af4c942d88a,Informal/Rural Worker,19155.37,0.4714,15,,,0.6107,11.14,2.02,0.5788,,,,,False,,19,3,0
28af77cf-933f-4ae6-b035-b577d0487eba,First-time Borrower,43651.8,0.2092,21,,,0.7013,7.21,,,3.45,0.1512,,,True,568.0,19,3,0
5e22eba5-e898-40fd-81db-daa1191640b9,Informal/Rural Worker,25362.03,0.4259,14,,,0.7146,3.2,2.63,0.78,,,,,False,,22,3,0
5082efec-071e-4802-b0b9-1d24f98e0e54,Small Merchant,56646.27,0.503,21,160988.04,0.6122,0.6108,14.68,,,3.08,0.2546,,,False,,13,4,0
72471ab2-3287-4f70-a8f0-e1dc3f7dfb13,First-time Borrower,47220.36,0.226,18,,,0.7134,8.55,,,7.05,0.251,,,False,,15,3,0
9ad1ec5b-531f-4625-80fa-52b503242445,Gig Worker,21677.37,0.3977,18,,,0.4123,15.18,1.55,0.5436,,,16.08,-0.0668,False,,10,4,0
18ecf53f-e5c4-4c9b-ba4f-89167009b0ed,Small Merchant,79880.85,0.3985,23,185752.43,0.6749,0.6248,11.65,1.82,0.6001,4.48,0.1876,,,False,,11,5,0
25fb8006-52a0-4c57-b768-a98741f15702,Informal/Rural Worker,15154.38,0.5398,12,,,,,2.29,0.7236,,,,,False,,15,2,1
141d3a0d-6652-41fb-b552-a99721c3e907,Small Merchant,95957.32,0.3487,24,172038.23,0.6708,0.6322,11.43,,,2.92,0.1964,,,False,,15,4,0
da5f2260-9fef-4255-b220-c2018fa12e92,Informal/Rural Worker,23706.65,0.4954,17,,,0.6925,8.17,2.12,0.6726,,,,,False,,23,3,0
815ffa39-bea8-47a5-9746-08bd8437ca6a,Small Merchant,93493.27,0.3096,22,220224.87,0.7234,0.5186,12.15,2.23,0.4715,3.7,0.1539,,,False,,17,5,0
28c6f860-c1e2-41a2-b0fa-bdb94e6b4a65,Gig Worker,28527.2,0.3288,27,,,,,2.52,0.713,5.68,0.1105,19.0,0.0356,False,,23,4,1
b213a2d0-d2d4-4149-8f7f-04cc8129e25e,Small Merchant,34286.34,0.4304,21,130869.13,0.4969,0.5402,15.18,,,,,,,True,464.0,9,3,1
44bbacab-ae32-40ff-9674-20bfbee4a251,Small Merchant,113294.19,0.3089,23,195288.96,0.7323,,,,,2.98,0.1959,,,False,,13,3,0
d11ede91-4c4a-4133-a582-fa7676d15d9e,First-time Borrower,55250.13,0.2029,20,,,0.5842,10.62,1.75,0.6889,2.65,0.1968,18.42,-0.0096,True,616.0,18,5,0
b03fcc0f-dfc6-4d66-b77c-a0f9f420d5fe,Informal/Rural Worker,17278.33,0.5318,13,,,0.6469,15.21,1.84,0.6718,,,,,False,,14,3,1
07371ad7-3579-4ab7-a14e-03ac3bf20b88,Small Merchant,177108.39,0.2515,28,314897.31,0.7788,0.7761,4.3,,,7.97,0.088,,,False,,25,4,0
0464e3a4-7cce-403d-8ec4-a993ec177e8e,Gig Worker,25854.04,0.4247,22,,,0.6458,12.36,1.67,0.6433,3.82,0.1999,15.3,0.0669,False,,17,5,0
25ea2b18-c4bc-4948-8a76-c45170a47caf,Informal/Rural Worker,21817.03,0.4751,13,,,0.6469,7.91,,,,,,,False,,18,2,0
2d36f156-8b67-4d36-b01f-30cbec899e81,Gig Worker,32034.78,0.2876,24,,,,,1.5,0.6626,3.67,0.141,18.44,0.0242,False,,16,4,0
b79cde9a-a564-4b56-9df3-ec65a7f31b94,First-time Borrower,62062.17,0.1918,22,,,0.7101,8.84,2.66,0.6834,,,,,True,616.0,20,3,0
a29efd53-b3cb-4ef4-97aa-97da5d4c59f7,Gig Worker,31110.58,0.4434,22,,,,,1.62,0.5262,2.88,0.1815,15.46,-0.0157,False,,17,4,1
0b621fc9-eca8-4015-ba39-27d063e7043f,First-time Borrower,31758.51,0.2244,16,,,,,2.09,0.5842,4.07,0.2212,,,True,505.0,11,3,0
0d9b3965-6fda-436b-ae94-af7a451016cd,Gig Worker,42520.73,0.4185,22,,,0.8361,6.31,2.49,0.8614,,,23.37,-0.0131,False,,20,4,0
8d51c292-ea93-4188-8fc0-1a310fbda6cc,Informal/Rural Worker,16870.11,0.5162,14,,,0.5499,9.4,2.15,0.5222,,,,,False,,14,3,1
fa64be5c-49e0-4caa-886b-ba7d824deda6,Gig Worker,45563.22,0.247,27,,,,,3.79,1.0,,,29.0,0.2096,False,,34,3,0
47b69dab-6814-4d8e-8f6b-12739ce3a8b6,Informal/Rural Worker,22729.0,0.4143,19,,,,,3.08,0.9359,,,,,False,,25,2,0
47279427-a5e0-41f8-81d0-d36c999c6cfb,Gig Worker,33330.85,0.3706,25,,,,,2.37,0.5542,,,18.88,0.054,False,,23,3,0
b2d10788-4f43-4721-b724-99a6210cb184,Informal/Rural Worker,18781.48,0.5865,13,,,0.5676,12.95,,,,,,,False,,21,2,0
240893da-e76d-4cd5-94f1-843bd75b82c4,First-time Borrower,77005.15,0.1723,22,,,0.8346,0.48,,,,,,,True,708.0,27,2,0
d2574a8f-6751-4275-a00f-d96ade6e5bad,Gig Worker,40338.15,0.3769,24,,,,,3.3,0.7797,,,22.11,0.2338,False,,23,3,0
56f0dbaf-11b7-41e0-9816-d0dfe1a84e3e,First-time Borrower,46164.66,0.2092,17,,,0.5571,10.4,,,7.19,0.1396,19.99,0.002,False,,18,4,1
b4b9227a-b42d-4ffd-b0c3-1bd8cccfdd72,First-time Borrower,46195.25,0.2797,16,,,0.5873,12.37,,,,,,,True,567.0,19,2,1
e1798400-3cd4-493a-a386-87e91e66a3b4,Small Merchant,183794.89,0.181,26,372236.86,0.742,0.7426,5.79,2.88,0.7711,8.45,0.0663,22.31,0.1565,False,,19,6,0
0a72dac9-6bbf-43c6-bb30-43228133d795,Informal/Rural Worker,9787.73,0.5801,8,,,0.502,13.73,,,,,,,False,,12,2,1
d3a0e0ac-ce07-4018-91a1-a48359feaa44,Informal/Rural Worker,16322.33,0.6384,15,,,0.6322,8.9,1.92,0.6234,,,,,False,,22,3,0
cde37ff8-8753-4c40-9dbb-e94de5050be3,Gig Worker,46885.92,0.1754,26,,,,,3.65,0.8131,,,,,False,,27,2,0
a2e1e79b-e928-4ff2-9710-da85b7b42d30,Gig Worker,25874.94,0.3282,21,,,,,1.79,0.5491,,,,,False,,13,2,1
c8d79b38-c4b5-4f2a-b9bd-4cd072a02606,First-time Borrower,75420.41,0.1392,26,,,0.8508,0.17,,,,,,,True,766.0,27,2,0
9fb636be-7768-4770-9b5a-4c8bc79f0dd4,Gig Worker,42968.23,0.3117,23,,,0.7692,4.29,2.56,0.6602,7.95,0.1346,21.94,0.0879,False,,24,5,0
1e31adf1-9827-4848-bde0-39ed688727e9,First-time Borrower,48104.65,0.1555,16,,,0.5718,8.86,,,3.85,0.1995,,,True,492.0,19,3,0
1bd067d1-1b04-451f-b373-02274c3bac08,First-time Borrower,56964.93,0.2221,16,,,0.7882,13.47,,,,,,,True,592.0,8,2,0
9043e7e4-e556-40f4-9c9e-494e7d089d86,Gig Worker,26355.81,0.4448,19,,,,,1.77,0.4057,,,11.55,-0.1043,False,,12,3,0
74a1f091-b6d3-4f64-94f3-88f994b94ff1,First-time Borrower,65878.71,0.2169,17,,,0.7404,9.11,,,,,,,True,660.0,16,2,0
f027203b-37c6-458c-aeff-2233100f5416,Gig Worker,48800.03,0.3502,26,,,,,2.85,0.8906,,,23.72,0.2296,False,,31,3,0
2e4b18da-9441-40dd-9dd0-57036a4a2c8b,Gig Worker,36199.38,0.3301,24,,,,,2.19,0.7003,6.1,0.1915,19.29,0.056,False,,21,4,0
62709a2c-6ab0-4590-99ba-cb5366bbc288,First-time Borrower,68481.08,0.1439,20,,,0.748,6.73,2.14,0.7047,5.02,0.1224,,,False,,24,4,1
422500bd-edbb-4515-b7be-ff7a1b199e57,Informal/Rural Worker,14184.26,0.4815,14,,,0.5951,11.74,2.6,0.6636,,,,,True,621.0,15,3,0
5d2eb164-e399-4fee-83d3-32eb6cc6f6a6,Small Merchant,87369.52,0.502,20,190230.25,0.6396,0.4519,13.43,,,3.57,0.1614,15.39,-0.0922,False,,9,5,1
555b83c1-6e4d-4f62-bd33-01a265bb9c78,Informal/Rural Worker,25332.05,0.522,17,,,,,2.61,0.8089,,,,,False,,26,2,0
af610c57-e028-42ca-a4d1-dfdb14061e5a,Gig Worker,40685.64,0.3596,22,,,,,2.69,0.7911,,,21.96,0.1305,False,,18,3,0
a980ca40-356d-4766-9fb7-27f2506a79c5,Small Merchant,142510.45,0.237,26,298913.52,0.8721,0.9043,4.53,,,7.16,0.1026,,,False,,23,4,0
dd13ae42-2df6-4b9e-9e1d-f1d1bf09695b,Informal/Rural Worker,13896.36,0.4131,12,,,0.5689,13.28,1.43,0.5978,,,,,False,,13,3,0
89c309ea-f532-4aef-a1a5-fc39a8394a9a,Gig Worker,12787.68,0.6916,18,,,,,1.21,0.4227,,,11.36,-0.1425,False,,13,3,1
4bfebb3a-da0d-48ab-8208-1f14d0fb06a4,Gig Worker,26518.43,0.4155,18,,,0.6323,11.04,,,,,19.42,-0.0328,False,,15,3,0
f5876157-b0e6-4382-8fe6-1080145679fe,Gig Worker,33658.79,0.4875,23,,,,,1.74,0.5837,,,17.24,0.0357,False,,15,3,0
e85c0116-b673-4494-9dea-7525552a09a6,First-time Borrower,30302.88,0.3234,10,,,0.4465,14.95,,,,,,,True,478.0,11,2,0
d271126c-3832-462a-a37f-1d2eb4a3af1f,First-time Borrower,56955.79,0.2178,20,,,0.7772,7.72,2.45,0.6804,5.1,0.155,19.38,0.0549,True,588.0,22,5,0
d49c03c6-18c6-44e9-ad38-8c520adbcc61,Small Merchant,72355.34,0.4404,21,109667.58,0.518,0.5086,16.49,,,4.12,0.2239,,,False,,12,4,0
fee7dc0b-9c6b-4e2a-97d4-8e273ff397f2,Informal/Rural Worker,28885.13,0.2852,18,,,0.7804,5.54,3.23,0.9374,,,,,False,,25,3,0
754da74e-6c8a-4dc8-9c94-52259594cb2d,Gig Worker,33416.48,0.4163,20,,,,,1.86,0.6497,,,15.59,-0.0186,False,,14,3,0
355d2e37-ab6b-4831-8767-e334685de849,Gig Worker,31935.86,0.3333,23,,,,,2.71,0.8157,,,19.62,0.1377,False,,20,3,0
dae62e6b-22a2-412f-ad09-2a86a438585d,First-time Borrower,64902.37,0.1439,20,,,0.7422,7.57,,,,,,,False,,24,2,0
dcf7609f-8596-4294-a05f-cde88b89d29e,Informal/Rural Worker,9941.78,0.6082,12,,,0.5606,11.16,,,,,,,False,,20,2,0
9b6025b0-853b-40d6-bd9e-d63292b663df,First-time Borrower,32794.75,0.3213,17,,,0.5903,12.58,2.14,0.5666,,,,,True,509.0,8,3,1
e224fe72-0431-4da9-8f2c-c1baf3aff336,Gig Worker,34713.98,0.342,23,,,0.7446,2.36,2.93,0.8057,8.36,0.129,23.39,0.0295,False,,23,5,0
72011d8e-f5e6-4348-8cc7-5a2b376e80e1,Gig Worker,35338.5,0.4284,24,,,,,1.59,0.5242,,,17.96,0.0816,False,,24,3,0
ddd699c9-c645-4f2f-936d-5732a2c31d16,Gig Worker,32158.05,0.411,19,,,,,2.11,0.5585,,,13.95,-0.0909,False,,10,3,1
78cb2458-e69d-403d-9b32-d1bb20ed8d67,First-time Borrower,31617.2,0.2621,14,,,0.5158,16.12,,,2.78,0.1958,13.31,-0.0636,True,488.0,17,4,0
c9ab27f8-e548-468f-b0a8-efe358ba8618,Informal/Rural Worker,13628.39,0.6688,9,,,0.5684,16.42,,,,,,,False,,6,2,0
5ac445f8-e3e8-4753-b71a-9165ef8fce98,First-time Borrower,57105.81,0.2302,18,,,0.6363,6.86,2.97,0.7144,,,,,True,634.0,18,3,0
e8b8936f-2c2d-4e50-8fe5-b129a9e0586b,Small Merchant,140752.2,0.2932,26,289494.91,0.7657,0.7581,3.61,,,7.36,0.157,,,False,,24,4,0
b596fd78-c837-4621-ad66-cac76b84d12d,Informal/Rural Worker,9627.26,0.545,10,,,0.5922,16.15,1.34,0.4444,,,,,False,,12,3,0
4e06a511-4a00-4d52-8bdd-aa51afd28d4c,Informal/Rural Worker,26864.84,0.3845,22,,,0.958,0.65,3.62,0.8461,,,,,False,,26,3,0
be11f2ec-2c6a-4098-a225-bc2ebe8ca284,Small Merchant,124719.76,0.3666,21,284416.19,0.7533,0.7406,7.66,1.99,0.5796,5.56,0.1849,19.41,0.0707,False,,21,6,0
bc66104c-fa6f-42f3-9509-60efbd041196,Informal/Rural Worker,14659.08,0.4823,12,,,0.6598,11.02,1.97,0.5182,,,,,False,,16,3,0
49984458-f385-4d22-b8b9-b6d43a0c4306,First-time Borrower,50690.91,0.2355,16,,,0.5538,9.74,,,,,,,False,,17,2,0
c14d7f49-2459-438c-9884-cb4157fdd0b9,Informal/Rural Worker,24738.96,0.3439,15,,,0.6679,10.62,2.25,0.7528,,,,,False,,19,3,0
252ae52f-b791-45da-98f5-0a10988e6355,Small Merchant,86648.79,0.37,24,170318.9,0.763,0.5671,11.03,1.94,0.5935,5.1,0.1777,,,False,,21,5,1
4107556a-4520-45fc-9c6d-a2b6e1d162fd,Gig Worker,19455.63,0.4613,17,,,0.3844,20.41,1.62,0.3565,,,12.42,-0.057,False,,5,4,1
3b385e81-43ab-41f0-87df-4668bf523507,Gig Worker,27253.17,0.4804,22,,,0.515,17.1,1.85,0.5999,,,17.05,-0.0407,False,,16,4,1
a2f35534-2829-4460-a954-faaeab2bc335,Gig Worker,36572.74,0.5172,17,,,0.6327,12.38,1.6,0.6063,6.27,0.1515,13.18,-0.1273,False,,9,5,0
432fbb40-1d33-48a7-945b-3608fe0e30e2,Small Merchant,142918.19,0.2805,23,276088.34,0.7439,0.7497,8.98,,,6.32,0.1866,,,False,,16,4,0
d01becf6-83e9-4fce-bd0d-47f14902f129,Small Merchant,90409.38,0.3332,21,222337.73,0.6232,0.6915,6.33,,,3.45,0.16,16.13,0.0993,False,,10,5,0
a0cbe636-ae87-49dd-8723-143d7a312eb4,Informal/Rural Worker,10174.25,0.5594,7,,,0.4086,19.09,1.36,0.4498,,,,,False,,7,3,1
dba28194-1875-464b-bd2c-6b6d5a677a72,Gig Worker,33486.3,0.4306,21,,,,,2.35,0.6375,,,17.59,-0.0477,True,650.0,19,3,1
3d2346e3-1221-4e89-b0ec-496d473395ab,Small Merchant,57391.21,0.4166,23,161348.94,0.8118,0.5514,15.13,1.55,0.5948,4.25,0.2085,,,False,,13,5,1
27bfc522-abdf-4752-9e9a-f18b6f6e229e,First-time Borrower,53154.72,0.2038,20,,,0.7228,10.87,,,,,,,True,638.0,21,2,0
8809fe1c-9c3b-4e4f-b85b-7c724fbec000,Informal/Rural Worker,22585.95,0.5826,8,,,0.5338,13.07,1.43,0.6574,,,,,False,,12,3,1
0b90c893-4f6c-48d8-b0e3-01f2f1d726a5,Informal/Rural Worker,12380.22,0.5036,12,,,,,1.46,0.6318,,,,,False,,12,2,0
0a6a194b-af29-4cb5-93b4-40a69d55aa08,Gig Worker,45074.97,0.2896,23,,,,,2.58,0.8728,,,22.34,0.1052,False,,29,3,0
f6b40b00-9bdc-47ff-b503-17df14fd6a67,First-time Borrower,53555.35,0.2024,17,,,0.6921,9.22,2.2,0.618,,,,,False,,24,3,0
203c2d51-00c0-4617-bf8a-a63d2cfe8e17,Informal/Rural Worker,21563.07,0.4833,13,,,0.6626,9.28,2.12,0.6583,,,,,False,,18,3,1
667a3d1a-513a-43db-8513-06c9b8fa95ca,Informal/Rural Worker,26214.57,0.4392,18,,,0.6651,10.39,2.62,0.7144,,,,,False,,17,3,0
206f7b0e-a863-425e-87ff-2c9ed4b2c08d,Gig Worker,16903.48,0.4774,19,,,0.4651,17.88,1.36,0.4392,,,10.15,-0.108,False,,6,4,1
1db5c650-b489-4e68-8d51-0db64ed895d8,Small Merchant,151835.29,0.2421,28,346299.08,0.9281,0.8896,5.33,,,,,,,False,,24,3,0
29f83ef7-f88d-42b5-b39f-5d4621255ee8,Gig Worker,43677.72,0.2634,27,,,0.7882,2.66,3.45,0.839,,,26.16,0.1588,False,,17,4,0
4b9da59e-aa7e-45c3-8876-db5e602d868e,Small Merchant,160502.86,0.3511,25,377375.36,0.747,0.7796,6.07,2.8,0.9494,7.15,0.1204,,,True,656.0,24,5,1
d32d6a82-d9df-45bb-bfa0-5215809c948a,Small Merchant,109521.26,0.3308,25,248322.72,0.7693,0.6503,6.88,,,6.08,0.1275,19.46,0.0929,True,687.0,27,5,0
c2155134-fe99-4529-9209-53cba4645e8a,Informal/Rural Worker,17604.73,0.3702,11,,,0.7028,7.69,1.95,0.6724,,,,,False,,18,3,0
25cf4d58-be6b-48ab-9b25-4200d53d9de9,Informal/Rural Worker,17193.75,0.4051,14,,,0.6883,6.02,2.8,0.8412,,,,,True,700.0,22,3,0
4f482352-d9e4-481d-a946-70ab13bc24d9,First-time Borrower,64629.58,0.169,20,,,0.8413,6.7,,,,,,,True,682.0,20,2,0
b604baf8-e937-48c0-947c-a7da48253a50,Small Merchant,137801.67,0.3187,23,296434.96,0.646,0.6697,9.36,,,6.53,0.168,,,False,,19,4,0
def2c1c1-14ca-4c02-82aa-e7ed251e3dcd,First-time Borrower,66495.0,0.1778,20,,,0.6997,7.87,,,,,,,True,647.0,22,2,0
8f59d0a8-4f27-41ee-bcc1-e884dd867552,Informal/Rural Worker,18320.98,0.5138,11,,,0.6116,14.01,2.03,0.6684,,,,,False,,21,3,0
2dcd228a-376a-450e-a06e-b9f1a83cf281,Small Merchant,106117.57,0.3214,23,260925.7,0.7221,0.6284,4.08,2.78,0.617,5.27,0.1419,,,True,671.0,22,5,1
fbfe8b00-b0a3-489a-8d76-0284301016fd,First-time Borrower,83394.93,0.1436,23,,,0.9467,2.26,,,,,,,True,689.0,31,2,1
e053e2c4-bb67-4f46-b686-c1099edb5470,Gig Worker,42277.27,0.3448,25,,,,,3.12,0.824,,,25.72,0.0701,False,,19,3,0
1eefbbd2-7acf-4bba-b9ab-0ed80ad5a7d4,Small Merchant,99322.05,0.367,25,169232.88,0.635,0.6331,11.1,,,2.71,0.2002,,,True,505.0,12,4,1
741e0a86-6643-4ece-94fa-2ad4442d8e1a,First-time Borrower,30772.92,0.2243,15,,,0.5125,13.07,1.07,0.55,,,,,True,523.0,12,3,0
d3b58324-e3ac-4d3c-b3a6-6cf10a0989db,Gig Worker,48592.13,0.2556,27,,,,,2.92,0.896,,,19.81,0.1196,False,,20,3,0
050f810c-07f6-4ded-bf4e-89094de39dc4,Gig Worker,22943.01,0.4634,21,,,,,1.74,0.5422,,,16.8,-0.0405,True,483.0,14,3,0
ac462686-7834-48a4-a3e2-38bcf24cc5de,First-time Borrower,69348.97,0.1785,22,,,0.8612,2.17,,,,,,,True,727.0,30,2,0
1cd636b3-4add-418a-8aaa-da8cf0465bf7,Informal/Rural Worker,19364.56,0.5872,14,,,0.6135,9.96,2.36,0.7654,,,,,False,,17,3,0
785a9bc8-e2aa-499f-b255-939b7327074c,Small Merchant,69121.99,0.408,18,149875.72,0.6078,0.5612,12.38,1.18,0.4468,2.78,0.2733,15.25,-0.0144,False,,10,6,1
fabea6d9-3b66-42b7-9270-a41dc24969cc,Informal/Rural Worker,24806.74,0.3804,15,,,0.7602,7.76,2.52,0.7028,,,,,False,,22,3,0
b5a33efb-1162-48b9-8344-77e1249bc8c7,Small Merchant,137935.65,0.3956,26,338943.77,0.7397,0.5257,6.64,,,6.12,0.166,,,False,,22,4,0
677e30e5-afbb-4595-856d-155db156a477,Informal/Rural Worker,29024.83,0.5943,15,,,0.5488,6.41,1.93,0.7028,,,,,False,,18,3,0
94c965f2-4376-4bb2-bf7d-392479533f63,Small Merchant,148686.65,0.3493,23,311844.78,0.8277,0.7946,5.69,,,7.28,0.1083,,,True,639.0,25,4,0
367df013-9c22-48e6-814e-1266b7be9512,Informal/Rural Worker,9664.46,0.7165,8,,,,,1.24,0.3857,,,,,False,,5,2,1
bd90deee-df1f-40d9-bd10-c6f7fdad2f5a,Small Merchant,127680.6,0.2502,26,263913.9,0.6946,0.7839,4.81,,,7.29,0.1014,,,False,,26,4,0
8cca577e-f1af-4581-a1df-7dc0e70f97d3,First-time Borrower,53397.7,0.1646,17,,,0.7808,6.51,,,,,,,True,667.0,18,2,0
04f4c989-775e-4c8a-a56a-0b1d9057dd2f,First-time Borrower,57000.81,0.1869,18,,,0.7044,8.79,2.49,0.7751,,,21.48,-0.0226,False,,20,4,1
71f533a7-a184-4974-b804-992519cff71a,First-time Borrower,57197.43,0.219,21,,,0.736,9.37,,,6.16,0.1177,,,True,640.0,21,3,0
fde0fca7-9437-4be4-89a4-8d3d0248128b,Informal/Rural Worker,19835.74,0.5044,13,,,0.7099,9.01,2.08,0.5739,,,,,False,,12,3,1
c3976943-fdcd-44d1-9919-c8acb3a74858,Small Merchant,76568.96,0.374,20,162901.3,0.6706,0.6083,11.92,,,4.58,0.1262,,,True,503.0,20,4,0
f3530677-99c5-4188-aa71-8ad4ef1b967c,Small Merchant,92578.38,0.3713,22,164207.98,0.7042,0.5372,14.23,,,,,,,True,531.0,11,3,1
698226ae-0d91-4878-b21a-854ba6addc9c,Gig Worker,30727.03,0.4132,22,,,,,,,,,20.89,0.0179,False,,22,2,0
4e1df1c6-0bae-4afa-86b1-8e10a4bb14fa,Small Merchant,102850.09,0.4694,22,182334.21,0.6905,0.6397,12.64,,,,,,,False,,17,3,1
c1b71dbc-f941-4f46-abf8-a86248a35dad,Small Merchant,37431.33,0.3293,19,157114.54,0.5419,0.5276,17.94,1.36,0.4266,1.43,0.243,,,False,,13,5,0
d829574d-4292-4e56-b421-cd85300cecb2,First-time Borrower,36235.99,0.2394,14,,,0.5016,10.83,,,3.37,0.2264,,,True,502.0,12,3,1
e3f638e8-f642-46d9-a25c-ba41333d0931,Small Merchant,54030.84,0.4576,20,154277.7,0.5883,0.5789,13.88,,,4.28,0.2241,,,False,,12,4,1
d6c7d7ff-59d9-41f0-b4b8-c096753887b2,First-time Borrower,80915.18,0.1778,26,,,,,3.42,1.0,,,,,True,782.0,33,2,0
9e6a8a40-308d-4d9e-802f-ecb0794a4f4c,First-time Borrower,61711.25,0.1935,19,,,0.6905,7.3,2.68,0.7493,9.05,0.1328,,,True,584.0,25,4,0
42a142bc-067c-4560-ae91-1188a22aa40b,Small Merchant,146146.65,0.2271,25,313673.91,0.7728,0.7694,7.27,,,6.73,0.1711,,,True,657.0,19,4,0
f10c6e21-e46f-47a1-84dc-aad052df3991,First-time Borrower,58593.84,0.1416,23,,,0.8219,5.32,,,,,,,False,,21,2,0
14046ccf-cab2-43cd-9a20-e6c39b6d7cd3,Small Merchant,135250.33,0.2261,24,344672.5,0.8795,0.6068,4.59,2.68,0.6854,9.21,0.118,,,False,,21,5,0
ea0076c1-a1fb-42d4-a993-9e61ad27dc64,First-time Borrower,31767.27,0.3092,15,,,0.5545,16.16,1.32,0.4259,1.73,0.1892,14.03,-0.1297,True,493.0,10,5,1
4d77237e-f38b-4289-ae7f-55a922a1b08b,Gig Worker,32714.78,0.3063,19,,,,,2.02,0.5887,,,17.46,-0.1063,False,,15,3,0
9a066b2a-72d0-4e64-858b-ae9accc59807,First-time Borrower,65825.12,0.1356,18,,,0.7208,9.32,,,,,,,True,658.0,18,2,0
9bf4351c-62c3-47ef-912d-0bd9bb79c894,Small Merchant,86518.16,0.3499,21,227390.82,0.5523,0.6459,12.11,,,5.92,0.1711,,,True,528.0,17,4,1
19fcac1e-a73c-4741-b6f8-bcc57f3cf8ba,Small Merchant,73840.6,0.4915,20,187995.34,0.5931,0.5996,16.28,1.83,0.6491,5.38,0.1759,,,False,,16,5,0
60eed438-221c-4710-9b6b-a9edd066ecb8,Informal/Rural Worker,12249.87,0.4895,9,,,0.4764,17.38,1.62,0.5362,,,,,False,,8,3,1
004070a8-d995-40df-a97b-5f6e3bc8a61b,First-time Borrower,84102.1,0.1968,24,,,0.8104,6.47,,,,,24.76,0.1985,True,696.0,23,3,0
b1ab2b0b-2849-41fa-a98e-6f9be4f0bcbd,Small Merchant,152224.54,0.3076,24,314252.81,0.7673,0.7361,10.55,3.0,0.6761,6.45,0.2278,,,False,,23,5,1
7607c760-5d16-441c-bc26-5dcc23bba6cb,Small Merchant,74239.53,0.5096,20,136580.07,0.5986,0.5127,12.04,1.32,0.4316,2.08,0.2328,,,False,,8,5,0
e1b2efca-91a4-4984-8567-e1af476d6550,First-time Borrower,51123.04,0.2082,23,,,0.6418,7.39,,,5.6,0.1276,,,True,697.0,21,3,0
2aff8f44-161e-4708-a6e3-462cb60c5c6f,Informal/Rural Worker,21712.34,0.4174,15,,,0.6246,13.05,2.17,0.5653,,,,,False,,21,3,0
cc453f7f-1e08-4672-bd61-cd73b8fda737,Small Merchant,167629.91,0.2749,23,259399.36,0.6618,0.6675,5.96,3.01,0.7626,,,20.69,0.0658,False,,17,5,0
3c1d46ac-a93d-4571-bb82-66882948b596,Small Merchant,182323.57,0.195,29,421985.53,0.8585,0.9625,2.41,,,9.95,0.0686,26.99,0.1861,True,837.0,32,5,0
a3eab37e-53ce-428d-b25f-157b3da3e560,First-time Borrower,37360.47,0.2342,15,,,0.5051,12.98,,,4.24,0.1643,,,True,514.0,8,3,0
cc301681-840d-43ae-ac04-46dfeb73ae18,Informal/Rural Worker,25286.6,0.4867,14,,,0.7795,10.12,2.36,0.6595,,,,,False,,20,3,0
e414be2b-4f60-471f-989d-cd0419a6a5d3,Small Merchant,102538.33,0.3928,24,236784.28,0.825,0.6657,9.28,1.79,0.5573,,,,,False,,20,4,0
f342cb38-c6aa-414a-a8cb-6e4fd641d0dc,Informal/Rural Worker,17341.12,0.5769,9,,,0.6111,11.53,2.08,0.6226,,,,,False,,15,3,0
266dc79c-4bfe-4e1a-95b6-b6d7c0b056fc,Informal/Rural Worker,15412.59,0.6868,10,,,,,1.47,0.6007,,,,,False,,10,2,0
c1d38ab6-e229-4b7b-8537-90ff2c35f20a,Gig Worker,27897.72,0.3584,25,,,,,2.22,0.717,5.79,0.1787,20.39,0.0415,False,,19,4,1
46742e00-7468-42c7-a0b0-ab30c003de0e,Informal/Rural Worker,15596.31,0.4184,7,,,0.6194,13.88,2.36,0.597,,,,,True,555.0,9,3,0
b5ce4b16-8cd3-4d73-b511-e1a96434ac71,Informal/Rural Worker,16919.86,0.4349,15,,,0.7088,9.89,2.49,0.6655,,,,,False,,19,3,0
eaa34d6d-3c11-4525-a73e-b14f17ade0f1,Small Merchant,72401.05,0.4486,19,225426.6,0.7189,0.5632,12.23,,,4.95,0.2193,,,False,,16,4,0
de3e0a50-80de-4f57-a724-9ae4b6556110,Informal/Rural Worker,32348.83,0.2723,20,,,0.9504,4.19,3.28,0.891,,,,,False,,23,3,0
48895413-c8e7-46e5-9b07-3b508adf033d,Gig Worker,45927.06,0.3613,23,,,0.7019,8.01,2.92,0.7806,6.19,0.1028,24.16,-0.0134,False,,22,5,0
74cef87f-545e-4d09-94b3-5d692c700103,Small Merchant,153243.86,0.3533,23,333691.11,0.7393,0.7925,5.17,,,6.35,0.1035,,,False,,24,4,0
a49901b0-41d8-4bda-ad57-849b32ee792e,Small Merchant,160387.05,0.2458,25,289415.3,0.8968,0.8564,6.88,,,5.04,0.1487,,,False,,17,4,0
fcb5ebcc-a6ae-4fa9-9538-1bd8c86a80e9,Informal/Rural Worker,22076.95,0.4766,13,,,0.6754,7.95,2.41,0.6849,,,,,False,,23,3,0
3d706266-bca2-40f9-9ae0-b6dd478e1996,Small Merchant,200500.72,0.2453,27,,,0.8742,0.03,,,9.46,0.1128,,,False,,33,3,0
99b7d5a1-0280-4873-8499-41dc0bb3ad0d,Small Merchant,149052.49,0.3595,26,317122.88,0.713,,,,,6.38,0.1958,,,False,,27,3,0
17a22277-ba58-4519-8d92-8b06df15daf0,First-time Borrower,57323.97,0.3077,18,,,0.6268,10.06,2.22,0.7028,4.23,0.2485,,,True,606.0,15,4,0
c8f470a8-3ca1-4a75-b937-4cf7c1ad7817,Gig Worker,35120.6,0.4032,23,,,,,2.19,0.6202,,,20.01,0.0149,False,,12,3,0
f82f27ee-ea9d-487c-9315-ec26d62e824b,Small Merchant,172501.15,0.2252,28,404537.56,0.9756,0.9006,5.22,,,8.37,0.0806,,,False,,28,4,0
923a537d-acbc-4bce-983f-70df3247d420,First-time Borrower,42756.57,0.3079,14,,,0.6494,12.39,,,4.34,0.209,,,True,517.0,13,3,0
73cba16a-f667-4968-ba58-a684d0dd878e,First-time Borrower,27416.34,0.3079,12,,,0.4717,14.33,,,,,,,True,505.0,5,2,1
76a162ff-485b-4c44-a07d-8e7b83e36846,First-time Borrower,43987.66,0.1945,19,,,0.6616,8.84,,,,,,,True,542.0,20,2,0
d4b5a530-6ff3-4265-9d80-e6092069ddc7,First-time Borrower,79546.68,0.1109,25,,,0.8609,5.29,,,8.36,0.0934,25.0,0.1332,True,806.0,22,4,0
d01d1c76-aa14-4d71-911b-bd83cdce1385,Small Merchant,159823.88,0.3535,26,329482.3,0.8803,0.8295,3.66,2.84,0.895,9.76,0.1345,,,False,,25,5,0
4ac480eb-cee1-4795-86b4-bfcaf55845d2,Small Merchant,166382.73,0.2943,23,318451.15,0.8213,0.84,6.62,,,8.79,0.1329,,,False,,27,4,0
e3f51710-113e-4fcd-96b9-1ad18936eea2,Informal/Rural Worker,14761.55,0.5263,11,,,0.5249,13.73,1.41,0.5145,,,,,False,,10,3,0
dce5cc11-008d-4802-a9bb-980374d242b3,Gig Worker,26317.62,0.5021,19,,,,,1.34,0.624,,,13.38,-0.0339,False,,15,3,1
0f96058c-b2d6-4d5d-886f-a087f2308373,Gig Worker,23914.21,0.542,19,,,,,2.08,0.4899,3.81,0.2336,19.75,0.0925,False,,21,4,0
55790251-2e9a-46c3-ac03-e775dd0cd38b,Gig Worker,39465.19,0.3568,25,,,,,2.7,0.7342,,,24.71,0.1989,False,,22,3,0
9d809deb-5b91-43e8-afc8-27ad8cd261e7,First-time Borrower,62492.99,0.147,23,,,0.7256,5.36,,,5.24,0.1433,21.36,0.038,True,690.0,25,4,0
af4aa857-f01b-4e5e-aa74-17efb0e985e3,Small Merchant,21933.15,0.3778,21,132894.8,0.5035,0.4003,15.38,,,2.49,0.2301,,,False,,8,4,0
9798b829-153a-4401-89eb-d82c62010fc2,Small Merchant,120686.0,0.348,23,265065.11,0.7432,0.6824,8.15,2.59,0.7219,7.41,0.2123,,,False,,19,5,0
d62aa63b-3de3-48fc-9287-843b8d6f802b,Small Merchant,192671.57,0.2141,30,367709.71,0.9523,0.8615,6.55,,,8.29,0.0779,,,False,,29,4,0
bb862c12-1d1c-41f3-8aee-454f05dfa4d2,Small Merchant,209396.58,0.1438,27,423851.88,0.8589,0.8188,1.27,3.25,0.8832,8.2,0.0714,,,True,852.0,30,5,0
6e80748c-5318-4f28-9e3d-0839d12a8515,Informal/Rural Worker,16438.86,0.4283,14,,,0.7015,12.11,2.27,0.6818,,,,,False,,19,3,0
61da591b-6104-49ce-8908-85a66f29dc28,Small Merchant,60707.21,0.3863,24,128326.76,0.6288,0.6403,10.98,,,2.61,0.1976,,,False,,14,4,0
0d59846b-8d72-473a-a749-41a729794f21,First-time Borrower,40145.08,0.2592,15,,,0.6157,10.72,,,,,,,True,560.0,17,2,0
c46b7f3f-5e33-47ab-aefe-8ec1fb76a6f7,Gig Worker,38600.19,0.443,20,,,0.6125,8.08,2.24,0.6796,,,16.46,-0.0643,False,,19,4,0
27b607f9-d621-44b6-934c-e042ede4b0d3,First-time Borrower,86654.06,0.0825,29,,,0.9562,2.7,3.59,0.998,8.29,0.0998,,,True,757.0,32,4,0
f796ada3-6339-43f6-88df-dac34cbf38ce,Gig Worker,18852.87,0.4423,20,,,,,2.0,0.4977,,,15.75,0.0269,False,,11,3,0
ac18148b-7506-46ce-a5f6-874aa215fa15,Informal/Rural Worker,31520.13,0.4664,18,,,0.8331,4.43,2.97,0.812,,,,,False,,28,3,0
ceade436-2f99-4b91-9316-87a58c17fb7e,Gig Worker,28935.99,0.4239,22,,,,,2.44,0.5828,,,14.14,0.1398,False,,15,3,0
6345da7a-d260-4732-8f7d-58d66972623b,Small Merchant,116424.39,0.2675,25,255433.89,0.6617,0.7432,8.12,,,3.88,0.1078,,,True,607.0,20,4,0
fee5df16-f7d3-4126-8989-6008b4a520ff,Small Merchant,150781.68,0.3079,24,242291.51,0.8832,0.7649,10.4,2.53,0.5903,7.39,0.1347,16.88,0.0204,True,616.0,22,6,1
970af05e-0fd8-42cb-a0c9-6f79046ddfea,Small Merchant,238467.48,0.1651,27,454604.39,0.9077,0.9085,1.57,,,8.95,0.0898,,,True,805.0,33,4,0
38b4baa3-e42c-4a3e-9157-321dbec8d02b,Gig Worker,46758.93,0.3152,24,,,,,2.65,0.7065,,,21.54,0.0616,False,,16,3,0
5acb5896-57e2-4d07-bd0f-23d0b3175949,Informal/Rural Worker,9972.57,0.5681,6,,,0.5848,14.46,1.46,0.5707,,,,,False,,13,3,0
b83cd8e8-6035-4e1e-96b2-56e6c2bef6df,Gig Worker,31173.39,0.3947,27,,,,,2.4,0.7414,,,21.42,0.0136,True,702.0,20,3,0
d079ba84-a990-4d7a-9c0d-35e6ddbfb5d0,Informal/Rural Worker,22497.85,0.5638,12,,,0.69,7.94,,,,,,,False,,17,2,0
74d5a089-db15-4955-a29e-c712e358f4ed,Gig Worker,32096.57,0.4504,19,,,,,2.08,0.6714,,,14.14,-0.1487,False,,14,3,0
f48f42f9-8d96-47df-a5ba-aa007834df6d,Gig Worker,30442.92,0.4783,24,,,,,1.76,0.5865,,,15.9,-0.0792,False,,15,3,0
96bc2949-daeb-4b6e-a392-df0b00b0818a,Small Merchant,119044.11,0.2269,25,270580.48,0.737,0.7667,5.53,2.59,0.6463,5.95,0.1716,,,False,,22,5,0
1bd22d8b-b582-433f-bc3b-43910dee7e8b,First-time Borrower,78992.8,0.215,25,,,0.8276,1.29,2.89,0.8047,8.66,0.139,,,False,,26,4,1
0e6d4fa3-9924-4d3b-baa3-ee23c2a20c53,Small Merchant,81580.18,0.381,22,,,0.6432,12.63,,,4.15,0.2076,,,True,544.0,7,3,1
fcdb7504-1ce2-47b2-9bbd-034465c87b51,Gig Worker,34704.65,0.5043,19,,,,,2.65,0.6146,,,15.11,-0.0732,False,,17,3,0
3ed72e0d-62c8-4f86-886b-080986637b79,First-time Borrower,75827.75,0.1113,21,,,0.8629,6.11,,,,,,,True,720.0,22,2,0
c1329243-18f7-4ba1-8aa9-b3ffbdf05890,Informal/Rural Worker,28829.42,0.4819,18,,,0.9256,6.43,3.08,0.8745,,,,,False,,21,3,0
73fbaacd-5ed5-4732-92ae-9b5cf66defd0,Informal/Rural Worker,29963.35,0.4159,20,,,,,3.12,0.8507,,,,,False,,33,2,0
3eb94760-99f2-44ec-a275-0aeed7d80dbf,Small Merchant,78944.93,0.3516,24,187916.78,0.6005,0.5382,16.09,,,2.86,0.1922,,,False,,19,4,0
ac7077a9-b01c-4a57-b18c-43d6828afefc,Informal/Rural Worker,23890.94,0.4687,17,,,0.8415,4.66,2.64,0.7836,,,,,False,,24,3,0
fccb4cdd-bbba-4f58-bfa6-562b747c18ea,Gig Worker,53019.92,0.3647,24,,,,,2.77,0.7318,8.63,0.102,24.41,0.2029,False,,20,4,1
27a61f04-ddb0-45cc-ac6f-ac441ab9dfc4,Small Merchant,97635.92,0.3011,23,249219.87,0.7018,0.6875,8.1,,,4.44,0.1995,18.69,0.0695,False,,15,5,0
a3472b98-f81c-4b1d-ba3c-96e8f46888ef,First-time Borrower,82629.85,0.1871,24,,,0.8246,2.01,,,7.02,0.1126,,,False,,24,3,0
e74e014f-5d24-4628-8306-a2d9ae380470,Gig Worker,42014.6,0.3952,24,,,0.704,8.94,2.71,0.7028,,,19.05,0.0248,True,642.0,23,4,0
1b2e85a9-360d-49d3-822c-8ea708ef8a79,Informal/Rural Worker,12849.0,0.5788,11,,,0.5805,14.53,1.51,0.5739,,,,,False,,11,3,1
627a5eb7-9c03-4015-b7d6-f382afd3eb9a,Small Merchant,184524.08,0.2168,29,398130.51,0.8583,0.9342,3.58,,,8.69,0.1086,24.88,0.121,False,,31,5,0
3fbf70ac-1dfc-4f38-b42c-14cb00d94854,First-time Borrower,32373.82,0.2708,13,,,0.5451,18.3,1.72,0.5012,3.88,0.2274,,,False,,11,4,0
03f3e196-9ab5-40b4-a261-0a0a1e404cf4,Gig Worker,40269.57,0.3838,25,,,,,3.07,0.7239,,,20.54,0.0925,False,,22,3,0
a165b682-fc72-4c02-8b6f-d398834c5a42,First-time Borrower,81673.81,0.2167,26,,,0.8905,4.25,,,,,,,False,,25,2,0
d04e17e0-3266-462a-bf96-5601cca3ceb9,First-time Borrower,47379.26,0.2219,20,,,0.6648,10.88,2.35,0.5554,,,,,True,581.0,18,3,0
c4386f0c-a858-4932-824b-315eb46725df,Gig Worker,32299.41,0.4856,20,,,0.5899,15.4,1.67,0.6914,4.24,0.1943,18.55,-0.0294,False,,14,5,1
99438fcd-db34-4a99-a793-fc7b9403f0ab,Small Merchant,106883.71,0.4451,23,234502.12,0.6371,0.6037,8.62,1.85,0.6057,4.0,0.1361,18.95,0.0366,False,,14,6,0
8827254e-9b74-40e2-af2f-79b18d71bb95,Gig Worker,51820.28,0.2361,26,,,,,3.09,0.9371,,,28.5,0.2421,False,,28,3,0
5fe41d81-2e89-41a1-9f26-df92deba00af,Informal/Rural Worker,13681.21,0.5586,8,,,,,2.37,0.5573,,,,,True,518.0,18,2,0
b43ca76d-92c2-4e4c-b717-9db97959354e,First-time Borrower,70025.72,0.162,24,,,0.7405,8.68,2.27,0.7824,5.67,0.1446,,,False,,22,4,0
5255fd03-a523-4212-9f1d-6e00273fd785,Small Merchant,134437.51,0.2688,27,343375.05,0.8363,0.7539,6.88,2.29,0.7029,7.29,0.1134,,,False,,25,5,0
fcf2cdae-3a5e-4049-b312-d30685ed64a4,Informal/Rural Worker,20282.78,0.4345,13,,,0.6763,10.84,2.01,0.6206,,,,,False,,21,3,0
6dfc5156-f653-44cc-b8cd-c75dc32961a6,Informal/Rural Worker,16063.31,0.5312,8,,,0.6005,10.25,2.32,0.5006,,,,,False,,19,3,0
02ab229d-53b7-4b48-83ed-bdc5ad8ff2d0,Small Merchant,189487.82,0.232,26,392770.12,0.7993,0.9618,3.71,,,10.12,0.0881,,,False,,29,4,0
3efa62d2-08a9-4251-a436-b8479af7144a,First-time Borrower,79867.67,0.2162,28,,,0.8771,3.09,3.4,0.9583,,,,,True,818.0,33,3,0
49df8c29-2147-4fe1-b8b8-15fbac4d80d3,First-time Borrower,59993.73,0.1744,23,,,0.8213,9.73,2.36,0.6653,6.67,0.123,,,True,719.0,21,4,0
1def320b-b18c-4af1-9526-56d075fa6311,Gig Worker,37779.68,0.2869,23,,,,,2.63,0.7033,,,24.73,0.0612,False,,25,3,0
a7fd2605-a28a-4e40-9d9e-307c1c18265a,Small Merchant,109689.7,0.3392,25,240912.66,0.6729,0.7251,12.47,,,4.83,0.1972,17.19,0.0136,False,,19,5,1
e4df38a4-db13-4eb1-ab99-4b7abf39f960,Informal/Rural Worker,4000.0,0.5962,11,,,0.3822,18.75,0.95,0.3596,,,,,False,,7,3,1
24919090-0c20-421a-875d-7e06382839cb,Informal/Rural Worker,4000.0,0.5079,8,,,0.5516,11.93,1.86,0.4225,,,,,False,,8,3,1
4a2d7b27-6855-47fb-bee3-a48d5abb0887,Informal/Rural Worker,29631.47,0.2113,19,,,0.8791,5.9,3.06,0.8416,,,,,False,,26,3,0
d8bce4d3-8509-4a35-bb8a-658c09116b77,Gig Worker,33468.34,0.4476,22,,,0.695,7.35,2.65,0.6985,5.7,0.1835,19.71,-0.0112,False,,21,5,0
6719de7f-ee09-40ec-a27d-f9fc51ade467,Small Merchant,170405.39,0.203,26,447011.59,0.8855,0.8531,2.32,3.07,0.8649,8.82,0.0896,23.5,0.1947,False,,32,6,0
ee7fcb63-0db5-4e44-8dcd-ae62ac839c6e,Gig Worker,50658.12,0.309,29,,,,,3.15,0.8867,,,27.24,0.1657,False,,27,3,0
00fef212-2b58-473b-bf81-7ec806d862b7,Informal/Rural Worker,25004.13,0.335,15,,,0.7179,5.67,2.31,0.712,,,,,False,,20,3,0
460e5611-5349-4be4-9817-db227e197e29,Informal/Rural Worker,17095.95,0.457,9,,,0.5849,11.22,,,,,,,False,,8,2,1
4eab870e-5508-4727-8519-4031eb8e58e4,Gig Worker,18553.83,0.4829,21,,,0.5406,14.41,1.44,0.4068,4.19,0.2001,13.4,-0.1516,False,,8,5,0
56365b70-6239-4631-8f66-c00acdbd273f,Gig Worker,45215.44,0.4907,24,,,,,1.98,0.7324,8.58,0.1444,22.5,0.0939,False,,22,4,0
05405469-0bd8-4770-8a5b-267b60053833,First-time Borrower,56534.73,0.237,18,,,0.5635,11.07,2.1,0.5064,,,,,False,,17,3,0
5a3f5d1c-f6cd-467c-be65-1d0e572f21e4,Small Merchant,123756.72,0.3774,23,240101.76,0.6273,0.6599,8.87,,,5.75,0.2027,,,False,,19,4,0
4e1f7c50-7dfa-46a7-8b68-89a637b9d209,First-time Borrower,51854.8,0.2263,16,,,0.5364,14.68,,,3.26,0.2298,,,True,568.0,15,3,0
e7b76d9b-74c9-42a1-ab9c-6920f163ac94,Gig Worker,49238.09,0.2554,23,,,,,3.12,0.8895,,,23.63,0.2227,False,,30,3,0
1c8d8717-55d4-4176-ade0-d72f7356b553,Small Merchant,114224.59,0.2941,24,315214.64,0.7519,0.7309,5.41,2.07,0.6819,7.27,0.1957,,,False,,20,5,0
48f1d5df-bea1-4ee5-bd62-81eeea56aef5,Informal/Rural Worker,19975.38,0.4372,12,,,0.6445,6.48,1.49,0.6353,,,,,False,,15,3,0
a4218885-2e99-4adc-8553-fbe6c564c846,Informal/Rural Worker,12805.36,0.4322,14,,,0.6802,11.13,1.43,0.642,,,,,False,,18,3,0
aa71a321-2ead-4565-ac5c-40a889b35a1e,First-time Borrower,49758.89,0.2227,19,,,0.7534,9.83,,,,,,,True,579.0,15,2,0
0efc14a6-6c33-4d53-9a38-0773509faa61,Small Merchant,114822.16,0.2591,23,273629.09,0.6912,,,2.2,0.6077,5.0,0.1594,,,True,610.0,23,4,0
b0f7dfbc-6840-4254-8915-9979ba8fc5a1,First-time Borrower,71237.83,0.174,22,,,0.8393,3.04,3.12,0.95,8.24,0.136,,,True,744.0,28,4,0
8b9741db-01c9-4775-a423-c72245b5598f,Gig Worker,33792.66,0.3682,22,,,,,2.14,0.6738,,,20.9,0.0362,False,,17,3,0
b9e16e04-ea4b-4ea9-a375-cc608d1771a5,Small Merchant,110674.56,0.3767,24,236392.16,0.7055,0.7178,8.93,,,3.84,0.1725,,,False,,17,4,0
109eec20-8030-437f-8779-db2d3021a28d,Gig Worker,18077.66,0.4418,17,,,,,1.73,0.5738,,,13.89,-0.0797,False,,10,3,1
a493390c-7610-4e85-b40c-3c6ed21e5220,Gig Worker,25324.61,0.4357,18,,,,,1.67,0.4735,,,12.62,-0.0329,False,,6,3,0
1661bbbc-036b-43d6-bcf7-818edf753c85,Small Merchant,144597.76,0.378,25,316989.63,0.8247,0.7183,4.72,,,6.48,0.1887,,,False,,18,4,0
0eb04f5b-7e8f-4e46-8957-ff02fd11ab7a,First-time Borrower,84503.3,0.0786,24,,,0.8528,0.04,,,8.84,0.0533,,,True,799.0,26,3,0
b9015282-11e0-4b07-9089-e453d037ab8f,First-time Borrower,60914.87,0.1228,20,,,0.8011,4.87,3.14,0.6778,,,22.72,0.1647,True,670.0,27,4,0
03d5263d-0ae2-4397-b67a-98734ac90eee,Informal/Rural Worker,24025.47,0.413,15,,,0.7893,1.69,3.06,0.8713,,,,,False,,28,3,0
9086892b-6c54-4809-a27b-55525849e2cc,First-time Borrower,56688.66,0.2797,19,,,0.6484,7.54,,,5.56,0.0891,20.56,0.1419,True,719.0,19,4,0
60db19ed-3144-4ba1-9de0-609c90a362b9,Informal/Rural Worker,15086.37,0.5478,9,,,0.4866,13.61,1.02,0.5522,,,,,False,,15,3,0
e07460fd-1b9c-49f1-89c9-bca05653095a,Informal/Rural Worker,21909.77,0.5334,12,,,0.7175,9.48,2.18,0.6193,,,,,False,,16,3,0
c976d318-7a33-4a2a-82f5-72aaf7fa2512,Small Merchant,143340.28,0.345,23,237538.93,0.8405,0.5464,12.24,,,6.43,0.2152,,,True,598.0,18,4,0
d0c8a9dd-fbb3-477a-bc23-a7e923837adc,First-time Borrower,87447.33,0.0859,24,,,0.982,7.42,3.32,0.9085,9.19,0.0944,,,True,749.0,30,4,0
fa54f58d-4df5-496d-bdb9-c01eca49bdf6,Small Merchant,115040.73,0.3251,25,247376.93,0.6254,0.6231,10.5,,,5.24,0.1523,,,True,612.0,10,4,0
9607a0a4-395f-436a-a202-9a248f49e1da,Informal/Rural Worker,20681.89,0.3833,16,,,,,2.61,0.8058,,,,,False,,23,2,0
4766580e-d722-42ab-9686-33367968d1a1,Small Merchant,149522.65,0.3694,24,269699.3,0.6639,0.8344,8.91,2.15,0.72,5.32,0.1509,,,False,,19,5,0
142bd718-9573-4ecd-a1d9-05727808076f,Informal/Rural Worker,8680.26,0.6161,10,,,,,1.36,0.5406,,,,,False,,10,2,1
9755a4f1-9775-442f-86b2-0fa9d2fdc791,Small Merchant,106904.18,0.3177,25,251218.5,0.6149,0.6051,11.57,,,4.91,0.1564,,,False,,15,4,1
192dc9b1-9419-4fa7-b30f-b9cd6899575a,Small Merchant,141519.75,0.3278,23,179536.69,0.7239,0.5514,15.22,,,,,,,False,,18,3,0
3e633e3d-8df8-4aad-aada-89925567a1e9,Gig Worker,43685.03,0.3729,26,,,0.8421,6.38,2.71,0.7627,,,19.46,0.1852,False,,23,4,0
5bf482b6-f878-483c-85ba-d64d6cd40ab1,Informal/Rural Worker,18581.63,0.4618,10,,,0.7032,12.87,2.87,0.6084,,,,,False,,21,3,0
4ca93763-12d9-48ec-aefd-8ab33d7dfc5e,First-time Borrower,75185.99,0.1476,20,,,0.7864,8.85,2.96,0.9009,5.88,0.1542,,,True,721.0,24,4,0
675ef7ce-b948-43b1-b806-945cae7e9c6c,First-time Borrower,43078.23,0.2691,17,,,0.8224,10.08,,,,,,,False,,18,2,0
19262da0-8ac9-403f-9d1d-10aabb8e0f55,Informal/Rural Worker,15001.58,0.6152,12,,,0.5882,10.92,2.19,0.4769,,,,,False,,12,3,1
72b9caed-b872-4792-af27-97c9a22fe38c,Informal/Rural Worker,24373.07,0.2354,15,,,0.7994,5.69,2.33,0.7914,,,,,False,,22,3,0
1d7fcc31-3522-4aab-b47f-2aa0f121fa25,Informal/Rural Worker,25379.68,0.5098,13,,,0.803,4.14,3.21,0.8296,,,,,False,,20,3,0
7d112ef5-5aa5-4a16-8916-d660eab4c31f,Informal/Rural Worker,26594.11,0.3894,17,,,0.8586,0.02,3.44,0.8701,,,,,False,,24,3,0
fceae9c3-7072-4e6e-b592-098abc4365e6,Informal/Rural Worker,26205.04,0.3147,18,,,0.9122,7.93,3.13,0.9454,,,,,False,,27,3,0
ad401470-5f7b-437e-b1d2-fc910ffc2ded,Gig Worker,23665.61,0.5137,20,,,,,1.49,0.4787,,,12.64,-0.0838,False,,10,3,1
723dd56c-d93e-4d3f-aa4e-6a513818358c,Small Merchant,129778.25,0.3154,27,312476.06,0.9263,0.8043,5.35,2.52,0.7001,5.49,0.1676,,,False,,18,5,1
10a9d8c2-cbdd-4edb-a5f9-5d88c09e6b7a,Informal/Rural Worker,25497.27,0.4629,16,,,,,2.71,0.757,,,,,False,,25,2,0
599753ef-ab38-40ab-abd9-3c02482c4da7,Gig Worker,31329.97,0.4439,19,,,,,2.35,0.6617,,,16.03,0.029,False,,17,3,0
9d28f4c4-faa8-49c5-b649-47283db56a82,Gig Worker,49964.76,0.2423,26,,,0.8047,2.95,3.76,0.9007,,,25.66,0.1918,False,,29,4,0
a0dcdec2-30ad-4eef-ac7b-c7de0cb106ca,First-time Borrower,61889.21,0.175,21,,,0.7489,10.51,,,5.77,0.124,,,True,661.0,17,3,0
0c1cb8c8-7886-435a-9609-0698b506db08,Gig Worker,31189.3,0.4323,24,,,,,1.52,0.5264,,,16.34,-0.0422,False,,19,3,1
fed8691f-a31f-4c40-b93f-dcf5ef349b3f,Informal/Rural Worker,29745.21,0.5435,12,,,0.8132,8.32,3.0,0.8313,,,,,False,,24,3,0
08a68b53-8dd9-41ce-9d14-3a0766f06c2c,Informal/Rural Worker,22795.43,0.5233,14,,,0.6052,8.0,2.33,0.7373,,,,,False,,19,3,0
6c247b00-ae68-4199-9269-16bd0fb115ee,Gig Worker,34832.25,0.3544,23,,,0.6175,11.96,2.13,0.6145,,,19.36,-0.0081,False,,13,4,0
1f9b40d5-116d-41b9-9fea-93cd660d6ceb,First-time Borrower,58544.59,0.1637,23,,,0.641,9.89,,,,,,,True,635.0,23,2,0
5b271d8f-14ae-4820-901a-c3a152f6b24f,Informal/Rural Worker,24473.54,0.4635,17,,,0.7631,6.12,2.75,0.7751,,,,,False,,24,3,0
24bf24e8-d39f-4187-a371-e3a9a4f0ff83,Informal/Rural Worker,24417.67,0.4824,13,,,0.7747,7.3,2.58,0.6569,,,,,False,,19,3,0
4d8ce759-5489-4ae9-a193-4df314e06ee5,First-time Borrower,70850.81,0.187,26,,,0.8482,0.39,3.59,0.7883,8.28,0.0977,,,False,,22,4,0
dd6630f7-4770-4a04-8d86-bda0ddf4a76b,Informal/Rural Worker,22658.62,0.3069,14,,,0.7675,8.71,2.63,0.8216,,,,,False,,14,3,0
e4efeb90-8d15-4674-b2bf-d5efe95eaad1,First-time Borrower,64104.16,0.2345,21,,,0.8126,7.18,,,,,,,True,639.0,23,2,0
01da2fc7-e934-43a8-bc36-641ece570a2e,First-time Borrower,55268.84,0.1876,18,,,0.6642,13.6,2.14,0.5473,,,,,False,,20,3,0
b48f4af5-4581-4a0b-9615-70b9d8369e95,First-time Borrower,62841.09,0.2083,19,,,0.7199,10.11,,,7.67,0.1742,18.63,-0.018,True,661.0,23,4,1
b5f12fbd-111b-44fd-868a-a36695265e97,Informal/Rural Worker,21062.53,0.493,12,,,0.6735,6.93,3.4,0.6051,,,,,False,,18,3,0
a28b2902-b35f-4059-8a38-9045e9f6bfd2,Small Merchant,157530.61,0.3746,23,314121.62,0.813,0.7691,7.67,2.57,0.7352,6.88,0.1147,,,True,742.0,25,5,0
f0c4c354-e661-4e4d-ad0b-b574c018b194,Small Merchant,97432.2,0.4006,22,106421.61,0.4897,0.6322,14.92,,,3.61,0.228,,,False,,15,4,1
5d928ab3-e34b-42f8-b603-5b738a4f1d9c,Small Merchant,118703.38,0.2634,25,323345.53,0.8974,0.8684,4.82,2.42,0.7575,5.28,0.1398,,,False,,27,5,0
31d9435f-418d-4f96-8900-853f2473503d,Gig Worker,26424.62,0.3722,23,,,0.534,10.22,2.02,0.6277,,,16.97,0.0233,False,,14,4,0
125fbcc4-df97-4bab-9fd8-99c9238964b9,First-time Borrower,78070.67,0.0881,23,,,0.7805,1.86,,,,,,,True,751.0,32,2,0
5956fb5c-5635-4bc8-b31f-b2374ee98201,First-time Borrower,93327.82,0.1928,26,,,0.9086,0.0,3.24,0.9222,10.55,0.1396,,,True,832.0,30,4,0
00025538-fa41-4faf-a448-aea95d7e70bc,Small Merchant,154156.46,0.3133,26,339446.74,0.8893,0.8093,8.97,,,7.8,0.0721,,,True,760.0,27,4,0
2c93c7c5-d79f-4d38-80bb-f4c8f2b99b78,Informal/Rural Worker,26733.58,0.4886,17,,,0.7839,6.62,2.91,0.7556,,,,,False,,25,3,0
13eae3de-396d-4105-9df3-24c122fe78b0,Small Merchant,97594.88,0.3764,23,155099.15,0.5573,0.5672,12.37,,,,,,,False,,17,3,0
9a22667c-bed7-43de-ade7-71445985755e,First-time Borrower,46730.58,0.2833,16,,,0.4283,10.83,1.3,0.5966,,,,,False,,13,3,0
f93eb05f-f27e-427a-9396-a2489b2bf5ad,Gig Worker,33612.62,0.3874,22,,,0.6182,12.71,1.22,0.5228,3.69,0.1872,15.64,0.002,False,,12,5,1
79397819-ca9b-4e08-bcb8-d6240123fe71,Small Merchant,64084.4,0.3862,25,152731.03,0.5757,0.48,15.02,,,1.11,0.2082,,,False,,11,4,0
4ff63f03-6709-41a2-897f-5d32870261c1,Gig Worker,52094.1,0.2211,30,,,,,3.22,0.963,,,27.92,0.1977,False,,31,3,0
cf43d0d5-b720-4ad9-b42c-8189c4bc0688,Informal/Rural Worker,21111.12,0.3525,11,,,0.8844,5.04,2.77,0.7915,,,,,False,,25,3,0
dd73b263-3880-4922-905a-c53c8bd1db3f,Gig Worker,18277.53,0.4661,19,,,,,1.05,0.4806,,,15.91,-0.0435,False,,13,3,0
6c8b0197-be94-4f04-b737-30f9005f331e,Small Merchant,110369.47,0.3488,24,184032.32,0.6164,0.5041,10.23,,,,,,,False,,18,3,0
19701459-a97c-4d55-9466-f6d88ff980a0,Small Merchant,155554.32,0.3241,27,289527.74,0.7538,0.7235,8.82,2.12,0.7633,7.72,0.1039,,,False,,24,5,0
dcc06df0-5b7a-4ee9-9b4a-74c9bb3cc225,Small Merchant,144570.32,0.2587,26,294623.42,0.717,0.7455,6.5,,,7.56,0.1607,20.96,0.0424,False,,24,5,0
895a6897-644c-4199-831e-524d6b7ca709,Informal/Rural Worker,25077.63,0.364,19,,,0.787,2.14,2.88,0.7618,,,,,False,,26,3,0
b6ea8b08-3026-4e62-b113-91bcd8b3042b,First-time Borrower,47504.51,0.2333,21,,,0.6549,7.19,,,,,,,True,549.0,14,2,0
6a39baf4-eb9d-4e49-9138-6fb02cae950c,Informal/Rural Worker,20466.61,0.2666,14,,,0.7348,6.32,2.41,0.6555,,,,,False,,24,3,0
f0dd4509-99e7-4d81-83ba-b223cf37b6a2,Small Merchant,164219.4,0.3285,26,330937.19,0.8226,0.745,6.9,2.53,0.7541,7.17,0.1634,,,False,,17,5,1
d3b49864-6534-4d3b-9a07-42fd97768f65,Small Merchant,78064.94,0.3833,24,222395.65,0.6097,0.6582,7.39,,,4.71,0.194,,,False,,16,4,0
29bcbb15-971b-4224-b1d0-60513c4aad7f,Informal/Rural Worker,25800.39,0.516,21,,,0.7717,8.65,3.1,0.7201,,,,,False,,22,3,0
3813488d-9ed5-4672-ae48-a91c96bb3a42,Informal/Rural Worker,13528.49,0.4947,13,,,0.6338,8.92,2.03,0.6068,,,,,False,,19,3,1
f0651b1e-8dff-4384-8e19-9611df1163c6,Gig Worker,31754.48,0.3374,25,,,,,2.69,0.8488,,,,,False,,27,2,0
c843b680-d459-4249-ab55-59497010030a,Informal/Rural Worker,27152.3,0.3255,15,,,0.8804,5.61,3.28,0.7995,,,,,False,,31,3,0
06cb1c0a-3ab1-46a8-a08e-7780607c5b20,Informal/Rural Worker,30846.5,0.4238,15,,,0.8096,2.41,3.41,0.8982,,,,,False,,27,3,0
efccfeba-831a-4cf7-9b28-39abd0e184e2,First-time Borrower,53485.51,0.1756,18,,,0.6649,11.12,,,3.87,0.2011,,,False,,12,3,1
d7b62eaf-d3ba-4bec-b03d-f68cfe4b4dd0,Informal/Rural Worker,25452.8,0.4297,20,,,0.6717,7.67,2.22,0.6222,,,,,False,,20,3,0
a521ffc7-207e-4755-a92f-f80f2c0f166c,Gig Worker,27865.08,0.5575,19,,,,,1.9,0.5504,,,,,False,,12,2,0
d299d230-c9ca-44de-89ba-0bb43cf08de4,Small Merchant,81174.68,0.3286,23,148901.52,0.7112,0.5326,12.53,1.77,0.5829,5.63,0.2168,13.7,-0.0416,False,,16,6,0
f048f355-1af1-488b-a512-253da35d2a7a,First-time Borrower,59620.92,0.2093,22,,,0.6076,7.39,2.05,0.7275,5.66,0.1785,,,True,633.0,15,4,0
d783ec06-fe8c-4f59-8695-54dea4c7899d,Gig Worker,30151.37,0.4664,22,,,,,2.23,0.57,6.31,0.1694,18.19,-0.0685,False,,14,4,1
988185d6-79ef-46c4-a717-7b0f8163c37a,First-time Borrower,67191.13,0.1841,26,,,0.8156,5.34,,,6.45,0.0911,,,True,698.0,20,3,0
fa87ec4d-8c43-411e-adf7-ec368bbb8302,Small Merchant,64394.36,0.4095,19,110167.17,0.5068,0.4818,16.71,1.27,0.559,3.53,0.2576,13.27,-0.0937,False,,4,6,0
f9d8ef34-9501-48ac-b288-11425888ceb9,Small Merchant,108133.37,0.3674,21,213617.15,0.71,0.7256,10.95,,,4.65,0.1888,,,True,617.0,15,4,0
32aa0a4c-e3d1-430d-a8d2-deb4125b652a,Small Merchant,134118.77,0.2844,24,277040.6,0.7022,0.6644,10.21,,,,,,,False,,19,3,0
6e2f48f8-d28d-4c6e-add7-a10bbeb1da3c,Small Merchant,74777.14,0.3783,23,232912.37,0.623,0.5746,10.8,,,4.39,0.2032,,,False,,18,4,1
2003a952-f754-427f-82fb-dbaa99534851,Informal/Rural Worker,21783.61,0.1979,16,,,0.8575,8.16,2.06,0.7569,,,,,False,,30,3,0
ee25514e-eb7d-44ed-b797-ed30ea0687bb,First-time Borrower,52006.93,0.2554,19,,,0.6721,7.59,2.05,0.6525,,,,,True,603.0,15,3,1
6b92f62a-89ce-4743-8fe4-1299465afa18,First-time Borrower,39584.19,0.2149,17,,,0.7886,12.24,,,,,19.71,-0.0471,False,,15,3,0
678aab26-5129-42da-bc53-b7181c51b824,Small Merchant,159316.61,0.3109,26,352321.69,0.8473,0.8463,1.94,,,6.66,0.0914,,,False,,26,4,0
27ecebbf-758a-4878-bfb7-0058a2ebabd2,Gig Worker,38340.81,0.3447,26,,,,,2.37,0.5698,,,18.96,0.005,False,,19,3,0
196b00e5-139b-4d1e-829c-137f29bdb3ec,First-time Borrower,80673.16,0.1658,22,,,0.7972,7.35,,,,,,,True,673.0,21,2,0
d3a2bc21-60d8-4c69-94db-58310827e525,Informal/Rural Worker,27193.18,0.4364,16,,,0.7646,8.79,2.82,0.6788,,,,,False,,28,3,1
54faa7e1-1c09-4ca6-8dec-2420310de456,Gig Worker,36605.77,0.369,21,,,,,2.42,0.6006,5.78,0.1147,18.23,0.1016,False,,31,4,0
0f6cc650-8348-44ec-96f7-ac4d054ca01c,Informal/Rural Worker,21472.84,0.3269,14,,,0.5918,8.13,2.55,0.729,,,,,False,,14,3,0
858fdbfc-daa7-4310-9a4d-74f9fdb39c52,Small Merchant,117612.25,0.2528,23,286669.36,0.7382,0.7183,7.59,,,4.49,0.1691,,,False,,15,4,0
eb6f2bb1-042b-418b-b28e-4a3cd450858b,Gig Worker,44266.95,0.2357,26,,,,,2.97,0.8911,10.1,0.0927,21.77,0.1425,False,,29,4,0
9e54e52d-e2ca-4881-9b64-620f83dedd3b,First-time Borrower,28105.6,0.307,11,,,0.4736,19.71,,,2.61,0.2611,,,True,467.0,6,3,0
0872b10f-020d-44a0-bcfe-d8f0a1a6f10a,Gig Worker,20155.79,0.4865,21,,,,,1.39,0.6016,3.44,0.1959,15.5,-0.0768,False,,10,4,0
b005809a-531b-4a80-b929-c432666162b1,Small Merchant,164133.63,0.3829,24,301056.38,0.7581,0.6633,6.44,,,8.01,0.1086,,,True,735.0,20,4,0
bdb904c8-db8f-46ed-b410-9013b54df32d,First-time Borrower,63001.9,0.1481,23,,,0.7527,6.95,2.67,0.7911,7.59,0.1157,,,False,,22,4,0
2450bb85-7eed-40c5-90b8-1e32ec24e95a,Small Merchant,150188.44,0.3369,27,279727.41,0.7507,0.8199,2.2,,,7.92,0.1275,,,False,,24,4,0
4b3ad972-8bf4-41a8-8f43-a43a1438b44b,Gig Worker,40326.54,0.3803,21,,,,,,,,,20.05,0.0235,True,661.0,21,2,1
4fb9f122-4420-4d36-b751-46ed9571febf,Small Merchant,141845.53,0.3544,24,325229.18,0.7413,0.661,5.2,,,6.57,0.1703,,,True,586.0,24,4,0
db5280eb-ef01-4bf0-8255-487eed596a2b,Small Merchant,147577.1,0.3128,22,255892.24,0.8365,0.7851,6.89,,,4.7,0.1362,,,False,,24,4,0
bc2244c9-513c-48fc-8c23-a633e6f232c4,Informal/Rural Worker,25028.04,0.5666,15,,,0.772,7.88,1.62,0.8538,,,,,False,,20,3,0
89729f65-08f5-42ed-9628-bd3941c012a8,First-time Borrower,69640.49,0.1897,22,,,0.8088,2.84,,,5.16,0.132,,,True,743.0,28,3,0
1f9a7115-4f93-4ced-ba0e-836c4d55e87d,First-time Borrower,55788.0,0.2204,18,,,0.6593,6.14,,,,,,,True,678.0,22,2,1
2211b2be-1b98-493a-aa9e-abbe4317991d,First-time Borrower,64607.99,0.1429,23,,,0.7198,7.78,,,,,,,True,624.0,24,2,0
39da8171-a5d0-4655-9713-4272e2977493,Gig Worker,54697.72,0.2726,27,,,,,2.88,0.7666,8.39,0.0772,22.81,0.0926,False,,30,4,0
c0c1579a-52d5-4635-a388-e0eef8caffa8,Small Merchant,114681.31,0.3721,25,233844.81,0.6737,0.6885,11.25,,,5.73,0.1535,,,True,590.0,16,4,1
66676a26-c414-4f27-b65d-a86728f9c4f8,First-time Borrower,59767.98,0.2121,22,,,0.6411,8.01,,,,,,,True,627.0,20,2,1
6bb4dae7-18ce-4e3d-bdff-778c054a2454,Informal/Rural Worker,21781.07,0.4167,20,,,0.763,7.56,2.05,0.7676,,,,,False,,26,3,0
407efbca-cab5-46bd-9df6-6e7632a38b59,Gig Worker,52641.19,0.2762,26,,,0.9393,0.0,3.61,0.958,,,27.05,0.0625,False,,30,4,0
260ccaeb-ad4e-416b-8169-e8e327d4a707,First-time Borrower,33944.97,0.1477,14,,,0.6205,17.13,,,,,,,True,507.0,11,2,1
73ca2972-8d2d-4b8b-855f-480139c50710,Gig Worker,36985.21,0.3822,28,,,0.6739,7.75,,,,,,,False,,21,2,0
dce4ef90-c9a3-47bf-8119-34341f1c28e6,Informal/Rural Worker,30632.82,0.3491,21,,,0.8824,0.0,2.72,0.9818,,,,,False,,28,3,0
f30a953d-7688-420d-a363-036e90ea371c,Informal/Rural Worker,23933.94,0.4598,14,,,0.8365,4.72,3.02,0.7643,,,,,True,778.0,24,3,0
dd7b3273-51d9-4509-b72c-54dc087c3da4,First-time Borrower,58920.41,0.205,20,,,0.7596,6.62,,,6.76,0.1227,,,True,707.0,21,3,0
448a0208-b497-45eb-bc59-8a4b1d085f81,First-time Borrower,61138.11,0.2058,24,,,0.7139,9.89,,,6.08,0.1298,,,True,665.0,21,3,0
ba9cdfa1-f898-4067-8b24-3a9f932ef228,First-time Borrower,41941.52,0.1801,21,,,0.6741,6.37,,,8.27,0.1241,,,False,,25,3,0
582a5951-a3a5-4fad-9fc4-8d2d4abdfc50,First-time Borrower,41233.09,0.2999,18,,,0.57,10.72,,,,,,,True,531.0,13,2,0
b386ea46-ecef-4420-b811-70e44f24bafb,First-time Borrower,67449.62,0.1258,28,,,0.8432,4.52,,,8.24,0.161,,,True,668.0,25,3,0
edf34a43-8eb5-42da-ab79-e37d0e54e23c,Gig Worker,9039.43,0.4862,18,,,,,0.97,0.4893,1.95,0.1723,12.91,-0.1097,False,,5,4,1
b17d3bf1-d407-4621-b3a6-501e9cdd1169,First-time Borrower,74143.07,0.2304,24,,,0.7725,3.57,,,,,,,True,677.0,23,2,0
ea7ee8de-c94e-4b4c-b7df-4dbe05ebc9df,First-time Borrower,26324.26,0.3288,14,,,0.5021,14.34,,,,,,,True,525.0,10,2,0
aa9c447c-e18a-4d20-8f01-eef2666550ce,Gig Worker,38597.19,0.3283,28,,,,,2.26,0.7784,,,20.62,0.0755,False,,25,3,0
61a30c13-e77d-4094-9590-c6daa66f3391,Informal/Rural Worker,22550.83,0.5085,13,,,0.7307,3.35,2.34,0.7444,,,,,False,,30,3,0
5e4e9b32-fc5a-44ef-b5d5-ac5a72df2100,Informal/Rural Worker,24319.28,0.4506,14,,,0.5908,10.77,2.55,0.6553,,,,,False,,16,3,0
4e87521f-ab62-4475-b245-cb7e31be5f9f,First-time Borrower,53008.07,0.2019,22,,,0.7472,9.31,,,7.99,0.1635,,,True,654.0,19,3,0
5e60492b-f75c-4519-888c-4e4185a7730e,First-time Borrower,52898.04,0.1987,23,,,0.6855,12.01,,,,,,,True,556.0,21,2,1
cb92430f-c25d-42a3-b9ef-1a4ea7ba5c28,Informal/Rural Worker,8248.5,0.653,9,,,0.5443,18.28,1.28,0.3736,,,,,False,,5,3,0
cf74f229-f1a6-43cc-84e7-72afad5c880b,First-time Borrower,54925.46,0.2797,19,,,,,,,,,,,False,,14,1,0
4a965fa3-d85a-4a9d-b5ac-5baa39fff7c9,Small Merchant,136701.26,0.3117,29,248627.48,0.794,0.7421,4.28,,,7.4,0.1862,,,False,,22,4,1
db310fad-ed38-41b6-9fc6-681a030e67eb,Small Merchant,185506.81,0.2632,27,383520.09,0.9179,0.9222,0.0,2.83,0.9436,8.45,0.0944,,,False,,36,5,0
cf84bd36-d696-4bc1-a116-cbbc4463e57b,Informal/Rural Worker,19475.43,0.616,12,,,0.6379,10.31,2.05,0.6863,,,,,False,,19,3,0
2984707b-41cb-41e6-9221-4ea1de223642,Gig Worker,36018.98,0.5019,23,,,,,,,,,15.82,-0.0976,True,532.0,16,2,0
7f8e7d0e-85da-4f22-a24b-e56237f0a3aa,First-time Borrower,31710.71,0.2482,17,,,0.4867,15.64,1.4,0.3352,,,,,True,473.0,10,3,1
7c102170-a727-43c3-98ec-3db16763a4b5,Small Merchant,103360.32,0.3582,23,177002.09,0.6176,0.5069,9.14,,,3.75,0.158,,,False,,14,4,1
a6d77ce9-767b-4514-b1b4-14932fb77e57,Small Merchant,105129.96,0.3482,23,298202.75,0.7155,0.729,9.14,,,,,20.31,0.0316,False,,19,4,0
2144d8c2-59b9-4cce-b436-bca4b11b04bd,First-time Borrower,73417.01,0.15,23,,,0.8494,3.97,,,6.88,0.093,,,True,745.0,23,3,0
978defe8-5d68-4f8e-99a4-8fcf3f83c81a,Small Merchant,61856.18,0.4501,21,136478.87,0.534,0.5798,14.65,2.22,0.5722,4.46,0.2162,,,False,,9,5,1
2d794f3f-f279-47e8-a9de-e838b6e56902,First-time Borrower,65434.43,0.1152,19,,,0.8916,6.03,3.46,0.7357,,,,,True,672.0,26,3,0
bee371e9-f2be-465b-9765-f29823284ac5,Gig Worker,49829.61,0.419,22,,,,,2.74,0.6765,,,17.22,0.0799,True,627.0,17,3,0
fb1d1a73-6d85-4d05-945c-3cb39f9644a7,First-time Borrower,52000.63,0.1962,20,,,0.6326,8.13,,,,,,,False,,15,2,0
7f8d1e48-0299-4ea8-9318-00cf9eb272fb,Small Merchant,191211.14,0.2593,24,380755.22,0.8167,0.7748,4.47,,,8.73,0.066,,,False,,27,4,0
dc1e1a87-29d6-4f11-93a4-f8de5ca4236f,Informal/Rural Worker,21853.23,0.5103,12,,,0.6648,8.14,2.18,0.6593,,,,,False,,21,3,1
637ac9a4-7744-40e3-a1a7-9d42c388ef00,First-time Borrower,62466.32,0.1591,20,,,0.8959,4.78,,,,,,,True,670.0,24,2,0
8c5328f7-e428-4929-b3b6-05677f2241ca,First-time Borrower,68176.45,0.2192,24,,,0.7079,6.94,,,5.6,0.202,,,True,668.0,24,3,0
d83014c4-2e7a-442a-9ca4-6a4195ef4eb0,Informal/Rural Worker,28951.8,0.465,17,,,0.6838,8.7,2.21,0.7223,,,,,True,673.0,23,3,0
94a7c56a-6831-4980-ad39-00bd4b4443dc,Informal/Rural Worker,13920.89,0.4306,16,,,0.5932,6.39,,,,,,,False,,14,2,1
930a3eb2-e656-4c2c-87e3-61f043321290,Gig Worker,19778.07,0.4241,23,,,,,1.67,0.5926,,,13.74,0.037,False,,14,3,1
a9103ecc-2e30-429c-9eb3-fd52314996a6,Informal/Rural Worker,8174.35,0.6206,9,,,0.5113,14.51,1.62,0.461,,,,,False,,15,3,1
c6d300dd-8c8b-40d3-ad32-cbebc0dfe80d,Informal/Rural Worker,19303.56,0.5075,12,,,0.6397,7.16,2.44,0.6965,,,,,False,,18,3,0
cbad3ff4-52e3-4b53-ac88-84e69e32fb86,Small Merchant,122634.43,0.4132,23,219802.95,0.7743,0.7428,9.2,2.18,0.6602,5.51,0.1754,,,True,601.0,19,5,0
c79d03b2-b22f-4ec8-8588-bacb05a9db51,Informal/Rural Worker,16427.63,0.4745,11,,,0.6235,12.31,1.57,0.552,,,,,False,,19,3,0
39add9a5-570a-4d90-b6cf-d851d858ad09,Informal/Rural Worker,20838.73,0.3378,16,,,,,2.51,0.6587,,,,,False,,19,2,0
95a5ebd0-be33-486c-ade9-413a3b9b3e56,Gig Worker,31973.03,0.4543,18,,,,,1.54,0.3902,,,10.92,-0.0601,False,,9,3,1
e2e8696e-3295-4efe-bcb2-ef57db311f22,Small Merchant,106989.58,0.284,22,195135.26,0.7575,0.7628,11.97,,,6.29,0.1712,,,False,,24,4,0
38ec112c-31f5-41eb-914e-85cce77de700,Informal/Rural Worker,24293.41,0.4189,18,,,0.8645,1.86,2.85,0.8138,,,,,False,,21,3,0
d32dd078-9825-4244-b5a5-e886ccee9999,Informal/Rural Worker,26849.88,0.644,15,,,0.7447,6.46,2.41,0.7602,,,,,False,,22,3,0
7bb48580-c0e5-4d7c-8d70-7ab04c8f3fb6,Gig Worker,26725.3,0.4552,19,,,,,1.85,0.6227,,,14.27,-0.0522,False,,14,3,1
a989072d-f97e-4aaf-a5e9-3480753aab68,Gig Worker,32030.7,0.382,26,,,0.6217,6.2,2.45,0.7439,,,18.64,-0.0394,False,,15,4,0
6bb59f42-c9b7-488d-8882-bef8741a6277,First-time Borrower,51647.54,0.3012,19,,,0.6822,12.37,,,4.75,0.1575,,,True,588.0,15,3,0
d7bd670f-97f4-4c3e-83b4-abed823d58cd,First-time Borrower,68481.54,0.161,23,,,0.8697,11.24,,,,,,,True,702.0,19,2,0
29a0560f-b4c4-42ce-80e5-f81ba86ae94c,First-time Borrower,66773.02,0.1711,22,,,0.671,10.82,,,,,,,True,687.0,23,2,0
f2f200e8-9838-4fa5-9ea3-d9a5471eea36,Informal/Rural Worker,16558.83,0.5256,13,,,0.6928,8.62,2.6,0.6915,,,,,True,605.0,22,3,0
ccde0c53-7573-4c17-ab05-9f963d55797c,First-time Borrower,53570.03,0.2041,18,,,0.525,13.67,,,4.07,0.2319,,,True,517.0,16,3,1
9afa882a-4dd8-474a-b222-9b10c06b6010,Informal/Rural Worker,15623.56,0.3844,13,,,0.5912,7.36,2.26,0.5836,,,,,False,,18,3,1
263f9a0c-d1e3-4552-bd37-204569ca3f30,Gig Worker,42272.75,0.3301,28,,,,,3.13,0.725,,,23.27,0.1007,False,,19,3,0
1e22ed2d-67cc-4af3-81f4-3f6785dcda84,Gig Worker,26429.21,0.3666,21,,,,,1.88,0.6935,4.59,0.1823,12.7,0.0059,False,,15,4,1
03416de0-d190-45ff-adf9-e8602bddb0c4,Small Merchant,93804.52,0.2987,23,212418.49,0.7506,0.6688,9.95,1.82,0.6671,,,20.83,0.0307,False,,20,5,0
9e4e0866-26b6-4e44-b7fa-ea1ed9f83459,Small Merchant,34325.96,0.3311,18,57934.27,0.5844,0.4711,16.95,,,0.86,0.25,8.24,-0.2433,False,,9,5,0
0ba31bfd-a68a-442b-bbd7-2e25a7127a41,Small Merchant,156967.06,0.2503,25,339354.2,0.7593,0.7753,3.97,,,6.74,0.1347,,,False,,28,4,0
485c9b56-1b7d-4e61-b825-1cf23c731dee,Informal/Rural Worker,26463.66,0.5013,18,,,0.9175,3.41,2.62,0.8626,,,,,False,,25,3,0
8bf87574-43e9-4fe3-89d3-8d565927f064,First-time Borrower,62907.64,0.1683,19,,,0.8045,7.84,,,7.47,0.1686,,,False,,21,3,0
41dc14b7-4269-42de-8583-7408837a8c96,First-time Borrower,76774.47,0.1355,22,,,0.7159,5.01,,,,,,,True,688.0,29,2,0
b6f73952-84ae-4a64-8a15-8a940b3b5d83,Small Merchant,186879.47,0.2697,27,304755.87,0.9342,0.869,4.68,,,8.4,0.0992,,,False,,26,4,0
d8c4b2fd-067d-4b71-8f13-b1f7016dddad,Small Merchant,112795.17,0.2611,25,225513.2,0.6605,0.5476,8.49,2.39,0.6398,6.02,0.1894,,,False,,16,5,0
54d04da0-165c-4f88-80a0-11570d302696,Gig Worker,30088.27,0.4183,21,,,,,2.25,0.7218,,,20.97,0.0163,False,,20,3,0
1246d08c-55b6-4a1b-930e-12ef4c2f19e3,First-time Borrower,55840.89,0.255,18,,,0.626,11.31,,,,,,,False,,13,2,1
dbd4cbaa-38a5-47ab-8949-32269f22c998,Informal/Rural Worker,27066.88,0.409,16,,,0.7289,5.86,2.98,0.7963,,,,,False,,24,3,0
b11bb7f8-5a65-481f-aff4-f6e61c4bf659,Gig Worker,18627.81,0.4393,17,,,,,1.45,0.6047,,,15.91,0.0138,True,594.0,9,3,0
b9be7e37-0311-4fe6-a408-27a8f98a37cd,Informal/Rural Worker,31592.1,0.3016,22,,,0.7919,1.14,3.13,0.8876,,,,,False,,28,3,0
c36fd3e0-bfc9-4402-a200-743846c1893c,Small Merchant,111390.43,0.3549,22,198234.96,0.6935,0.5701,12.35,,,4.36,0.207,,,False,,14,4,0
8ece73ec-2e38-4a86-babd-172edc9ecab2,First-time Borrower,42507.08,0.2534,20,,,,,,,2.78,0.1882,,,False,,13,2,0
24796f5b-30f3-4a93-b991-70f162461b45,Informal/Rural Worker,30066.29,0.3599,16,,,0.6835,6.71,3.36,0.8119,,,,,True,729.0,27,3,0
5bb958f2-2f52-4abe-bcf1-f505555efe64,Small Merchant,149474.39,0.3257,24,290195.44,0.7825,0.7213,12.58,,,7.12,0.1991,,,True,668.0,24,4,1
7bf6cbdd-44db-43db-91d8-97b145f8c4b0,Informal/Rural Worker,22692.45,0.3729,14,,,0.6747,8.39,2.82,0.6331,,,,,False,,16,3,0
d91429df-bf96-4624-b115-4076974ee059,Gig Worker,34632.85,0.4213,20,,,,,2.36,0.6833,,,16.86,0.0863,False,,21,3,0
4f1444fb-7362-4dc4-801d-8cbfe9286b18,Small Merchant,184095.28,0.2882,27,439586.49,0.899,0.9111,2.58,2.42,0.9035,9.43,0.1094,,,False,,32,5,0
cf5b65c2-6d96-44d6-a2db-4b6df9150ddd,Informal/Rural Worker,17676.22,0.5588,13,,,0.7374,10.45,2.42,0.4982,,,,,False,,18,3,0
ac316f64-fe33-4ea7-9d6f-9f340b54d282,First-time Borrower,19775.22,0.2834,14,,,0.4872,14.7,,,3.1,0.2833,11.58,-0.083,True,456.0,6,4,0
ea05e90e-1ad3-441e-9547-c6e661fc8cb3,Informal/Rural Worker,30316.97,0.3883,16,,,0.8943,8.25,3.09,0.7769,,,,,False,,24,3,0
e0a63797-acb4-4367-8faa-e08e7cc7c1b4,First-time Borrower,60188.25,0.176,16,,,0.7126,6.87,2.67,0.7234,6.38,0.1918,,,True,626.0,17,4,0
eeea8856-e98c-4252-b7f2-5cbd7e423e8a,First-time Borrower,40975.23,0.2749,19,,,0.5441,13.67,1.81,0.5428,,,,,True,549.0,18,3,0
c45c2968-f059-4672-b4b7-2fcfa4878884,Gig Worker,54404.04,0.3172,26,,,,,2.91,0.7853,9.52,0.0855,26.77,0.2336,False,,34,4,0
01566f14-d355-44d4-b6ac-573ff5ecf012,Gig Worker,33682.62,0.4651,26,,,,,2.47,0.6311,,,16.63,-0.0514,False,,15,3,0
4b878d48-f423-4d1e-acf7-f805f1af0cb3,First-time Borrower,24311.27,0.2853,14,,,0.4962,13.89,1.09,0.5598,,,,,True,500.0,11,3,1
114cd7a9-3ae5-444e-9453-9db33123b909,Gig Worker,39216.38,0.4287,20,,,0.7244,12.4,1.98,0.5789,,,21.52,-0.0187,True,596.0,16,4,0
2d0fd469-8788-4c93-a5d2-a2cbeca1f345,Gig Worker,18902.74,0.4473,19,,,0.5054,16.56,1.1,0.3627,,,17.2,-0.0713,False,,12,4,0
ddab27f4-4eb3-445f-9682-98bc4fdcf72d,Gig Worker,40852.83,0.3746,23,,,0.7534,9.56,2.64,0.7473,,,17.86,0.0812,False,,23,4,0
65a55bac-3337-458f-9a5c-1a7366c0e640,Gig Worker,37842.47,0.4477,22,,,,,2.12,0.6622,,,17.69,0.1017,False,,21,3,0
ebf5b08d-8e89-4469-92ad-c149910c9786,Small Merchant,122575.46,0.2305,23,251443.55,0.7842,0.7355,7.19,,,5.26,0.1902,,,True,639.0,21,4,0
480e7e3e-3388-4da7-81be-b50673e0953e,First-time Borrower,66684.71,0.1146,25,,,0.7607,5.54,,,,,,,True,783.0,26,2,0
8a141a7b-1160-4020-adbd-9e391cecb66c,Informal/Rural Worker,16512.56,0.61,11,,,0.4855,16.93,1.13,0.4445,,,,,False,,11,3,1
3d22a577-7cf3-4257-9c99-f6cf5510df82,Small Merchant,55642.23,0.4912,23,70434.57,0.5825,0.5027,18.49,,,2.6,0.1901,,,False,,4,4,1
e06bfc5d-041e-4683-aed6-67529269040d,First-time Borrower,58284.36,0.2305,24,,,0.808,7.91,,,6.33,0.0779,,,True,665.0,19,3,0
76ab6372-d011-4e5c-84ac-d87e1b9ac583,Small Merchant,113284.14,0.3442,24,237530.93,0.6611,0.7463,10.03,,,4.46,0.1435,,,True,600.0,17,4,0
1b9fcd45-b002-4674-af62-949900a3d33d,Small Merchant,74827.26,0.3581,18,121570.92,0.5707,0.4382,16.84,,,3.19,0.2728,12.39,-0.1613,False,,15,5,1
723b6c07-3b27-422f-968b-727c9017dfb0,First-time Borrower,81354.4,0.1241,25,,,0.7364,0.0,,,,,,,True,815.0,31,2,0
145a26a6-7c98-4bc6-991e-5d77d3d9c3e0,Informal/Rural Worker,20813.52,0.4188,9,,,0.6126,9.5,2.41,0.5578,,,,,False,,20,3,0
666a6ffa-f0e9-4304-885d-b0278b492d66,Gig Worker,49285.03,0.3826,23,,,,,3.11,0.7617,,,21.29,-0.0006,True,639.0,15,3,0
0540fb73-9556-4c34-9126-b34a1085840b,First-time Borrower,32705.4,0.2311,16,,,0.5438,16.4,,,,,,,False,,14,2,1
41ab39e7-1deb-4dc9-98a3-fa2d3a319166,Gig Worker,40103.97,0.3222,22,,,,,2.8,0.8218,,,24.53,0.1177,False,,24,3,0
8c2c7c85-bc18-4172-b53f-a06cfd0c638d,First-time Borrower,69502.47,0.1479,28,,,0.7389,4.6,2.16,0.8019,,,,,False,,27,3,0
da50cfea-d3fc-4c86-881e-bf8e1d106f42,Gig Worker,23085.94,0.318,21,,,0.5796,14.58,1.67,0.5677,,,19.65,-0.046,True,565.0,16,4,0
67683577-bdce-48ac-a9c5-299664df827c,Gig Worker,32450.07,0.3015,20,,,,,1.92,0.6708,,,17.13,0.0208,False,,16,3,0
91821fb6-7dce-4837-8f38-3008e18cdd4f,Informal/Rural Worker,21747.02,0.2961,14,,,,,2.48,0.7213,,,,,False,,23,2,1
22e12b3f-c573-43e9-807e-583c90413be9,Informal/Rural Worker,17117.09,0.5189,10,,,0.6412,13.4,1.75,0.623,,,,,False,,22,3,1
8d6d636a-979b-4cb6-9afe-8c9326fe5e01,Gig Worker,43550.98,0.3096,23,,,,,2.63,0.7374,6.83,0.1715,21.66,0.206,False,,22,4,1
7fba77ea-f156-4479-9c4f-d6904dac9143,First-time Borrower,80547.62,0.1914,22,,,0.8841,6.14,3.01,0.7487,7.43,0.1453,,,True,737.0,25,4,0
75d3732e-3a57-4809-9187-9e8659901750,Gig Worker,27432.48,0.557,19,,,,,1.69,0.4527,,,17.33,-0.0773,False,,12,3,1
9f09b76d-9ea7-4efb-91e5-4ea5c30abbbc,Gig Worker,46019.42,0.3853,25,,,,,2.88,0.8407,,,23.51,0.0964,False,,22,3,0
270e07a3-d11e-432c-8c3a-ffa8a49a1fe3,Informal/Rural Worker,24493.36,0.3963,16,,,0.7864,8.49,3.26,0.696,,,,,False,,22,3,0
10824eff-c1b8-470c-9525-1107d30a9bfa,Gig Worker,31107.08,0.4128,22,,,0.6045,11.82,1.42,0.5374,,,15.64,-0.0764,False,,12,4,1
a01222c3-e2e6-4404-bc25-d7dac12dd9f0,Informal/Rural Worker,21381.03,0.5899,14,,,,,2.28,0.6611,,,,,False,,22,2,0
fe84c13e-8325-4536-bb86-e4c126d7744d,Gig Worker,33674.71,0.4427,23,,,0.6678,9.93,2.18,0.6079,7.16,0.1363,21.02,0.0169,True,600.0,15,5,0
6927e01a-151d-47b1-9e6e-e38a3916e146,First-time Borrower,76331.15,0.2009,24,,,0.7705,7.37,,,,,,,False,,20,2,0
9f7c8852-4d00-4878-8434-5e3af7615e0d,Gig Worker,54893.44,0.2271,26,,,,,3.01,0.7586,,,24.78,0.2154,True,771.0,26,3,0
9bd3aca5-f912-464a-bc60-1267f1d53f4f,First-time Borrower,79226.39,0.2004,22,,,0.6922,4.17,2.63,0.7797,7.88,0.1237,,,True,776.0,23,4,0
e3f1822a-7b1d-408b-95e2-499b5d3a3780,Small Merchant,88605.05,0.4134,19,191353.2,0.6406,0.617,9.9,,,4.69,0.1762,,,False,,20,4,0
5662be81-11ab-46b7-9657-d00aede215c6,First-time Borrower,67296.66,0.1937,22,,,0.7525,4.82,,,,,,,False,,23,2,0
37431dd2-df94-4226-9fa1-9bfc20b1e174,First-time Borrower,68390.91,0.1834,20,,,0.7103,6.88,2.86,0.6678,,,,,True,683.0,19,3,0
ad4a9e57-bf5f-434b-a18b-bffc6e2f908c,First-time Borrower,69448.7,0.1734,21,,,0.8535,6.57,,,6.22,0.1202,,,True,706.0,14,3,0
2c21eefe-4aa3-4ab7-94ec-e0760c205e07,First-time Borrower,44420.2,0.2376,18,,,0.4887,12.18,,,,,,,True,532.0,11,2,0
6e5bb1eb-3535-4c3a-a5ca-43c8ad09c020,Informal/Rural Worker,15399.35,0.574,14,,,0.6306,11.88,1.96,0.5957,,,,,False,,13,3,1
52daa0d5-a8fc-4006-b6aa-5c1ff1c40e4c,First-time Borrower,49527.11,0.2014,18,,,0.6453,12.24,,,,,,,True,536.0,6,2,1
871bc3c7-ba8a-4dff-a7e1-8d3caadb8693,Informal/Rural Worker,15679.96,0.5277,11,,,0.584,12.91,1.83,0.5882,,,,,False,,18,3,0
fbd75abf-7152-4ae3-8bd0-633c0b0b891c,Gig Worker,35306.9,0.4033,22,,,,,2.65,0.7606,,,19.36,0.0118,False,,19,3,0
be21afc8-ec23-4808-b96d-cde49e1ef166,Informal/Rural Worker,26154.31,0.4783,19,,,0.7069,7.44,2.89,0.8112,,,,,False,,23,3,0
9c1d7280-7be3-437f-9634-e86e24232f03,Gig Worker,38535.36,0.397,25,,,,,2.65,0.7293,,,23.57,0.1588,False,,26,3,0
691f4c25-3cc6-445a-8e6b-693cc7bff0d0,Informal/Rural Worker,18714.87,0.4165,14,,,0.7001,7.5,2.44,0.715,,,,,False,,20,3,0
49d401fe-a198-4934-9b1e-16bbeaae8b81,Informal/Rural Worker,18985.09,0.5213,13,,,0.7061,7.4,2.49,0.754,,,,,True,632.0,20,3,0
083ce3c4-01c5-4cc3-b0d3-62d04e5246f6,Informal/Rural Worker,17731.0,0.519,15,,,0.7829,11.79,2.17,0.7609,,,,,False,,24,3,0
ff7a6995-a15c-4cec-82dd-ec70075c630c,Gig Worker,28920.04,0.5186,22,,,0.6512,15.78,1.6,0.5782,4.51,0.1959,18.4,-0.0969,False,,14,5,0
a9451c59-d179-45b1-95d0-fa068c97c4d3,Small Merchant,161040.53,0.2807,28,358016.46,0.809,0.767,3.47,,,7.42,0.1034,,,True,743.0,22,4,0
a9d549cf-8eb2-463b-b4fb-68ddbca58ec6,Informal/Rural Worker,23341.44,0.4238,16,,,0.7472,5.21,2.55,0.851,,,,,False,,24,3,0
0b43cb57-8f1b-43ec-8168-d883d64b5072,First-time Borrower,56388.35,0.2551,17,,,0.6761,11.28,,,,,,,True,594.0,16,2,0
e245f993-af84-41fc-9a91-4fa808297883,First-time Borrower,38579.6,0.2654,13,,,0.5853,12.98,1.6,0.5446,,,,,True,533.0,16,3,0
a8f45ea6-cf63-47bc-ac5b-5c32a0fbd987,First-time Borrower,60800.63,0.2803,20,,,0.6966,9.85,,,6.47,0.1147,,,True,594.0,16,3,0
7c7ec9af-d0cc-4331-9732-a6c0c42eb502,Informal/Rural Worker,19333.43,0.4427,11,,,0.6825,9.59,2.58,0.6707,,,,,False,,18,3,0
80976b04-c3c9-4e64-aaa3-2d9ec9f35c1e,Informal/Rural Worker,21395.41,0.4684,14,,,0.7281,8.62,2.49,0.6881,,,,,False,,24,3,0
d802ae6a-bb46-4a2f-aecc-97e2d18ac5bb,Gig Worker,31640.21,0.3763,19,,,,,1.81,0.6158,,,19.63,0.0156,False,,18,3,0
387198f1-5612-455f-bb7f-7095dabfd15b,Small Merchant,92889.38,0.354,24,174576.11,0.7001,0.5421,10.0,1.6,0.6324,3.89,0.2141,,,False,,14,5,0
01d04c66-bb56-488c-bf4a-25f0bcf913df,Gig Worker,30838.69,0.3633,22,,,0.5978,11.13,2.13,0.606,,,19.19,0.0279,False,,16,4,0
fd941145-fd11-434e-b7d6-177e9e4a81c2,Informal/Rural Worker,12510.22,0.4827,12,,,0.513,16.08,,,,,,,False,,12,2,1
9746665a-bd38-4911-a04e-542751423766,Small Merchant,126009.73,0.3928,22,287313.08,0.7095,0.7224,6.07,,,6.4,0.1424,,,False,,20,4,0
9daff0e4-c9ce-4cb1-91e0-1f402170b897,Gig Worker,36613.69,0.4452,23,,,0.7433,11.82,2.23,0.6537,4.7,0.1515,15.86,0.0643,False,,15,5,1
e8779bcb-0268-4f47-aa16-d1c0244deba4,First-time Borrower,85196.81,0.114,29,,,0.9391,1.51,3.24,0.9772,8.28,0.0945,,,True,807.0,27,4,0
dfdeb5aa-1961-4022-b59c-e61b0462a174,Small Merchant,142797.7,0.2617,25,295225.7,0.8005,0.7139,4.83,,,,,,,False,,22,3,0
907f9066-cae5-424e-80ed-46ed5353223f,First-time Borrower,55644.8,0.2046,19,,,0.579,8.95,,,,,,,False,,18,2,0
fec0ac5d-927c-460c-a2a7-330551389953,First-time Borrower,37260.23,0.2321,15,,,0.4723,13.03,,,4.06,0.2537,,,True,470.0,5,3,0
2197beb9-8845-4298-8635-06b030594fc0,Small Merchant,45267.97,0.3231,22,179094.4,0.6743,0.5956,15.94,,,1.56,0.1968,,,False,,9,4,1
23ab8494-afb5-4672-bdc2-e45cd629210a,Gig Worker,36876.25,0.3174,27,,,,,2.86,0.7707,5.24,0.1674,21.29,0.0684,True,744.0,27,4,0
1c9ca352-7fcd-4d7f-861c-c33a61bc8724,First-time Borrower,52481.16,0.2352,18,,,0.6883,9.66,,,,,,,True,703.0,21,2,0
66cb7c97-a4f5-447b-9848-03ff9a08d9d1,First-time Borrower,56939.07,0.256,20,,,0.5929,13.0,,,5.2,0.2109,,,True,577.0,20,3,0
62958ec8-4215-447f-9b9a-a3a73fa675e2,Small Merchant,160932.4,0.2394,28,314730.38,0.7964,0.7855,5.52,,,6.8,0.1288,,,False,,27,4,0
0feeca91-a778-4d40-a26f-90b4b8d5a21e,Gig Worker,37395.39,0.3721,23,,,,,2.37,0.8252,,,16.76,0.1257,False,,27,3,0
fe887d80-741c-4bda-bd05-f1d8de5036c6,First-time Borrower,63474.76,0.1858,24,,,0.6301,7.77,,,7.42,0.1674,,,False,,21,3,0
6aa7f594-6844-4759-a71d-593f61b7d07f,Small Merchant,97921.36,0.3227,26,202872.78,0.7978,0.734,6.93,,,5.23,0.2275,,,False,,22,4,0
e2793490-c221-4951-990f-d33e0677d2c4,Small Merchant,114311.5,0.2913,23,235107.64,0.6198,0.5589,8.87,,,5.19,0.219,,,True,625.0,18,4,1
d5942189-05be-457b-9b61-facddf5d42f8,First-time Borrower,46533.53,0.2241,17,,,0.5745,12.75,,,4.55,0.2042,,,True,540.0,11,3,0
d55141ba-04e8-44c7-bff9-3545fa8d2adc,First-time Borrower,36944.65,0.2729,16,,,0.5858,12.82,,,,,,,False,,16,2,1
defdb2ba-febb-418f-bd94-b01f51da6285,Gig Worker,30491.11,0.4488,22,,,,,2.48,0.7057,,,19.23,0.0383,False,,17,3,0
cb6835a5-f87e-4833-8b65-9b5009646fc8,First-time Borrower,57916.64,0.1894,21,,,0.5967,6.29,,,,,,,True,581.0,18,2,1
a25cfd9d-29ad-4b3c-9697-c3dca69633d8,Gig Worker,36162.59,0.3915,21,,,,,2.24,0.6705,,,19.0,0.0818,False,,21,3,0
a2653e22-063c-4910-ad61-4cb2382ecf12,First-time Borrower,31167.99,0.3552,13,,,0.4748,19.38,0.96,0.4486,,,,,False,,3,3,0
8b1beeae-5646-4e8a-8fd3-c5c156f82108,Small Merchant,177056.88,0.2727,28,401808.43,0.9786,0.7982,2.52,,,8.63,0.1185,,,False,,30,4,0
2ee623f8-7607-4417-b334-a37b7057f6cf,First-time Borrower,47368.62,0.1923,20,,,0.7099,7.81,,,5.57,0.1994,,,False,,16,3,0
1517e522-fb88-45bf-ae90-29b230b598e0,Informal/Rural Worker,21199.36,0.4165,15,,,0.7647,8.5,2.3,0.7214,,,,,False,,21,3,0
e036998b-0872-4c4f-b0c1-d8cff60d4127,First-time Borrower,37408.24,0.2633,18,,,0.6401,12.07,,,2.72,0.1688,,,True,512.0,12,3,1
471c01cb-e6a2-4e2a-bbcb-adbb8c9c9d0a,Informal/Rural Worker,35677.92,0.499,17,,,0.8291,3.14,2.65,0.6986,,,,,False,,29,3,0
71b4a465-8495-4de2-a70c-c779fd801507,Gig Worker,36686.67,0.3057,24,,,0.6582,8.76,2.06,0.6483,,,21.19,0.0358,False,,21,4,0
e43f82ea-d1e1-4c99-a1d7-9b6f327ef1e2,Small Merchant,168028.61,0.353,24,313229.12,0.703,0.7943,9.07,2.83,0.8076,5.79,0.1434,,,True,673.0,23,5,0
b7822b96-d1fe-4099-92d2-faaed06caf2c,Informal/Rural Worker,21447.25,0.4755,14,,,0.6709,9.23,1.87,0.6575,,,,,False,,18,3,0
87dfa01d-7250-4b9b-b65b-f8c4052efef5,First-time Borrower,67579.21,0.244,21,,,0.7662,4.17,,,,,,,True,683.0,21,2,0
b8ced303-dea5-4613-a639-69fb2129772c,Small Merchant,98562.41,0.3628,21,189728.31,0.7236,0.7074,12.89,,,3.77,0.2128,,,True,575.0,14,4,1
f3ad8291-c54b-4478-8bde-052b12e9cbc4,First-time Borrower,72765.83,0.1589,26,,,0.9866,2.17,3.25,0.9739,,,,,False,,29,3,0
dcc0c0c8-1481-4a48-b5bf-32d85398e89a,First-time Borrower,48384.85,0.3062,14,,,0.518,17.88,,,2.84,0.2249,,,True,489.0,10,3,0
f4cf6b34-9741-4c44-a5b2-8f0ae2e06690,Small Merchant,99682.57,0.3849,24,178072.8,0.7419,0.5633,15.05,,,1.95,0.2184,,,False,,16,4,1
2e4f4586-2be7-482e-a22b-fca3a5cdd24d,Small Merchant,74469.24,0.4515,22,180554.86,0.6101,0.5432,12.54,,,2.94,0.2154,,,False,,12,4,1
bf48132b-73b3-422f-be6b-c58f414ef9ec,First-time Borrower,57594.47,0.2213,22,,,0.7795,7.03,3.15,0.8236,,,,,True,588.0,23,3,0
238ec186-7c74-469e-89d1-14dd6a23bba6,Informal/Rural Worker,18028.34,0.47,15,,,,,1.6,0.6727,,,,,False,,16,2,0
5b47dad0-2362-4989-beea-c7211836cfa8,Small Merchant,153265.7,0.3436,21,314031.11,0.6991,,,,,5.39,0.2096,,,False,,19,3,0
9f33ffb4-24c5-4c72-96e8-bb80e183cb17,Small Merchant,137604.3,0.3415,24,291594.14,0.8793,0.6756,10.31,,,7.17,0.1424,,,False,,21,4,0
ecb15c77-8af2-4bec-99d5-8e298039f9a3,Gig Worker,26784.84,0.3419,25,,,,,2.01,0.6738,,,21.32,0.1031,False,,23,3,0
a69a65bf-8605-40b6-b937-4ddec0112333,First-time Borrower,59572.22,0.1782,19,,,0.7595,6.15,,,,,,,False,,26,2,0
20379c34-148f-4755-9026-870741db8501,Gig Worker,41874.49,0.3342,23,,,,,2.62,0.7976,,,25.07,0.2449,True,672.0,24,3,0
2a3ef19b-96cb-474c-8250-35fb2666e9da,First-time Borrower,41302.43,0.1484,16,,,0.666,14.06,1.49,0.5626,5.06,0.2605,,,True,540.0,17,4,1
cbc7c6ad-5517-4cd1-8d40-b1401ba04fb3,First-time Borrower,57738.93,0.2452,20,,,0.7745,8.66,3.04,0.7499,8.21,0.1682,,,True,671.0,19,4,0
76686bdf-e0b9-4228-a67b-be891f9174fd,Gig Worker,37542.75,0.4222,22,,,,,2.73,0.626,,,21.87,0.0736,False,,20,3,0
6f8e7f82-9e00-49d1-84d9-a90ef0319158,First-time Borrower,86932.02,0.0713,21,,,0.8088,5.31,,,,,,,True,787.0,28,2,0
8118880f-39b7-42b7-8b12-4d94d0265132,First-time Borrower,73060.29,0.1693,28,,,0.815,6.06,3.29,0.8955,,,,,True,722.0,24,3,0
748883ce-1b10-418a-a1a9-cfc002bd97b6,Gig Worker,40711.65,0.3451,25,,,,,2.22,0.7463,,,,,False,,21,2,0
8af7d5f0-9edd-4a3a-beff-b48058147c29,First-time Borrower,36889.18,0.2724,13,,,0.4591,11.13,,,4.3,0.1981,,,True,420.0,12,3,0
5dabe79e-68dd-435d-a17a-8fa0405c1413,First-time Borrower,36607.19,0.2618,15,,,0.5765,11.61,,,3.58,0.164,,,True,493.0,11,3,1
62875461-18c7-4a76-ab05-ba00d7653622,Informal/Rural Worker,16442.21,0.6253,9,,,0.5235,14.82,1.83,0.5682,,,,,False,,9,3,0
332cc2d6-2ca6-4b7d-aaee-2c115123db23,Small Merchant,178171.04,0.2834,26,310529.79,0.8125,0.7814,5.65,,,,,,,False,,23,3,0
a55692f5-9591-492b-83cf-06d8c885073f,Small Merchant,147027.66,0.2519,27,340692.59,0.7215,0.7697,6.2,,,7.84,0.1208,,,False,,22,4,0
0396911a-86af-47d6-bf42-3d1fe8d9ebd0,Informal/Rural Worker,16852.81,0.4529,14,,,0.5833,13.1,1.92,0.512,,,,,False,,13,3,0
89c4b3bc-f755-4bfd-9fbb-2d8bd7e5b3ed,First-time Borrower,49605.39,0.2829,14,,,,,,,,,,,True,595.0,19,1,0
f5191fa6-fd2a-4304-a26c-3a4a2506ab03,First-time Borrower,54257.06,0.2841,17,,,0.6812,13.26,,,4.76,0.2163,,,True,574.0,12,3,0
879b39e2-1802-4968-8b38-008be304d5cd,First-time Borrower,50569.4,0.2159,15,,,0.654,6.74,,,4.98,0.1734,,,True,655.0,19,3,0
5596c290-fac7-4bec-b7d8-96fdd7b8a133,Gig Worker,46020.02,0.354,25,,,,,2.5,0.8523,9.2,0.1208,24.68,0.1958,False,,28,4,0
dd2284c5-0f7c-4a30-9aae-55b026c2ac89,Informal/Rural Worker,21032.43,0.576,11,,,0.6463,10.39,2.08,0.6139,,,,,False,,19,3,0
8ba3dcdd-b6cd-412d-bac2-aefd47c1e081,Small Merchant,116118.65,0.3387,24,177707.16,0.6708,0.6516,11.46,,,6.59,0.1762,14.52,-0.0012,False,,15,5,1
f44702d0-c42f-46cf-bf7c-6fcee277383e,First-time Borrower,29794.4,0.2472,13,,,0.5441,17.9,0.94,0.5083,,,,,True,474.0,8,3,1
fcb0fb30-0b11-4c17-8f80-93df22e6559b,Small Merchant,88265.98,0.4084,21,207714.23,0.732,0.6944,14.7,,,3.91,0.164,,,False,,15,4,0
3b2e97e1-f8f6-4956-896f-d898f265910e,Small Merchant,154441.11,0.3682,25,323581.87,0.7743,0.8102,8.87,,,6.65,0.1355,,,False,,26,4,0
c9898fa6-2c68-4ae6-9789-af9fb9e0c7d9,First-time Borrower,27187.12,0.2082,14,,,0.5028,19.2,,,,,,,False,,8,2,1
e9c6818b-fab7-486f-b42e-f22ebeff2a3e,Gig Worker,36055.72,0.3201,21,,,,,2.55,0.6551,,,19.04,0.0281,False,,22,3,0
a9315fa8-9906-4166-9bc2-2061653a0d8f,Small Merchant,116659.83,0.3606,23,235155.36,0.6206,0.7667,7.42,2.0,0.5955,5.27,0.2476,,,False,,16,5,1
2f3a5889-8714-4dcd-9445-afe6be007820,Informal/Rural Worker,21787.19,0.3661,19,,,0.7931,6.15,2.69,0.8022,,,,,False,,25,3,0
3bf6f21b-6e32-40d3-b1b2-98f44fa8cc89,Small Merchant,174893.04,0.307,24,321890.92,0.7152,0.7651,7.49,2.63,0.6967,5.58,0.0989,,,False,,23,5,0
f3257591-8c98-48b9-9488-27f3d42c7d5b,Small Merchant,199869.71,0.233,29,413036.39,0.8843,0.8235,3.0,,,8.13,0.1083,,,False,,34,4,0
56b35d33-71f7-48d1-abd7-e50d8e376e1a,Informal/Rural Worker,19765.12,0.5564,13,,,0.57,12.58,2.27,0.6772,,,,,False,,17,3,0
4e8efa9e-f423-4a50-a177-e086847fbb7f,Gig Worker,26596.78,0.3704,24,,,,,2.38,0.7374,,,14.23,-0.0231,False,,18,3,0
218b21bc-50d7-452b-8ba8-f89925bed0bf,First-time Borrower,66462.1,0.1826,16,,,0.6157,4.07,2.39,0.6424,,,,,True,634.0,16,3,0
f94da883-e705-484e-9433-0de741cc6621,Small Merchant,121244.63,0.3096,24,234119.85,0.7338,0.7327,4.92,2.74,0.6232,5.01,0.2138,,,False,,18,5,0
2be3ca52-a040-478c-8eff-8345227ae6a6,Gig Worker,33228.17,0.402,21,,,,,1.97,0.5098,,,,,False,,11,2,1
a76ad2cd-834b-4c87-98de-045a9dcf919a,First-time Borrower,75834.88,0.1414,23,,,0.8806,4.27,2.27,0.8337,6.79,0.0582,,,True,754.0,26,4,1
fcc02590-c713-47cf-9647-329d891e9201,First-time Borrower,62446.44,0.1453,23,,,0.6365,7.43,,,,,,,True,618.0,22,2,0
680d624b-d7c6-4f5d-863f-125b0bfc18dc,Small Merchant,90966.27,0.3959,21,130790.54,0.6677,0.548,13.93,,,5.87,0.1674,,,True,553.0,13,4,1
d0506b0a-4586-45be-9faf-8f47252dfb8c,First-time Borrower,53772.31,0.1457,19,,,0.7406,9.94,2.45,0.7915,6.32,0.1538,,,False,,17,4,0
bec87a53-8b35-4711-b770-4d04cf582c64,Small Merchant,78073.22,0.3249,22,247897.36,0.6709,0.7184,11.12,1.67,0.6803,4.33,0.1356,,,False,,16,5,1
aee9bad2-40f4-4b58-a73f-a6e27f7e9eea,Informal/Rural Worker,15406.66,0.3883,14,,,0.5942,15.69,2.37,0.558,,,,,False,,18,3,0
262f622d-81a2-40d5-9d1b-fe9ac3b8c88e,Small Merchant,137102.02,0.2064,28,347470.22,0.9061,0.781,4.65,,,7.14,0.1067,,,False,,28,4,0
64b42471-71c0-4ff3-aea3-b8200a6e7201,Gig Worker,30089.43,0.2475,21,,,,,2.07,0.7692,3.03,0.1379,18.85,0.0697,False,,19,4,0
3d016406-567b-49e2-bb6a-dea91c8cb182,First-time Borrower,42489.0,0.2289,18,,,0.6344,9.97,2.19,0.5577,3.55,0.1919,,,True,584.0,17,4,0
9a816614-fc2b-4c22-920b-1ae441ce88df,First-time Borrower,24680.52,0.1692,16,,,0.3656,16.87,,,,,,,True,457.0,3,2,1
5f0027ca-5eea-4fe0-8b25-6bb9d76941c1,Gig Worker,38220.11,0.3121,20,,,,,2.54,0.7507,3.18,0.2036,20.96,0.0086,False,,17,4,0
543abfd7-cfb1-4d73-b754-4b1bf7e56d1e,Small Merchant,112860.8,0.3055,26,273564.4,0.6963,0.6948,7.52,,,4.88,0.1772,,,False,,13,4,0
95ad7ca0-37aa-4431-ae2f-d634a75208e2,Informal/Rural Worker,23777.09,0.3589,20,,,0.8781,5.87,2.73,0.7976,,,,,False,,28,3,0
f30d0f85-6b09-4d79-9af7-c95b2a429844,First-time Borrower,48769.42,0.2691,16,,,0.6081,9.33,,,,,,,False,,21,2,0
94ed541f-cfd6-4df0-be78-0abcc73730dc,Small Merchant,105475.14,0.4213,24,246033.74,0.7134,0.6399,9.89,,,5.07,0.1991,,,False,,16,4,0
5569474d-1859-411b-afa1-761f17c2f5f9,Informal/Rural Worker,25544.92,0.4661,18,,,0.8386,2.28,3.07,0.6791,,,,,False,,28,3,0
875721e1-8eab-41ed-8b66-7722aec8e36a,First-time Borrower,54006.13,0.2579,18,,,0.7687,8.9,,,,,,,True,554.0,18,2,0
632d9634-7af4-4395-8d22-1206b9093365,Small Merchant,93462.3,0.3222,20,201311.91,0.7225,0.6292,9.03,,,4.41,0.2003,,,True,620.0,10,4,1
bc37c184-31bd-4145-ab9f-47d3b01de512,Informal/Rural Worker,13892.85,0.6821,7,,,0.6267,13.6,1.28,0.5791,,,,,False,,14,3,1
96f3e9d9-72d6-4802-ab7a-68be1f3ce0a9,First-time Borrower,33325.73,0.2652,13,,,0.4433,13.13,,,3.16,0.1921,,,False,,9,3,1
2c2aaa78-1c4b-430c-9f25-b3e31d7023e9,Small Merchant,122349.92,0.2499,25,258894.68,0.7842,0.708,9.15,,,5.53,0.1648,,,False,,23,4,0
1ac662c4-2ddb-40f3-983d-a5e3b5157fd3,Small Merchant,58445.93,0.4395,21,153485.1,0.586,0.5856,8.56,1.78,0.4902,3.51,0.2208,,,False,,16,5,0
95ae4d3d-9f0b-4bd4-bde1-ed994c1f0f14,First-time Borrower,38914.02,0.2292,17,,,0.5921,11.2,2.05,0.5749,4.37,0.1824,,,False,,16,4,0
b3478605-5b9b-4a41-9b24-80851ec7aff7,First-time Borrower,53506.63,0.2315,21,,,0.6084,9.33,,,4.16,0.2137,,,False,,14,3,0
d78d7be0-aeba-4ff8-be39-0cbd67c5a220,Small Merchant,126369.86,0.3496,22,248929.13,0.6766,,,,,,,,,True,587.0,20,2,1
7d20b3c6-6fd1-4662-b2cf-2c510244cd87,Gig Worker,51592.28,0.2687,24,,,,,2.72,0.8133,6.09,0.1172,,,False,,26,3,0
556ded65-8589-4ea1-8961-7bfc449af751,First-time Borrower,55283.92,0.199,21,,,0.6777,7.96,,,6.86,0.1395,,,True,621.0,21,3,0
7d2c6c44-3a3b-47f8-a7ce-1316bee6abd7,Informal/Rural Worker,11293.81,0.6257,12,,,0.4701,16.4,1.67,0.6031,,,,,False,,7,3,1
777e9663-5e05-4cf6-88a9-69c419338824,Gig Worker,39900.8,0.2662,24,,,,,2.42,0.6803,7.31,0.2222,21.93,0.1122,True,643.0,22,4,0
09700b86-a44e-4c43-999d-300bda406e9d,Small Merchant,108503.98,0.3428,24,251644.82,0.767,0.7358,8.03,,,6.05,0.1687,,,False,,18,4,0
8a5f2baa-d9c0-42d0-96ac-50bc227cd39b,First-time Borrower,75721.72,0.1595,24,,,0.8992,0.89,,,,,,,False,,29,2,1
ec834f9a-1249-409d-99da-dc2b4e8d83a3,Gig Worker,42747.7,0.2578,28,,,0.9869,5.73,3.58,0.9592,,,27.06,0.2815,False,,25,4,0
21f8e830-63fa-4193-9d33-476896a0a3d8,First-time Borrower,54556.95,0.2845,12,,,0.624,13.91,,,4.85,0.2005,,,True,594.0,16,3,0
b472b35b-3a00-4601-90e4-141a1f7d7234,Informal/Rural Worker,26454.89,0.3884,15,,,0.7279,8.27,2.88,0.8541,,,,,False,,19,3,0
fac2fddb-4608-4ec1-84d0-b3ec77a8bfbb,Informal/Rural Worker,15588.32,0.5612,10,,,0.6236,9.8,2.12,0.6232,,,,,False,,19,3,0
b44ed124-c8e0-460c-9dc5-f58f1432b788,Small Merchant,123191.54,0.2514,24,253741.09,0.6758,0.6939,6.36,,,3.58,0.1816,15.29,-0.011,True,624.0,17,5,0
aa13066e-3048-4d97-b0b7-b468aa7d383c,Informal/Rural Worker,18328.11,0.4884,10,,,0.6348,11.74,2.18,0.7002,,,,,False,,19,3,1
8d749094-5480-4a65-bf58-7574d7f3afd3,Small Merchant,72383.66,0.4906,22,200046.73,0.5921,0.6249,11.89,,,4.49,0.2085,,,True,498.0,15,4,0
88bb9573-0ebe-45f0-8a0e-c5241ee187a6,Gig Worker,32683.55,0.3992,23,,,,,2.12,0.7475,,,19.74,-0.0799,False,,19,3,0
c655ecb5-2e39-4118-b93d-76945d4cc5b7,Small Merchant,89412.94,0.3476,20,209157.16,0.6413,0.5127,9.87,,,2.43,0.1666,,,False,,11,4,0
7b36560e-2bc5-41d2-a775-1c60fc2dd2a4,Small Merchant,125872.85,0.3782,25,301607.75,0.751,0.802,9.39,,,4.06,0.1628,,,False,,18,4,0
9a75c037-912f-4923-abb0-d4630557e926,Small Merchant,162382.42,0.2456,26,408389.24,0.8248,0.9985,3.14,3.25,0.8479,7.35,0.0952,,,False,,26,5,0
76846d1e-c406-4b92-a1b6-4c9cb5a8ebec,Gig Worker,36643.91,0.4195,23,,,0.7763,7.33,2.29,0.6317,,,21.45,0.0921,False,,23,4,0
debede94-9499-408c-9e19-c097c4500bfe,Informal/Rural Worker,18741.95,0.395,15,,,0.6321,7.97,2.32,0.811,,,,,False,,19,3,0
9a20b95d-4178-49af-94c0-d7b80473842c,First-time Borrower,44533.26,0.2438,17,,,0.5467,7.96,2.12,0.4439,,,,,False,,14,3,0
24adb7d7-58e3-456b-bca3-956a68015139,First-time Borrower,53616.29,0.2131,19,,,0.6177,8.08,,,4.28,0.1496,,,True,571.0,22,3,0
5683dc6e-9816-4e94-b892-00e62cfbb350,Gig Worker,28502.94,0.4316,22,,,,,1.89,0.637,3.75,0.1856,15.58,-0.017,False,,23,4,0
1143ec9a-7d87-46df-9c75-7a8250b70f33,First-time Borrower,67696.9,0.095,28,,,0.8911,3.91,,,8.37,0.0988,27.79,0.1193,True,754.0,28,4,0
728ab5bc-788e-4291-a08d-654f11bc99dc,First-time Borrower,74630.25,0.1939,22,,,0.7782,3.65,3.16,0.9166,8.71,0.12,,,True,616.0,27,4,0
81ce6208-1ad5-45f8-b122-b1b371af0eaf,First-time Borrower,55437.0,0.2692,18,,,,,,,4.27,0.2088,,,False,,20,2,0
c78d64a5-8c3d-47fc-a6d7-b46d239c70fc,First-time Borrower,43104.73,0.3069,19,,,0.697,11.74,,,,,,,True,526.0,17,2,0
7e9bbc0b-e1db-4bed-ae5e-a8f03c545d45,Gig Worker,29693.22,0.4193,21,,,,,2.02,0.6942,,,17.15,-0.025,False,,16,3,0
1fab13bb-c388-4e63-951f-b36218bb5886,Informal/Rural Worker,15113.95,0.5766,9,,,0.6493,12.43,1.72,0.5208,,,,,False,,10,3,1
633e7833-61ba-4a3b-b803-2b8ed8cefcfd,First-time Borrower,47580.48,0.2134,19,,,0.6498,10.49,,,5.28,0.1889,,,True,567.0,18,3,0
bc5b7105-8891-4276-a55b-0b75727c86bf,Gig Worker,44520.01,0.262,25,,,,,2.32,0.751,,,23.43,0.1089,False,,18,3,0
9f4c07fd-f14b-488f-8120-3cbd54ac0123,Small Merchant,132556.71,0.28,24,220736.67,0.7439,0.9163,7.34,,,4.25,0.2003,,,False,,21,4,1
696724fc-303d-4ff3-902f-61656fb8d5b7,First-time Borrower,74056.21,0.1473,21,,,0.8345,9.4,3.08,0.831,,,,,False,,22,3,0
fee24d16-bd20-4395-9379-11f70799c327,First-time Borrower,66498.61,0.1732,22,,,0.745,8.2,,,,,,,True,654.0,22,2,0
b9e080dd-1a37-4bfa-9374-0290040ad6c8,Small Merchant,156215.18,0.3234,26,262326.16,0.7509,0.7183,9.34,,,6.95,0.1916,,,False,,19,4,0
63fad63a-5551-4272-ae8e-1ebdcd6bff6d,First-time Borrower,28793.22,0.2808,14,,,0.3649,13.43,,,2.03,0.2243,,,True,537.0,14,3,1
a65cec04-60c9-43d1-831e-18eac3a7b396,Small Merchant,95870.11,0.3187,24,183055.62,0.6236,0.5102,17.72,1.71,0.6643,5.29,0.2264,,,True,532.0,6,5,0
b6817ab2-4863-4627-9fb0-002ddf5e0ceb,First-time Borrower,35514.26,0.2437,16,,,0.6761,7.93,,,,,,,True,587.0,11,2,0
f3191f2a-76b0-47f0-a797-d70e3ebb3c79,Small Merchant,108795.1,0.2363,21,174147.36,0.6817,0.5842,10.31,,,3.91,0.1683,,,False,,21,4,0
18c33ec5-f1b6-4a18-87fc-ba20b16b28bd,Gig Worker,48918.72,0.3092,29,,,,,3.47,0.9723,,,26.09,0.1713,False,,27,3,0
7c552385-c13b-47cd-a72d-b25beb8bdfbd,First-time Borrower,45504.35,0.1905,22,,,0.7031,9.74,,,,,,,True,665.0,21,2,0
b246908c-9af8-4010-8505-dfb1a00480eb,Informal/Rural Worker,15628.02,0.4947,7,,,0.5992,11.51,2.28,0.5641,,,,,False,,19,3,0
f806c035-6f21-45cb-8bb7-5333891cc8ec,Small Merchant,159359.93,0.2634,23,,,0.8068,4.01,3.12,0.7488,7.26,0.1333,,,False,,25,4,0
99f26c56-e61f-46a5-898f-68ef2cff8f8e,Informal/Rural Worker,23268.85,0.346,14,,,0.8866,4.66,2.99,0.8228,,,,,False,,23,3,0
8a02ac71-cb33-407d-9ff8-c7419ee3810b,First-time Borrower,27326.3,0.2749,18,,,0.7019,13.54,1.83,0.5316,5.83,0.1867,,,True,541.0,14,4,0
3d4c0185-843b-45ca-80d7-2c2e392e17ec,Gig Worker,35910.18,0.2865,22,,,0.6288,11.47,2.22,0.783,,,17.47,0.0624,False,,19,4,0
ae97e3c3-6c18-4ba8-91d1-bb5196e9b7b7,Small Merchant,161781.92,0.2092,26,381881.46,0.8399,0.8209,6.01,,,8.8,0.1366,,,False,,29,4,0
b02b8efb-fcf0-4649-8ca8-40a13e3ce16b,Informal/Rural Worker,13771.31,0.4461,10,,,0.5665,9.89,1.54,0.4797,,,,,False,,7,3,0
f1848f9c-59b3-4e40-8aa5-5f4a5a6f64e0,Gig Worker,34422.8,0.4107,18,,,,,2.41,0.7102,,,21.46,-0.0275,False,,11,3,1
fe03ac2d-67e5-4bd6-944a-e813de1806e6,Gig Worker,46709.41,0.329,25,,,0.8212,3.52,2.72,0.8823,,,22.99,0.2167,False,,24,4,0
c94c0ddb-a38c-49ee-8183-c8fa05fbe3f3,Gig Worker,47070.26,0.3982,22,,,,,2.46,0.7105,,,20.57,0.0887,False,,18,3,0
d9221b37-5578-4ae1-a93f-51fe0c8bbb8b,Informal/Rural Worker,20434.61,0.5067,16,,,0.646,7.45,2.19,0.5979,,,,,False,,18,3,0
a08bac9d-0a4b-46e2-b298-65c94a431ccc,First-time Borrower,37716.76,0.1822,18,,,0.6159,13.02,,,,,,,True,557.0,18,2,0
479704fd-d9af-44d6-a632-abf93c4952ec,First-time Borrower,87568.49,0.1722,24,,,0.7743,3.69,,,,,,,False,,24,2,0
46c46a91-b9cb-4c95-9f24-ee863abea951,Small Merchant,92714.57,0.3948,21,137136.07,0.473,0.4312,11.34,1.04,0.5013,4.14,0.2464,,,False,,9,5,0
a33ffeac-24fc-419a-8343-433842c7e2db,Small Merchant,164378.28,0.2979,27,317235.1,0.833,0.7862,3.94,,,,,,,False,,23,3,0
ebc48863-8969-4876-a28e-dcd319cb299c,First-time Borrower,61183.9,0.1522,18,,,0.662,7.5,,,6.28,0.1875,,,True,594.0,16,3,1
528b1b1c-dea6-4750-8474-84754ef84abb,Informal/Rural Worker,24080.33,0.4775,16,,,0.8287,7.05,2.95,0.8459,,,,,False,,18,3,1
f72ad150-cd26-4d78-9fbb-1e95fe3add89,First-time Borrower,71313.45,0.175,19,,,0.7062,6.62,2.51,0.691,,,,,True,609.0,22,3,0
52467c30-8255-4880-ba3a-95ede42680a8,Gig Worker,31309.18,0.448,21,,,,,1.95,0.7153,,,14.98,-0.0329,False,,12,3,0
ca21acca-6a27-45ba-90cd-cd14981ca375,Small Merchant,163591.08,0.2491,26,335904.03,0.8693,0.7092,3.76,2.71,0.9077,6.77,0.1069,26.75,0.1593,False,,26,6,0
f6906b53-e050-4b80-9eae-0e0bcc9d663a,First-time Borrower,46903.2,0.2496,17,,,0.5931,11.73,,,,,,,False,,9,2,0
6f92891f-386c-430d-92d0-736c64811ac8,First-time Borrower,45104.43,0.2399,17,,,0.6588,12.02,,,4.11,0.1892,,,True,563.0,10,3,0
684e5754-c4a9-4dc7-9239-4785bf1fb6ab,Gig Worker,33232.9,0.277,24,,,,,2.88,0.6524,,,16.94,0.0196,False,,16,3,0
6115784a-6920-466b-9bba-095537e7c76b,Small Merchant,146472.24,0.2568,23,310037.31,0.7635,0.8126,5.23,,,6.05,0.1429,,,False,,22,4,0
17194bf5-5a1d-491d-adcf-f9df23d4fdeb,Gig Worker,37414.35,0.3809,21,,,0.8771,4.52,2.59,0.7112,,,20.78,0.095,True,686.0,16,4,1
90a36c03-329f-4667-92c3-2e9a84d5c54c,Small Merchant,128243.76,0.3008,24,331201.26,0.9163,0.7739,3.47,2.42,0.8095,6.93,0.154,24.11,0.0659,False,,20,6,0
28aa6424-5d6a-4c63-9c67-18ca9dcccd7a,Small Merchant,138062.35,0.3003,22,301126.82,0.7327,0.6163,13.88,2.42,0.7064,6.42,0.1857,,,True,604.0,18,5,0
1cf000d6-a710-4e5e-9382-0ea97dd28ec6,Gig Worker,27028.5,0.3552,24,,,0.6787,12.84,1.61,0.58,,,15.64,-0.0701,False,,16,4,0
029f54ac-299c-4472-8c1e-f8d934acea2a,Gig Worker,29678.16,0.3191,20,,,,,2.09,0.7109,,,21.1,0.0411,False,,19,3,0
cef8111a-84b4-4f09-b4be-29b5ec844f5a,Small Merchant,35992.52,0.3519,20,44003.27,0.5608,0.576,16.14,1.72,0.5492,3.39,0.2552,,,True,507.0,9,5,1
a0f5b31e-deb4-4431-94a1-d40aed665969,Gig Worker,45564.4,0.3565,26,,,,,3.16,0.8564,8.53,0.136,26.51,0.1364,False,,26,4,0
525e7ba3-ed19-4c41-b758-a74522eea7f8,First-time Borrower,42771.54,0.1948,18,,,0.584,11.2,1.92,0.63,3.99,0.1492,,,True,567.0,14,4,0
dec5be0b-d8c8-4bd7-a425-2910742f97c9,First-time Borrower,65886.44,0.2206,20,,,0.8066,6.01,,,,,,,True,740.0,21,2,0
661fcdfa-8a72-424d-8bbf-1c398d55923c,Gig Worker,31022.71,0.3504,23,,,,,1.3,0.6253,,,,,False,,19,2,0
73ce6768-9fcf-4a44-b739-3b443e1aed2a,Gig Worker,29614.05,0.4727,17,,,,,1.17,0.5424,,,13.56,-0.043,False,,12,3,0
64c571ef-27af-414b-b6f9-e51261707650,Informal/Rural Worker,21451.1,0.3422,20,,,0.888,5.19,3.35,0.8128,,,,,False,,25,3,1
2d9d0f8b-6c6b-481d-b485-507a8e2afbfc,Gig Worker,42516.77,0.4026,23,,,,,2.58,0.7372,7.96,0.1372,22.19,0.0639,False,,24,4,0
290c2eb1-3a46-4058-bf1a-f8e548139754,First-time Borrower,53253.43,0.2217,17,,,0.6123,13.71,2.24,0.7293,5.62,0.1922,,,False,,17,4,0
68111a00-c53e-413d-9f42-3d044113957e,Gig Worker,34733.35,0.3154,26,,,,,2.37,0.7275,4.83,0.1207,18.85,0.0873,False,,20,4,0
03919560-c554-4311-b57a-d06694b30831,Gig Worker,50756.22,0.2162,27,,,0.8204,0.36,2.98,0.8604,,,26.99,0.2186,False,,26,4,0
5855f6e3-571d-4b9a-a7c0-6347d58bacc0,First-time Borrower,36645.55,0.2751,16,,,0.4809,13.12,1.33,0.4978,4.55,0.2298,,,True,541.0,15,4,0
147b2cd9-b314-4ec5-975d-da16af697880,First-time Borrower,60720.21,0.2034,18,,,0.6969,8.49,,,7.71,0.1968,,,True,686.0,18,3,0
fcb5d013-95a0-49a0-b835-c0bee03d9b06,First-time Borrower,53293.78,0.3235,14,,,0.5438,13.8,,,,,,,False,,13,2,0
97a23cc3-8b8a-413e-b842-301841c40c48,Gig Worker,25735.6,0.5388,19,,,,,1.44,0.4486,,,11.07,-0.0105,True,379.0,12,3,0
dfd538fe-7a3c-4e4a-9b37-991410948913,Small Merchant,117870.57,0.3788,22,238736.58,0.6346,0.5603,13.72,,,,,,,False,,11,3,0
bbd759e2-ce57-49a7-8ad5-a431386543a1,Informal/Rural Worker,14565.78,0.4862,16,,,0.6297,15.19,1.61,0.7004,,,,,False,,13,3,0
6ea9a005-04c3-45ae-b5b2-d3da01dbfec7,Gig Worker,51796.67,0.355,25,,,0.7042,1.2,2.81,0.7565,,,23.41,0.0862,True,708.0,28,4,0
7179302f-aaf2-475a-ade8-8787bde99a13,Gig Worker,28526.55,0.3682,21,,,0.5623,9.02,2.49,0.5704,4.52,0.1716,17.33,0.0599,False,,17,5,1
5358a9d3-4f29-4b9b-8f9d-9b27fba727c0,Informal/Rural Worker,12992.91,0.4252,10,,,0.5758,9.37,1.76,0.677,,,,,False,,9,3,0
dadcb5bd-4d7d-4f29-8618-1388ef709750,First-time Borrower,52239.07,0.232,19,,,0.6228,9.03,2.03,0.752,,,,,True,573.0,21,3,1
0a748041-ddf7-4ace-b36f-a30aecc70b6d,Informal/Rural Worker,27327.8,0.3708,18,,,0.7926,0.0,2.92,0.9725,,,,,False,,31,3,0
6b9d4f43-05c0-4854-851f-bd6c3d166094,Informal/Rural Worker,22941.15,0.468,15,,,0.7836,6.35,3.07,0.8087,,,,,False,,27,3,0
5378305e-7152-428b-b2a0-86b74068952d,First-time Borrower,36088.86,0.2013,14,,,0.541,17.68,,,3.56,0.211,,,True,467.0,15,3,0
bd5cea68-1403-4189-930b-5e611692178e,Gig Worker,27998.98,0.3344,22,,,,,2.47,0.6764,,,20.4,0.0937,False,,14,3,0
ff8eefcf-e87a-419c-b9f8-c3760c1cc6a9,First-time Borrower,52825.06,0.2266,19,,,0.5946,10.62,,,4.17,0.1229,16.93,0.0222,True,539.0,19,4,0
701949fc-06aa-4704-8ded-0f93cd0e5901,First-time Borrower,29706.81,0.3647,15,,,0.5274,11.51,1.87,0.6022,,,,,False,,16,3,0
aeebecef-216a-4abc-a899-d7e1f15b5f92,Gig Worker,23103.12,0.5223,20,,,0.4887,16.89,1.64,0.604,3.24,0.1675,16.91,-0.0904,False,,15,5,1
1237fe69-09d0-4e01-8fbc-d79c64d279e8,Gig Worker,44057.56,0.2763,23,,,0.8413,3.69,3.5,0.835,,,23.89,0.1311,False,,33,4,0
dd8b0b24-3565-4b3e-95c2-ea866af49588,Informal/Rural Worker,20174.44,0.4872,15,,,0.6935,10.32,2.79,0.7079,,,,,False,,21,3,0
06c6896c-c6fd-4825-8e03-d77b46d7fd80,Informal/Rural Worker,15254.06,0.415,13,,,0.6729,6.71,2.01,0.6618,,,,,False,,16,3,0
4b962c2f-2d1d-499b-b5af-c0dd50e14816,Small Merchant,117663.04,0.3053,24,248169.73,0.5868,0.6951,12.22,,,4.71,0.1346,,,True,590.0,19,4,0
79f27814-0f6b-4291-afc3-fcc7901b2b1a,Informal/Rural Worker,26079.22,0.3423,17,,,0.8206,6.25,3.39,0.8591,,,,,False,,27,3,0
5518b2f1-bade-427a-b0e4-381b2f288072,Gig Worker,49076.23,0.1968,27,,,,,,,,,24.57,0.2361,False,,29,2,0
e8f3056f-4adf-4c63-9c48-bf95ae27273f,Informal/Rural Worker,18180.8,0.5314,12,,,0.5848,9.65,1.83,0.696,,,,,False,,15,3,0
291cc8fd-1095-4a49-94bc-89dd3aab91d1,Small Merchant,92804.16,0.376,24,187972.7,0.6638,0.5908,11.84,2.0,0.6412,4.84,0.2359,,,False,,10,5,0
8de70a6a-230d-4e31-9069-c9f70014aa92,Small Merchant,67804.48,0.3925,21,145536.97,0.529,0.5727,16.7,,,3.85,0.2158,,,False,,11,4,1
6fd5cd54-d95b-4526-b7a9-0957367ef9a6,Gig Worker,29878.98,0.3942,24,,,,,2.26,0.7017,,,19.5,0.1184,True,642.0,21,3,0
372b9a81-0b39-4e11-9046-92c7070d3f52,Small Merchant,90245.19,0.3951,21,203650.3,0.5796,0.6375,11.95,,,4.91,0.2713,,,True,529.0,17,4,0
c9ed3131-c41f-42b3-864a-12bebb3b65d2,First-time Borrower,44408.1,0.2524,21,,,0.6765,10.89,,,,,,,True,573.0,18,2,0
def4b000-a6aa-4763-afdf-314327baa494,Small Merchant,74654.75,0.4392,23,172957.36,0.5165,0.581,15.46,,,2.47,0.1762,,,False,,11,4,0
37c876f9-b414-4c1e-842b-0ea89d76c571,Small Merchant,109654.35,0.3696,24,256130.88,0.6807,0.5759,11.48,,,7.04,0.1347,,,False,,13,4,0
655e6a76-e099-4af1-9dd1-54bb08233b18,First-time Borrower,49578.89,0.2143,16,,,0.5006,12.7,,,,,,,True,462.0,12,2,0
82f46c6f-f728-44be-9ef0-4f1b3e708081,First-time Borrower,32348.57,0.266,16,,,0.6354,8.85,,,,,,,True,527.0,14,2,0
74b5607f-d635-4a12-ab38-95f40836ba5e,Small Merchant,61402.44,0.4133,21,177410.96,0.669,0.4371,14.17,,,4.85,0.183,15.35,0.0318,False,,13,5,1
203bc945-e515-4b16-8e35-890d07173932,Small Merchant,106429.68,0.3276,21,202321.71,0.6339,0.6184,13.59,2.0,0.5729,5.75,0.2219,,,True,609.0,21,5,0
1ce1c8bd-fbf8-4844-aedf-53746e9e5ba9,Gig Worker,16646.95,0.4465,18,,,,,1.44,0.5443,2.66,0.2207,14.38,-0.0603,False,,9,4,1
3d38af55-96fd-4f68-965c-cf7c9d2774e7,Informal/Rural Worker,14930.62,0.4526,12,,,,,1.93,0.6288,,,,,False,,13,2,1
ea7214ee-05c2-464a-af55-104006d57567,First-time Borrower,26866.25,0.2896,13,,,,,,,,,,,True,482.0,7,1,1
6c475533-48da-4591-9b6c-ae88403d3377,Informal/Rural Worker,29503.18,0.3183,22,,,0.8695,0.72,3.43,1.0,,,,,False,,26,3,0
0b609b76-ab1f-4adb-a922-592651b939c4,Small Merchant,172701.91,0.1872,27,309680.29,0.7912,0.7518,7.87,2.46,0.7275,5.74,0.1272,,,False,,23,5,0
3cf5a594-0f55-41cb-a8cd-1193214464c5,First-time Borrower,29831.32,0.2881,13,,,0.3827,17.51,,,,,,,True,493.0,7,2,1
c783fd9a-2fa4-43b6-a1c5-de69d08bdbe4,First-time Borrower,75452.48,0.2193,23,,,0.7864,1.92,3.51,0.8329,,,,,False,,31,3,0
25a2404a-a630-4db7-8e55-0d54865091ca,Gig Worker,44570.83,0.2958,28,,,,,3.35,0.8263,,,25.87,0.2103,False,,31,3,0
e36d98d5-7269-4e2f-8357-06a06c612d87,Small Merchant,127049.12,0.4009,22,234482.96,0.5792,0.6531,15.14,,,5.88,0.1763,,,False,,16,4,0
60e0e465-b776-4047-af0f-ff9cbfaad3d2,Small Merchant,97929.96,0.4043,21,205974.71,0.7004,0.7086,9.82,,,6.08,0.1642,,,True,598.0,17,4,0
714c8059-952d-4b55-847e-d6dc740269c1,Informal/Rural Worker,32496.07,0.4453,19,,,0.8304,2.74,3.32,0.9162,,,,,False,,27,3,1
951746ba-cbd6-4b97-abc5-d71975028526,First-time Borrower,68315.47,0.2015,20,,,0.7543,9.68,,,7.69,0.182,,,True,635.0,20,3,0
6a28610e-9e91-4350-920b-8e08855f9f78,Small Merchant,143391.01,0.2697,26,264220.2,0.884,0.7769,4.92,,,7.93,0.1084,,,False,,26,4,0
676e0c07-9f5e-49fe-977e-357fae3a4f03,Small Merchant,69981.06,0.4714,22,129809.78,0.5874,0.5207,11.94,,,2.34,0.1993,,,False,,8,4,0
4fa64b2e-69b6-4230-a02f-aeacf03e1ac5,First-time Borrower,26660.08,0.2875,11,,,0.5488,16.94,,,,,,,True,402.0,8,2,1
9e4f967b-64af-40ba-b119-ee17b7db5050,Informal/Rural Worker,19729.61,0.5944,11,,,0.6038,9.36,1.89,0.6226,,,,,False,,20,3,0
0b327e01-1154-4b68-beca-66091d2d7dca,First-time Borrower,50549.24,0.2271,19,,,0.589,7.23,,,,,,,False,,20,2,0
dbc18888-eeb5-43c0-b1b3-2b9651569109,Gig Worker,40705.35,0.4666,25,,,0.7524,9.87,2.83,0.7365,,,23.62,0.0279,True,647.0,21,4,0
f9265f5a-4d87-4003-84d2-32148b57b0f0,Small Merchant,74190.14,0.434,21,166443.78,0.487,0.5437,14.25,,,5.11,0.2631,,,False,,10,4,1
ddc447ef-757b-421e-bcd9-dc670a71f649,Informal/Rural Worker,27303.04,0.471,13,,,0.7627,8.61,2.59,0.7734,,,,,False,,24,3,0
242be76d-dd09-419c-a835-a761c0c8e9cf,Informal/Rural Worker,21754.23,0.4529,17,,,,,3.0,0.789,,,,,False,,27,2,0
ed40390f-9966-4195-a3e2-dfb51fe3348e,Gig Worker,44184.56,0.3635,22,,,0.8687,7.68,3.59,0.8662,7.0,0.1343,24.0,0.1624,False,,28,5,0
96ff30aa-b1f1-499e-b558-1a2a240913ca,Gig Worker,39581.78,0.325,24,,,0.7257,2.15,2.37,0.7413,,,22.66,0.2103,False,,23,4,0
73cfc144-df49-462d-a1f0-028cbe67a0a2,Informal/Rural Worker,20299.36,0.5127,11,,,0.6521,12.2,2.16,0.6647,,,,,False,,19,3,1
8fc07360-2f61-4e0f-b449-78ffd05a22d0,First-time Borrower,61878.37,0.1809,25,,,0.7576,8.57,,,5.4,0.1466,,,True,654.0,20,3,0
6828197f-d296-4259-9dc8-d9e12289d15a,First-time Borrower,60279.66,0.3057,16,,,0.6787,6.92,,,5.71,0.1775,,,True,624.0,22,3,0
a8806134-857c-4b40-9980-648ecccb35bf,Gig Worker,28259.9,0.4437,22,,,0.6986,13.33,1.65,0.6253,6.73,0.1651,15.36,-0.0744,False,,18,5,0
132f6152-7a6b-4b31-9f80-3bef38b0cb18,Small Merchant,79951.16,0.3781,22,182654.29,0.6918,0.6909,15.25,1.69,0.5126,4.75,0.1896,,,False,,13,5,0
aa2a1a8d-0d86-4b2d-b701-69a79bda0860,Informal/Rural Worker,22740.95,0.349,18,,,0.8094,6.07,2.6,0.6775,,,,,False,,28,3,0
22197613-f937-492a-9311-d97c5b5e0925,Small Merchant,195558.31,0.2716,26,396332.52,1.0,0.9712,2.44,,,8.55,0.0782,,,False,,25,4,0
9e585894-951b-49cc-a4d8-574a607de2ef,Small Merchant,63368.38,0.4204,19,115239.89,0.5645,0.5566,17.82,1.88,0.4531,,,,,False,,12,4,1
0c345bbc-ddd5-4915-a3c9-71774575cc8d,Small Merchant,132095.87,0.312,27,298473.43,0.8033,0.7417,4.34,2.27,0.7633,6.69,0.1813,,,True,709.0,22,5,1
d909b28f-a456-4375-9fee-655cddaca591,First-time Borrower,62820.1,0.1514,21,,,0.7821,10.76,,,,,,,True,688.0,22,2,0
4e732fad-bbce-4ed9-9a72-691ad8d17b23,Small Merchant,167541.41,0.3166,26,306326.87,0.8558,0.7522,8.1,2.55,0.7017,,,,,True,661.0,25,4,0
371f9881-11ee-446c-86b1-48e5a42fdd92,Informal/Rural Worker,11895.26,0.5878,12,,,0.6286,14.03,1.54,0.5397,,,,,False,,12,3,1
7b02353c-936b-40d9-b19c-52dea83b750a,Informal/Rural Worker,13547.18,0.5533,11,,,0.5967,16.53,1.65,0.5248,,,,,False,,6,3,1
0cbe92e2-8ea1-495d-9793-fd3a61b5851d,First-time Borrower,42043.88,0.2077,21,,,0.6933,11.07,,,2.69,0.1713,,,True,605.0,16,3,0
185eaa14-04f6-4d0f-9cec-b0c3b27e83e7,Informal/Rural Worker,20933.4,0.5173,13,,,0.5876,12.29,1.9,0.6335,,,,,False,,16,3,0
d1a165f5-01de-4082-b5a5-7641a7e987e3,Informal/Rural Worker,25555.59,0.4402,17,,,0.8562,4.11,2.99,0.8235,,,,,False,,25,3,1
59a0bae9-c2e1-4866-a975-4a35c61fddd6,Informal/Rural Worker,29349.2,0.4449,11,,,0.8278,11.91,2.99,0.7367,,,,,False,,27,3,1
ce63fb5b-6840-4f89-93bc-cae27475962a,Informal/Rural Worker,21675.07,0.4681,16,,,,,1.84,0.6789,,,,,False,,20,2,0
03e8d64d-e9ac-4336-8c45-75c149810e1e,Gig Worker,27522.05,0.4242,21,,,,,2.51,0.6763,7.54,0.18,,,False,,18,3,1
81b79f25-dc87-4854-a3d3-f660d8b8c5be,Informal/Rural Worker,28850.71,0.3878,19,,,0.908,2.89,3.12,0.9209,,,,,False,,25,3,0
962dd4f0-5de6-4098-bea4-ed390eca3aa9,Small Merchant,80542.71,0.3968,25,240038.52,0.7206,0.6225,12.14,1.84,0.5998,5.74,0.1871,17.75,-0.061,False,,14,6,1
53b8a2b3-e7f1-4c15-b8e0-67ebba3de082,Informal/Rural Worker,20438.31,0.5387,17,,,0.7881,5.35,2.12,0.7235,,,,,False,,17,3,0
3ecbf2c8-5e68-410d-9568-aff2de30eaf8,First-time Borrower,83598.62,0.123,27,,,,,,,9.06,0.0952,,,True,735.0,28,2,0
647e99f1-6c65-4d87-9544-171daf709373,First-time Borrower,63394.66,0.1891,18,,,0.7298,9.5,2.31,0.8001,,,21.36,0.1138,True,684.0,21,4,0
7f91069a-af97-4f72-bafd-486d738c9759,Small Merchant,115532.55,0.281,24,223376.91,0.6648,0.7231,9.73,,,5.74,0.1095,,,False,,13,4,0
d2eec7ae-f8d0-4292-8ab3-17be91d58014,First-time Borrower,22649.77,0.2558,13,,,0.5987,15.42,0.5,0.5552,,,,,True,474.0,8,3,0
6ce1c73e-5836-4ce0-be22-c4cc474b78ac,Small Merchant,82977.94,0.4588,23,153381.17,0.6431,0.6039,11.59,1.89,0.543,3.74,0.2053,,,False,,12,5,0
e581c168-a0bc-4c6d-8203-20a8767779c5,Informal/Rural Worker,17538.12,0.5647,14,,,0.5715,11.41,1.48,0.5811,,,,,False,,14,3,1
46287e6d-fc33-47e5-a30d-9b5867470752,Small Merchant,180731.53,0.1441,27,382614.34,0.829,,,3.16,0.9589,8.14,0.1102,,,False,,28,4,0
5e3aa3b1-384a-4eca-836b-ba8a8fdea1f3,First-time Borrower,75297.37,0.1651,20,,,0.9776,8.58,2.77,0.8064,,,,,True,718.0,24,3,0
5a3a59da-6d80-4935-aadf-37c9832885cf,Gig Worker,30641.79,0.3995,25,,,,,2.72,0.7586,5.22,0.1433,18.0,0.1424,False,,18,4,1
37124bde-00b3-4086-969e-09c49a0f56b9,Informal/Rural Worker,12797.63,0.5049,8,,,0.491,14.23,2.13,0.5355,,,,,False,,13,3,0
6d1ab6ea-6528-4e4b-ae51-1b28f9c937c4,Gig Worker,38115.78,0.329,21,,,,,2.82,0.781,,,18.9,0.1292,False,,19,3,0
f099f6a3-9874-4bf9-a6be-1815081de708,Informal/Rural Worker,20420.57,0.4302,13,,,0.7135,8.01,2.28,0.9193,,,,,False,,25,3,0
c9e2e87f-e5c5-429b-9821-81dc9eb518ab,Small Merchant,72436.92,0.2327,25,234200.83,0.7041,0.6439,13.25,,,5.38,0.1544,,,False,,10,4,1
7ec3c0b9-5d74-4d63-92cf-3a95d074f423,First-time Borrower,77595.19,0.1899,27,,,0.7493,3.86,3.24,0.8194,8.83,0.148,,,True,717.0,26,4,0
680fa9b1-2d24-4123-b7ac-5c2cc206752a,Gig Worker,44928.01,0.3785,25,,,,,2.7,0.8402,,,23.66,0.1726,False,,28,3,1
e90f49ee-2b59-412c-8395-6436e567d9fe,First-time Borrower,46152.62,0.2426,19,,,0.6179,15.63,1.75,0.6676,,,,,False,,17,3,0
6f9fbe2a-f79e-468b-ad40-d72377bd9b72,Small Merchant,143447.84,0.2561,23,273676.46,0.854,0.7523,7.45,,,7.29,0.1766,,,False,,18,4,0
cb05acef-06d0-4554-8fb5-fa7546984ce0,Gig Worker,31599.49,0.4382,21,,,0.6646,11.2,2.7,0.6876,,,14.33,-0.0852,False,,19,4,0
4af67688-c73b-45f2-a9c8-07615c944a3b,First-time Borrower,44020.03,0.2713,16,,,0.639,9.85,,,3.55,0.1715,14.99,0.097,True,571.0,15,4,0
29bcfb06-4db4-4965-b0cc-10111d2f7093,Informal/Rural Worker,19395.77,0.2948,16,,,,,2.37,0.7032,,,,,False,,18,2,0
80d40804-7f1f-421a-97a8-fb897b0a8e9b,First-time Borrower,46447.79,0.1949,19,,,0.4633,9.96,,,,,,,True,569.0,17,2,1
ca248831-57e6-46be-a366-f166126ee62f,Small Merchant,110171.39,0.3736,25,229607.74,0.6885,0.7563,8.26,,,,,,,False,,16,3,0
6cd6d775-d41a-42ec-930a-57883976cbda,Small Merchant,163497.83,0.2328,25,292668.5,0.8651,0.7639,7.26,,,6.3,0.1559,,,True,689.0,27,4,0
24ec8ee4-33b3-4039-9a63-110b1137c3ab,Gig Worker,26372.09,0.4797,23,,,0.5537,16.12,1.42,0.4987,3.42,0.1699,15.81,-0.1314,False,,14,5,0
6eca857e-8baf-4a5c-b8d9-c1214a04c325,Small Merchant,119515.5,0.382,23,242531.42,0.8171,0.7555,10.73,,,7.14,0.1469,20.64,-0.0185,True,643.0,18,5,0
ea5130ed-830c-4e24-ad71-deea4f40ee43,First-time Borrower,73339.28,0.1699,25,,,0.9699,4.66,,,,,,,True,774.0,29,2,0
43fad223-04a0-4b85-8a41-0b1e0f13c345,Gig Worker,19972.71,0.5731,18,,,,,1.16,0.4833,,,14.65,-0.0925,False,,11,3,0
f66a201c-6d6d-4105-9800-1c199fe7e7f7,Gig Worker,35810.59,0.2991,22,,,,,2.56,0.8169,,,24.65,-0.0446,False,,23,3,0
600f7928-f124-4538-b13a-db27f0e33d13,Gig Worker,31045.61,0.388,22,,,,,1.5,0.6221,5.2,0.1448,19.44,0.0407,False,,19,4,0
ae33db29-190c-421a-9912-0926d230f974,Gig Worker,32101.3,0.3785,24,,,0.6812,7.02,2.32,0.7437,,,16.45,0.0021,False,,24,4,0
f7fdbe60-ff77-422e-ae45-ff40bf2c4877,Gig Worker,38386.02,0.4242,26,,,,,2.19,0.7198,,,17.83,0.0668,False,,20,3,0
5dadc56a-7dde-4a1e-936e-cce47631b363,Gig Worker,19591.58,0.4094,20,,,0.3806,12.91,1.49,0.2403,1.87,0.2284,12.85,-0.1588,False,,14,5,1
816c1a5a-a104-4192-8e58-56498b894f9f,Gig Worker,42370.13,0.4614,21,,,,,2.57,0.591,,,18.51,-0.0193,False,,15,3,0
002213ea-df65-40d8-9be0-54521ac83618,First-time Borrower,45777.74,0.179,19,,,0.5151,9.81,,,4.07,0.2022,,,True,562.0,23,3,0
3fc03b1f-552d-4f35-bbcd-759e6b61457e,Small Merchant,130016.04,0.2163,25,308474.29,0.8713,0.8179,4.93,,,5.48,0.1418,,,False,,22,4,0
72b42348-aa10-4432-9309-1c8509d31ff6,First-time Borrower,54568.52,0.2255,20,,,0.7689,11.66,,,,,17.77,0.0829,True,635.0,19,3,0
7bc99ac4-4d65-4141-9324-c990c94d2282,Informal/Rural Worker,20000.1,0.5066,12,,,0.7402,10.61,2.33,0.6414,,,,,False,,21,3,0
3c5c0bcf-34b9-4058-b161-3e58fa6fb272,Informal/Rural Worker,15956.56,0.3937,9,,,0.6442,11.65,2.17,0.5978,,,,,False,,14,3,0
dc6e2e2b-1e71-44de-a5e8-0865ab5b68dc,Gig Worker,39491.63,0.3485,22,,,,,2.76,0.7554,,,23.52,0.0913,False,,20,3,0
2f1a7469-b159-45ad-aab2-49b70dd195ca,Small Merchant,207464.56,0.1775,30,410037.78,0.8864,0.9013,0.54,,,8.62,0.0879,,,False,,27,4,0
94b2d4af-65a9-4eb0-a8e9-324f0f780810,First-time Borrower,80414.75,0.159,24,,,0.7723,7.29,,,,,,,False,,28,2,0
2f48e8ed-a1dc-4ad8-97f6-8c4669445e05,Gig Worker,40156.37,0.3303,24,,,,,2.36,0.6779,,,24.87,-0.0506,False,,25,3,0
e44018ff-e5be-4315-8f18-5f08f3c50afd,Gig Worker,17511.68,0.536,17,,,0.5258,12.98,1.31,0.5859,2.07,0.2528,11.82,-0.1377,False,,9,5,1
e0437aac-d6c5-4a9a-8e27-c69ed4d1cebd,Gig Worker,38162.89,0.3292,22,,,0.6968,9.88,2.37,0.7552,,,17.49,-0.0204,False,,16,4,0
05eabd95-cd19-4bbf-9f99-75c7d2e71936,First-time Borrower,74838.48,0.142,21,,,0.8654,5.68,2.33,0.6603,,,,,True,705.0,20,3,0
7da84397-15c1-4d54-9e8b-239c9954982b,First-time Borrower,34877.95,0.2802,17,,,0.5173,11.29,2.1,0.6378,,,18.12,-0.0073,False,,16,4,0
548c9ae0-46e7-4843-9f63-ce2f43e02d1f,Gig Worker,26225.21,0.4516,22,,,,,2.03,0.6016,,,17.83,-0.0683,False,,14,3,1
0ff1f987-2579-455b-b942-4cb6901de76a,Informal/Rural Worker,29293.42,0.4386,19,,,,,2.6,0.7521,,,,,False,,27,2,0
270cd14e-d6f0-4650-b224-30383be59bb2,First-time Borrower,50171.58,0.2128,18,,,0.5925,7.21,,,5.1,0.1382,16.18,0.0606,True,608.0,16,4,0
52b4ff20-4170-4de9-938b-3f43ea368702,Gig Worker,38700.76,0.2979,28,,,,,3.13,0.9238,,,22.72,0.2206,True,749.0,28,3,0
801384aa-2e7e-40b6-8460-6e9d3185795c,Gig Worker,50214.5,0.2375,28,,,,,3.06,0.8833,,,26.44,0.134,False,,36,3,0
12f9f72b-44de-40df-8740-bc7d100dbc79,Gig Worker,38908.81,0.364,26,,,,,2.7,0.8084,6.9,0.1118,23.18,0.2233,False,,28,4,0
ff9cb936-c69a-4ac8-96e9-9bef837525a5,Small Merchant,82391.05,0.5025,18,110520.06,0.5284,0.6477,10.9,,,3.0,0.1447,,,False,,8,4,0
07dd60b9-1d6d-48b5-9e44-5f2c15e4b776,Informal/Rural Worker,32141.53,0.3836,16,,,0.8371,3.24,3.32,0.8992,,,,,False,,19,3,0
ad952a4a-0626-4767-9d69-63daabc9cdd4,Gig Worker,19709.32,0.5373,17,,,0.4015,15.21,1.88,0.4711,,,14.48,-0.1708,False,,14,4,0
af8d9f8e-b7dd-441d-94df-1f5b0d782ab9,First-time Borrower,50133.67,0.2338,19,,,0.7757,5.9,,,,,,,True,623.0,20,2,0
ca1b3299-a3b5-4c8e-a620-b56363fb2ff8,First-time Borrower,43539.6,0.1956,19,,,0.5946,12.2,,,7.21,0.1908,,,False,,14,3,0
a85c53e9-9462-40a4-a25e-a0df380bd12d,Small Merchant,130453.01,0.2934,24,276571.07,0.6811,0.6664,9.57,,,6.06,0.1786,,,False,,18,4,0
02160f29-5305-43b6-a344-6dadea53823e,Informal/Rural Worker,22753.19,0.4817,20,,,0.8303,6.71,2.84,0.8004,,,,,False,,23,3,0
f5286cd6-8507-47bf-a712-1436286c2c9c,First-time Borrower,40470.73,0.3077,15,,,0.5278,12.61,2.25,0.5014,,,,,True,513.0,14,3,1
23451bdf-c1d9-43c4-851d-686b66008fd1,First-time Borrower,72128.02,0.1942,24,,,0.7568,3.97,,,,,,,True,718.0,25,2,0
fd33c74e-782d-43f9-b271-ebfb9b87304d,Informal/Rural Worker,14210.67,0.5253,9,,,0.5581,10.47,1.79,0.6134,,,,,False,,12,3,0
6d1721b0-f27b-44f6-89b3-5e4abe0434b7,First-time Borrower,58452.94,0.1521,20,,,0.6854,6.59,,,,,,,True,593.0,17,2,0
7ac79987-7169-4b71-8923-baa48981197a,Gig Worker,18944.1,0.4897,22,,,0.5166,16.22,1.59,0.4531,,,11.26,-0.0455,False,,10,4,1
309541b6-3b84-4af5-b7a0-9a350ab4192d,Informal/Rural Worker,16083.37,0.5879,9,,,0.5351,7.88,1.49,0.6899,,,,,False,,16,3,0
617ad99d-06d2-4cf6-9e2a-e6d814d0a267,Informal/Rural Worker,13183.94,0.6047,14,,,0.4524,15.66,1.69,0.5827,,,,,False,,11,3,0
8fa4bccd-e123-4ee9-9d8c-554b9194d11a,Informal/Rural Worker,21323.68,0.543,14,,,0.6087,11.2,2.14,0.6202,,,,,False,,19,3,0
fa8b5ef8-3423-4d28-9105-39034802b551,Informal/Rural Worker,19237.05,0.5183,14,,,0.5344,12.34,2.25,0.7365,,,,,False,,14,3,0
76936dc7-1678-4bbf-8f3a-2e51a35b92af,Gig Worker,30044.34,0.4008,19,,,,,1.84,0.5693,,,17.23,-0.0612,True,569.0,15,3,0
0dd5f2f0-cbc2-4901-9234-6edc0bd7bd99,First-time Borrower,57471.95,0.3223,21,,,0.6127,14.79,,,,,,,False,,20,2,1
6bc193e1-d46c-4b0c-8a64-7a4042b50662,First-time Borrower,30443.07,0.2587,13,,,0.5166,17.1,,,,,,,False,,8,2,0
15e3e1cb-9dd6-42ad-bac1-2855c476e93d,Gig Worker,33883.46,0.3808,21,,,,,1.96,0.6286,,,22.21,-0.022,False,,21,3,0
15407c72-1374-4a2a-9285-82e7b4edbbd4,Small Merchant,190205.69,0.1842,27,454790.68,0.9609,0.8643,2.31,,,9.32,0.1409,,,False,,25,4,0
59a26fb8-601f-447a-9e2d-fca3c261f540,First-time Borrower,35705.93,0.2555,17,,,0.6476,10.69,,,,,,,False,,14,2,1
7e660421-77fd-473b-a7ee-cc8933f187f5,Small Merchant,141435.36,0.2652,27,332849.88,0.8523,0.7969,7.24,2.64,0.7969,6.92,0.1277,,,False,,23,5,0
4da59e1f-eb59-4d4e-81c2-3413ea36eb70,Informal/Rural Worker,18519.57,0.4774,15,,,0.6411,9.51,2.65,0.6336,,,,,True,686.0,21,3,0
821953f2-34b4-420d-9370-a79715949e27,First-time Borrower,77763.54,0.174,21,,,0.7721,2.78,,,,,,,False,,23,2,0
1ecb9201-2431-4b89-9244-1278523e7be6,First-time Borrower,45803.67,0.2907,14,,,0.6799,12.0,2.25,0.548,3.34,0.215,,,True,532.0,23,4,0
060e6849-26a6-44a2-859f-6627171b2394,Small Merchant,128651.46,0.3163,23,234443.93,0.7489,0.5909,7.36,,,,,,,False,,18,3,0
42f0b1d1-985a-4362-92ea-5227825c6581,Gig Worker,39248.71,0.2542,25,,,,,2.8,0.7681,,,23.26,0.1612,True,674.0,24,3,0
59ea952a-028b-46a5-b122-8c3b647f17a9,Small Merchant,108363.9,0.2969,22,302363.05,0.8308,0.7493,11.02,,,3.92,0.2154,,,False,,20,4,0
619f62b6-5e70-44ff-93c7-d33083a975ee,Small Merchant,71148.68,0.3893,22,221391.14,0.6614,0.5492,12.21,,,3.48,0.2081,,,False,,13,4,1
bda44452-ba7a-4127-842a-00e7d6f40f92,First-time Borrower,39232.27,0.2683,16,,,0.4703,12.74,,,,,16.79,0.102,True,624.0,14,3,1
801dad90-1b98-424d-8d4b-4a2ce712bb0f,Informal/Rural Worker,28057.52,0.447,13,,,0.7108,9.25,2.07,0.7207,,,,,False,,26,3,0
189a22dc-ac3d-4705-a513-1d83e9394f44,Gig Worker,28435.22,0.3607,26,,,,,3.4,0.8224,,,24.94,0.1166,False,,22,3,0
d7f38fd5-64c3-4fb3-bba3-2814d7efd220,Small Merchant,141664.25,0.2963,24,263461.14,0.861,0.7246,7.9,,,,,,,False,,23,3,0
07256d29-1af2-49b6-9127-811731fa0b3c,First-time Borrower,41895.37,0.244,17,,,0.5453,9.06,2.15,0.5678,,,,,True,568.0,13,3,0
d546327b-682c-4f2f-9845-2b6327f6d34d,First-time Borrower,68038.21,0.1202,23,,,0.7455,5.61,,,7.19,0.1223,,,True,752.0,27,3,0
0a977f6a-c3fa-4d07-8786-d55dc9735889,First-time Borrower,53678.24,0.2356,20,,,0.6858,8.83,,,6.54,0.1658,,,True,563.0,20,3,0
e80a956c-754f-42f1-a888-98618e81ec4d,First-time Borrower,44211.1,0.2442,13,,,0.5198,13.22,,,4.47,0.2283,,,True,493.0,11,3,0
d987df28-ca67-479d-bb6a-af91ca4d5a0d,Informal/Rural Worker,28288.85,0.5403,17,,,0.7581,5.09,3.19,0.8027,,,,,False,,22,3,0
49c981de-666e-4dfa-8c23-7cfe1fb533c7,Informal/Rural Worker,16561.9,0.6402,11,,,0.6189,13.14,1.99,0.7189,,,,,False,,15,3,0
8fea071e-243b-45e5-91a9-466907ba23dd,Informal/Rural Worker,27993.05,0.2754,16,,,0.838,5.3,3.09,0.7998,,,,,False,,21,3,0
4e29b83d-d3b5-46af-bb61-20912d5d7975,First-time Borrower,58549.74,0.2081,21,,,0.7952,7.13,2.66,0.7591,,,,,False,,19,3,0
2fe8405c-323b-410d-bd7c-b4e0299518b9,Gig Worker,51097.37,0.2982,26,,,,,3.08,0.9154,,,23.88,0.231,False,,23,3,0
c58b69ef-cae3-4584-8eea-3853163e999d,Gig Worker,42273.22,0.3466,24,,,,,2.94,0.752,,,22.16,0.0495,False,,23,3,0
142e3e5b-9281-4af0-b054-f3888d8273ad,Informal/Rural Worker,22574.76,0.4022,17,,,0.8222,0.0,2.99,0.8785,,,,,False,,26,3,0
068db1a2-f626-4963-9c26-a1c05000c97d,First-time Borrower,41427.84,0.1992,16,,,0.4581,16.81,1.84,0.6458,,,18.22,-0.1102,True,537.0,19,4,0
cd449e19-2442-4468-a268-140dc00d2fbc,Gig Worker,46536.14,0.4452,21,,,,,2.62,0.714,,,19.13,0.1944,False,,20,3,0
9f59a0ad-6c0e-40e5-bc40-8b7a5443d5fd,First-time Borrower,67228.71,0.1513,23,,,0.8239,4.74,,,,,,,True,703.0,23,2,0
587c39ac-bac9-4262-b21d-364de9119ff2,Gig Worker,26460.55,0.4774,20,,,0.5734,12.87,1.74,0.489,,,15.46,0.0278,True,556.0,10,4,0
277e132c-ed6d-4c04-84fa-7a1cc73380b0,Gig Worker,41033.43,0.3884,26,,,,,2.84,0.753,6.16,0.1348,22.03,0.0777,False,,26,4,0
6d254dc9-a10a-4782-b2f0-2c67c327e92e,First-time Borrower,28222.96,0.2243,19,,,0.6316,13.48,,,3.62,0.227,,,True,534.0,12,3,1
cc453715-9fce-42be-9914-2c3fe79112fc,Informal/Rural Worker,12871.2,0.5369,13,,,0.5969,12.5,1.3,0.6489,,,,,False,,9,3,0
1c7f8cdc-2add-4ec5-8b32-467ba5f3bb5b,Informal/Rural Worker,25893.53,0.3958,16,,,0.808,3.42,2.47,0.837,,,,,False,,25,3,0
d4a474da-8e86-4f0c-ba7c-01f251fec3d2,Gig Worker,45587.02,0.3178,27,,,0.6992,2.63,2.85,0.77,7.64,0.1314,25.4,0.0122,False,,21,5,0
ed1c2411-0859-4c38-a10f-77f17689b4a9,First-time Borrower,62302.88,0.1824,21,,,0.7783,8.84,2.62,0.7131,7.47,0.2073,23.48,0.013,True,660.0,18,5,0
ef2afe5e-c29b-43d5-87f2-c1b242829cec,Small Merchant,40299.95,0.5114,21,94038.49,0.4435,0.4245,16.42,0.98,0.3866,2.21,0.2068,10.64,-0.0362,False,,12,6,1
61653367-184d-4996-bd91-579d857de60a,Small Merchant,155432.0,0.3587,26,360561.73,0.8748,,,,,6.75,0.1394,,,False,,28,3,0
f8c775ab-4859-45b7-894f-0b222a7fbfcf,Informal/Rural Worker,36662.44,0.3252,20,,,0.9513,1.89,3.94,0.9546,,,,,False,,28,3,0
de205e6e-efb3-416d-922e-e3346b851dda,Gig Worker,30422.51,0.4571,18,,,,,2.17,0.6434,2.57,0.19,15.95,-0.0523,True,546.0,20,4,0
06da8a1e-a271-4afa-9c9d-899790e1783c,Informal/Rural Worker,7603.98,0.5891,10,,,,,1.46,0.5433,,,,,False,,11,2,0
87b825ae-79fa-48b7-9ef7-ef4121026ee0,Small Merchant,147708.11,0.3611,22,230104.03,0.8489,0.8513,6.72,,,5.31,0.1487,,,False,,25,4,0
0213e001-8288-4d20-acb3-83f8a015a3c2,Gig Worker,47264.54,0.3354,24,,,,,3.42,0.8768,,,22.45,0.1212,False,,25,3,0
3bba8f79-7046-4450-b306-dea65ec1b6b0,Small Merchant,129354.75,0.3388,21,195327.32,0.7311,0.6495,9.15,2.34,0.4684,6.45,0.1807,,,False,,18,5,1
87cc4113-c358-446e-8394-c69e3a239996,Informal/Rural Worker,24586.76,0.4718,14,,,0.7681,6.59,2.64,0.7964,,,,,False,,24,3,0
edc839c3-785f-43e9-889d-210c74584d88,First-time Borrower,59793.16,0.1554,19,,,0.7658,7.99,,,5.87,0.1047,,,True,683.0,20,3,0
afd30886-73b4-4535-b1f7-5a24ce4f67e7,Gig Worker,39603.49,0.3614,25,,,,,2.41,0.6609,,,19.92,0.1242,False,,21,3,0
0d869c25-11cc-4471-baa5-639d87c6377a,Small Merchant,170364.04,0.2421,26,416759.9,0.8955,0.8941,0.0,,,8.11,0.097,22.48,0.1405,False,,25,5,0
02b2879e-cbaa-4f07-93df-c38da93501cf,Gig Worker,42424.98,0.403,26,,,,,2.49,0.8155,,,21.33,0.0971,True,777.0,24,3,0
a96d9a82-dca6-46fd-b12b-51780c78c74e,First-time Borrower,35401.08,0.2659,19,,,0.4744,12.52,,,,,,,True,554.0,16,2,1
3b51317b-8d39-434c-9d27-9f552cd2e073,First-time Borrower,61341.46,0.2066,24,,,0.8125,6.78,,,,,,,True,711.0,27,2,0
165ee041-9cc9-4508-9d52-0144c241df07,Small Merchant,93348.4,0.3819,22,305670.85,0.8272,0.6782,11.2,,,6.27,0.0928,,,False,,25,4,0
9d3b79e8-ddd4-46de-97f7-4644b0a363e5,Gig Worker,29368.82,0.4565,23,,,,,1.74,0.6461,1.75,0.2212,15.59,-0.2088,False,,14,4,0
d429e05f-a4c0-4f5f-afa7-0b8198f297e9,Informal/Rural Worker,22565.23,0.4425,11,,,0.6771,11.8,1.94,0.5923,,,,,False,,21,3,0
6d2621be-f446-41a2-94d8-efc6dfbb27e0,Informal/Rural Worker,11731.77,0.6328,7,,,0.5288,14.77,1.6,0.5061,,,,,False,,12,3,1
d8eabfb8-6ed6-4577-9373-934d742e5b77,First-time Borrower,68046.94,0.2479,20,,,0.6833,9.02,2.57,0.827,5.77,0.153,,,True,753.0,26,4,0
7c6bc029-f114-4b9b-b0a6-28d126913107,Informal/Rural Worker,26039.13,0.3514,18,,,0.8234,4.09,2.74,0.6338,,,,,False,,23,3,0
805bdedf-9f13-46a3-a47f-b5e9bc6650b5,First-time Borrower,49121.45,0.2017,16,,,,,,,4.42,0.2148,13.91,0.0664,True,572.0,13,3,0
7b59bcdb-cac2-45c0-972f-835c5125248a,Informal/Rural Worker,18547.16,0.6308,11,,,0.5638,10.97,1.77,0.496,,,,,False,,19,3,1
e22a4c27-792e-4dd6-ba2c-a1abe40f9c95,Informal/Rural Worker,13075.63,0.4932,12,,,,,1.83,0.5511,,,,,False,,15,2,1
633940a6-3360-4bb3-864c-763fd525e99c,First-time Borrower,47859.75,0.2047,20,,,0.6053,9.68,,,,,,,True,579.0,18,2,0
66c8c69e-5c57-46b0-9cd7-8cff550d3f56,First-time Borrower,50474.34,0.2726,21,,,0.7224,9.77,2.2,0.6234,,,,,False,,16,3,0
7f0a252b-c86d-47fd-b07f-ea6059bcea48,Gig Worker,26697.45,0.469,23,,,0.6593,9.76,1.91,0.4142,,,12.55,0.0491,False,,13,4,0
d9d61b64-a5a4-48ca-a105-aa36cbfb2005,Informal/Rural Worker,27232.42,0.4659,18,,,0.7322,5.36,2.13,0.7555,,,,,False,,20,3,0
1af0bec9-b99b-4783-8fcd-11b50179f443,Small Merchant,69779.37,0.3142,21,148810.47,0.6416,0.5689,12.99,,,4.4,0.2351,,,True,523.0,16,4,1
66508b37-fc6b-4a76-9380-98db2e277bbc,Small Merchant,113954.8,0.3736,24,242785.12,0.701,0.6886,9.71,2.4,0.5857,,,,,False,,25,4,0
c93d016d-791d-4a2a-b654-088d48da210e,First-time Borrower,56181.23,0.1838,13,,,0.7365,8.83,,,,,,,True,556.0,12,2,0
c02455af-800e-486e-91d3-c8dfa06cc2f7,First-time Borrower,88275.59,0.1446,25,,,0.9309,4.85,,,,,,,True,811.0,30,2,0
3ddc113a-77ce-461d-84f3-a3977f3f830c,Small Merchant,92888.58,0.4317,22,220689.98,0.691,0.6871,6.26,,,,,,,False,,18,3,0
1a62ecab-a269-42e0-aedb-e9e2dfb85dc4,First-time Borrower,25444.92,0.2677,13,,,0.4262,18.11,,,2.4,0.2464,,,True,392.0,3,3,1
5e03b5c5-e379-4540-ad63-18ea44853ec1,Small Merchant,128909.66,0.443,25,266486.52,0.7056,0.6458,8.1,,,6.6,0.1342,,,True,636.0,18,4,0
08724213-2b5e-4b97-80b8-ea6cf9b5d827,First-time Borrower,33050.64,0.2699,17,,,0.4742,10.57,,,4.46,0.1864,,,True,496.0,12,3,1
c58d6b4e-0a71-4bef-b367-477fc9626327,Informal/Rural Worker,24912.04,0.3268,13,,,0.8382,9.25,3.0,0.6702,,,,,False,,23,3,0
be4891cf-4968-423d-9c75-187e70393421,Small Merchant,98512.01,0.5032,21,169859.5,0.6876,0.6396,8.38,1.42,0.5402,4.13,0.2106,,,False,,17,5,1
d7b1ff08-77ee-43fa-88d3-baabe7860e9a,Gig Worker,22440.72,0.4474,21,,,,,1.75,0.6709,4.75,0.2664,,,False,,12,3,0
2c93a202-8a16-469c-8d4c-0619eb5d1f27,Gig Worker,35397.56,0.3649,23,,,,,2.44,0.6506,,,18.26,0.1066,False,,18,3,1
ce664cba-b716-4f83-8770-bcd4d7b86d5b,Gig Worker,46643.11,0.3017,24,,,0.8359,5.36,2.92,0.9071,,,25.27,0.1972,False,,22,4,0
7cf36f51-09a8-45d3-ba64-aa9169b80eea,Small Merchant,73275.28,0.4401,23,191323.45,0.5417,0.5229,17.12,,,3.68,0.1491,,,True,478.0,18,4,1
a149148c-634e-442f-81ad-3b0ee70fcb37,First-time Borrower,87586.53,0.149,25,,,0.9375,2.41,,,,,,,True,791.0,26,2,0
ca1f7b8b-0f56-46a7-92f3-ce028844b644,First-time Borrower,109138.56,0.1078,27,,,0.8663,3.11,,,,,,,False,,33,2,0
5e9ae9d1-a7e7-4965-9abb-85bf9e0c8d5f,Small Merchant,154750.57,0.4274,22,239592.23,0.6621,0.5602,10.42,,,3.69,0.2102,,,False,,10,4,0
0252a148-2644-4cb1-be16-28434f6afba8,Gig Worker,42927.19,0.3956,24,,,,,1.62,0.5847,,,,,False,,21,2,0
5ce3ab30-c2fd-4fc0-ba41-e8f330492be8,First-time Borrower,67562.64,0.238,19,,,0.7383,8.73,,,9.19,0.0856,,,False,,18,3,0
1c8c85d8-bc77-4102-86e6-75d6b5fd789f,First-time Borrower,52993.54,0.2248,13,,,0.5866,13.92,1.45,0.4955,,,,,False,,13,3,0
bfc25977-9632-4dce-8cde-bfcf1e2f20ef,Gig Worker,42945.07,0.3283,22,,,0.7108,4.52,2.59,0.7031,,,22.19,0.0309,False,,25,4,0
75ae7097-94ef-45b3-b089-a94ce4724fac,Informal/Rural Worker,21478.01,0.4766,18,,,0.7834,10.94,2.95,0.6963,,,,,False,,18,3,1
6404316e-577b-4fa4-aa12-ba684c9e472d,Informal/Rural Worker,25300.32,0.3962,16,,,,,3.16,0.8582,,,,,False,,33,2,0
ce2f115a-43eb-4955-bd27-073ead75d61a,First-time Borrower,63713.28,0.167,22,,,0.7924,4.97,,,,,,,True,785.0,29,2,0
f565f365-46b7-4981-b733-6b992f0c779d,Small Merchant,137577.91,0.375,24,252914.74,0.698,0.6992,8.5,,,6.02,0.1794,,,True,609.0,20,4,0
96503932-80f3-4925-ba09-50246c0aa2ae,Small Merchant,74907.02,0.3947,20,192092.16,0.5028,0.5677,12.84,,,2.02,0.2109,,,False,,13,4,0
f0c4b2b0-171a-4183-b51c-be86df577ca3,First-time Borrower,52949.13,0.231,19,,,0.726,10.41,,,,,,,True,557.0,18,2,1
6ebd275a-34eb-43be-9d43-6ce8d319e43c,Informal/Rural Worker,14010.49,0.4885,10,,,,,2.01,0.6402,,,,,False,,15,2,1
6c171976-0aa2-4e50-b5af-ec541ad6ae63,Small Merchant,143559.31,0.3203,24,261894.71,0.6886,0.7425,9.08,,,4.82,0.1748,,,False,,18,4,0
428d5c37-44ee-4e59-bc60-bb5211a751d0,Small Merchant,98862.9,0.3802,22,148279.43,0.7305,0.5287,13.67,,,,,,,False,,20,3,0
604d1446-9efb-4e18-b035-e7dd81c016e7,Small Merchant,154842.68,0.2661,26,352409.25,0.7988,0.7438,6.66,2.73,0.8185,5.99,0.1554,,,False,,27,5,0
495459e4-65f2-4b2e-80de-9e69c639694a,Gig Worker,35578.21,0.4224,20,,,,,1.99,0.6232,,,22.05,0.0498,False,,17,3,0
96c5cd42-bd70-40ea-957b-5e21eb6bc29a,Informal/Rural Worker,30087.61,0.3021,21,,,0.7646,4.35,2.66,0.8194,,,,,False,,28,3,0
5b5d54b7-c07e-4811-a4d7-0be1043bcd39,Informal/Rural Worker,29013.48,0.3516,16,,,0.889,2.48,2.83,0.8667,,,,,False,,30,3,0
ecf83e69-a979-4c8a-8958-f9df9007ddfc,Small Merchant,113398.75,0.3295,24,199696.92,0.6566,0.7082,11.82,,,,,,,False,,8,3,0
ec055d3f-6b8f-4f68-a6a4-d49b1f4a5069,First-time Borrower,48226.94,0.2835,18,,,0.6363,17.36,,,1.53,0.1852,16.44,-0.0903,True,507.0,12,4,0
0574c214-3119-47c7-8beb-2890c7acfe20,First-time Borrower,51186.2,0.1708,18,,,0.621,8.94,,,6.27,0.2202,,,False,,19,3,0
7c9b80a3-fbee-4be7-ad11-f6a4707a1d7a,Gig Worker,34324.77,0.4341,23,,,,,1.64,0.5329,4.03,0.149,17.31,-0.062,True,526.0,18,4,0
1e755ec7-a16f-4c45-9839-411895a7847d,Informal/Rural Worker,10810.86,0.6484,8,,,0.4769,13.37,1.18,0.3752,,,,,False,,7,3,0
f0c24f47-0012-477d-9aa7-6cb1b130bbd8,Gig Worker,23078.96,0.5374,22,,,0.5926,12.32,1.95,0.4959,,,13.66,-0.0244,False,,15,4,1
7d3d9297-6c5c-4b9b-9451-0ff334548be8,Small Merchant,61178.6,0.4171,20,70454.16,0.4445,0.4551,18.89,,,1.99,0.2348,,,False,,4,4,1
cef9bfc8-5b99-43e8-9923-92780e0d67c4,First-time Borrower,37410.63,0.2438,17,,,0.5802,14.45,1.65,0.6696,3.09,0.198,15.22,-0.1387,True,429.0,16,5,1
38aca388-7e83-449d-bd07-e2a8383b1614,First-time Borrower,59539.87,0.2962,20,,,0.6582,7.53,,,7.37,0.1546,22.17,0.0181,True,688.0,14,4,0
c9519e02-8799-46f3-a309-3d5d317c090d,First-time Borrower,62253.47,0.1105,24,,,,,,,,,,,True,771.0,22,1,1
6bf9341f-f751-4d09-b3f5-4b3d6488b0ba,First-time Borrower,67203.49,0.2011,24,,,0.7933,6.19,,,,,,,True,679.0,20,2,0
cf935ad4-d656-4b10-b7a5-688cedd03da9,Gig Worker,31784.78,0.3476,20,,,0.7218,7.94,2.08,0.6602,,,20.63,-0.0033,False,,25,4,0
961f47dc-d6a9-45e7-a593-89e3494590b7,First-time Borrower,72411.19,0.2858,21,,,0.746,6.25,,,,,,,True,697.0,17,2,1
99ac52ce-557c-41be-b95e-17c39882f3e6,Small Merchant,176898.16,0.2899,25,346690.77,0.8722,0.7568,7.51,2.75,0.8621,,,,,False,,22,4,0
2379852a-0d7d-4116-a65d-f044ae6795f3,Gig Worker,22507.29,0.4942,17,,,,,1.51,0.4359,3.98,0.2422,13.24,-0.0663,False,,13,4,1
49713eb4-67e4-4a78-9585-114d0b1b1033,Small Merchant,70788.77,0.3473,21,100574.85,0.4796,0.4021,14.44,,,1.58,0.1974,,,True,497.0,11,4,0
decd0960-c36b-45f3-9cbf-b4efe7bb05f9,First-time Borrower,59950.14,0.0934,21,,,0.7493,4.83,,,,,,,True,727.0,25,2,0
f7ccb3b4-f6ec-4996-bf6e-4c1b3e52b997,First-time Borrower,33810.34,0.3091,16,,,0.5135,16.7,,,3.59,0.196,9.55,-0.1961,True,399.0,10,4,1
cdb2a0b8-89c6-456b-bda6-35cb04030197,Small Merchant,151173.69,0.3249,23,219386.91,0.7766,0.6256,7.21,,,8.0,0.1477,,,False,,18,4,0
39e2cee9-7154-4b1b-9946-64af683f2558,Gig Worker,43151.97,0.4549,20,,,,,2.14,0.6877,,,19.07,0.0805,False,,15,3,0
b5508018-8ea4-4e4d-ab24-e9c330a4722f,Small Merchant,127397.63,0.3299,23,287393.51,0.7025,0.6659,5.74,,,4.17,0.1987,,,True,628.0,17,4,0
e33c03a8-8723-4633-bc25-c57454673c25,First-time Borrower,41897.38,0.3138,19,,,0.6556,13.8,2.37,0.6719,3.94,0.179,,,True,548.0,13,4,0
36a0b2c2-c385-41df-9825-6e86939f5964,Informal/Rural Worker,18106.21,0.4781,10,,,0.6274,12.3,1.72,0.6547,,,,,False,,21,3,0
549baaee-4d99-4af2-b913-7deeca357cc8,Informal/Rural Worker,16114.64,0.5249,8,,,0.5349,12.84,,,,,,,False,,10,2,0
fe0bb739-c03e-4129-95fe-c970ee0c6091,First-time Borrower,80685.52,0.1392,22,,,0.83,2.98,,,6.7,0.1353,,,False,,24,3,0
3137d232-71c9-4425-9aec-a9546ea0d459,Informal/Rural Worker,15862.85,0.6189,10,,,0.5237,15.26,1.46,0.557,,,,,False,,11,3,1
72a21c39-03ab-4f76-bc17-0d83bb75cc18,Gig Worker,45417.06,0.2798,28,,,,,2.2,0.7438,,,23.75,0.1366,False,,27,3,0
60322a00-00b1-4c09-a44c-99cac3d970ce,Small Merchant,213271.13,0.2841,26,414990.02,1.0,0.9263,0.8,,,8.46,0.1204,,,True,775.0,30,4,0
304eb028-f29c-4af1-a7e7-2c46e3333ae5,Gig Worker,48556.15,0.4291,22,,,,,2.42,0.6391,,,23.13,0.0241,True,677.0,17,3,0
4feec62c-27f7-4ed1-aeae-9c5a20732ec8,Gig Worker,26492.13,0.6033,22,,,,,2.01,0.5889,,,15.06,0.1078,True,524.0,10,3,1
be62b813-0007-4092-9459-e1db37688f20,First-time Borrower,52038.63,0.2546,13,,,0.4953,8.52,,,,,,,True,498.0,13,2,0
ad113a6a-8c0c-49e4-afad-99ec304a0680,Informal/Rural Worker,25808.35,0.5777,15,,,0.6672,7.71,1.67,0.5677,,,,,False,,18,3,0
80ac050c-e570-41f1-953c-2f2c11690d69,Gig Worker,49445.95,0.2091,25,,,,,2.38,0.7613,,,24.04,0.0421,False,,26,3,0
c5bbf8d5-e9f0-4a1c-b54e-bc76a205699f,First-time Borrower,62879.35,0.1825,20,,,0.7822,7.18,2.67,0.7828,7.39,0.118,,,True,702.0,17,4,0
43aa370f-0e9d-437b-bd31-f30bc1c574a5,First-time Borrower,35208.04,0.3439,14,,,0.465,18.2,,,1.88,0.3184,,,False,,3,3,1
581a15e5-bc56-4534-943d-ff4221732121,Informal/Rural Worker,19946.67,0.4315,13,,,0.794,9.69,2.79,0.7063,,,,,False,,23,3,0
c4a42f69-0d71-4c00-bc60-a2e5bc857718,Small Merchant,98711.92,0.3006,23,199134.25,0.6255,0.6371,8.35,2.25,0.5473,7.13,0.1933,,,False,,14,5,0
653eeaaa-efef-4f52-8517-3cc5f6e51a0d,Gig Worker,29219.78,0.4777,20,,,,,1.91,0.654,5.4,0.2129,14.58,0.0548,False,,12,4,1
7e43b478-7062-4117-99df-fbb17df33b31,Informal/Rural Worker,28294.73,0.4111,14,,,0.8955,3.66,2.79,0.9629,,,,,False,,22,3,0
e9f39595-65f5-4b68-8b0c-982ba82b5131,Small Merchant,155305.2,0.3157,22,272009.46,0.8207,0.6611,8.72,,,6.89,0.0976,,,False,,20,4,0
c0989b92-6d12-4037-b708-f3ec162173c3,Small Merchant,57809.84,0.4445,21,140784.1,0.5948,0.5309,10.25,,,,,,,False,,11,3,1
6e2e6158-ea33-4364-8cd4-6e7e23ce6fcd,Small Merchant,181645.39,0.2897,25,359762.46,0.7786,0.7798,2.89,2.64,0.8571,6.42,0.1021,,,False,,24,5,0
c186846a-761d-4e69-b1f2-49b0732bb941,Gig Worker,35541.25,0.271,18,,,,,2.36,0.6556,,,20.36,0.0248,False,,17,3,1
bd3884a0-3668-4662-9065-207aecd338c6,Small Merchant,173657.49,0.2387,25,354191.19,0.8945,,,,,8.06,0.1592,,,False,,31,3,0
fc8c1a0c-0621-41a6-b9a6-b8437a595e02,Small Merchant,100421.58,0.3598,24,283984.51,0.6751,0.7097,9.14,,,4.71,0.17,,,False,,21,4,0
f3dd8450-479c-41c7-a18a-84bb070ec341,Informal/Rural Worker,22810.91,0.3562,16,,,0.8157,7.85,2.74,0.6541,,,,,False,,19,3,0
bc197365-2533-46de-8098-d860d00d2b41,Gig Worker,27584.6,0.3501,17,,,,,1.87,0.6124,,,14.04,-0.0768,False,,12,3,1
9d1d2472-906a-42c8-bd7f-966e4c26d483,Informal/Rural Worker,24244.25,0.4273,16,,,0.876,4.54,3.16,0.8578,,,,,False,,23,3,0
8f48b9b7-c901-4ddc-8a57-99ab7aaef767,Gig Worker,32902.63,0.385,23,,,,,,,,,19.36,0.1183,False,,20,2,0
b04f4bc3-275e-40c7-95fb-1835df1615b2,Gig Worker,24136.09,0.4816,23,,,,,2.22,0.4903,,,20.0,0.0512,False,,12,3,0
24a9cfbd-3bc4-444d-b9a1-d34b20ad91ac,Gig Worker,40489.43,0.3993,22,,,,,2.39,0.6434,,,20.74,-0.0134,False,,20,3,0
6c120400-623b-4d4a-8ccb-bba336435274,Informal/Rural Worker,16375.87,0.5957,13,,,0.5145,13.69,1.24,0.458,,,,,False,,5,3,1
d41e0503-31ae-4020-9a25-1619efe7e187,Informal/Rural Worker,25872.92,0.3844,15,,,0.7946,5.29,2.48,0.5767,,,,,False,,17,3,1
e79c870a-409c-4cc3-8fa0-3a9bdb6f1181,Small Merchant,156907.05,0.2053,26,292291.34,0.8739,0.8139,8.25,,,7.49,0.1455,,,False,,28,4,0
4d1d3835-6d7a-4c2f-9a7a-25cf42e2a19d,Gig Worker,37615.59,0.3628,21,,,,,2.61,0.5811,5.48,0.1703,19.56,-0.0853,False,,17,4,1
dff2365b-4c8c-4f35-b140-ce55d898224d,Gig Worker,29078.98,0.481,22,,,,,2.55,0.7277,6.69,0.2128,19.7,0.0756,False,,19,4,1
6974c983-ba2e-4843-8e09-69c615c7d10e,Small Merchant,127941.0,0.3063,25,279750.4,0.7884,0.5879,7.42,,,,,18.44,-0.0437,True,624.0,21,4,0
8f1447b2-9b91-4d01-8a0e-e034da620ef0,First-time Borrower,73270.62,0.1482,21,,,0.8239,3.44,,,,,,,True,727.0,23,2,0
343c75c3-5824-45fb-bc3e-be81375a4323,Small Merchant,116675.23,0.3046,28,292548.5,0.6848,0.7417,6.28,,,6.31,0.1051,21.99,0.079,False,,19,5,0
1297c6fc-3a2f-43c2-be9f-4d840beeafc4,Informal/Rural Worker,19541.78,0.4435,16,,,0.7098,6.27,2.32,0.7587,,,,,False,,22,3,0
5a254349-fc86-45ca-8c31-dac2e3f88d23,Gig Worker,33604.78,0.3807,21,,,,,2.2,0.6595,,,21.97,-0.0166,False,,15,3,0
6c987f07-4dfc-43d8-aa7a-81b9f2c3204b,First-time Borrower,51103.61,0.1949,18,,,0.44,15.57,1.45,0.637,,,,,False,,15,3,1
0bd40d8b-9c04-4207-ae4f-f72c2c4ba816,First-time Borrower,74976.9,0.1677,25,,,0.9199,3.86,3.11,0.958,,,,,False,,25,3,0
eda32b06-9b26-4d23-beb8-ec0bd6d495f1,First-time Borrower,56996.5,0.189,19,,,0.7343,9.44,,,3.97,0.1752,,,True,632.0,19,3,0
0cffef14-dc0f-4621-b373-db7caa6c0c9a,Gig Worker,22253.23,0.4134,17,,,,,1.59,0.5728,,,17.4,0.0064,False,,17,3,0
436324b5-9541-4118-8ce2-4022fbeb2f04,First-time Borrower,51555.9,0.2384,16,,,0.4784,13.9,,,4.86,0.2107,,,False,,17,3,0
643ab228-232f-4930-b9f6-63d056554497,Informal/Rural Worker,22099.59,0.5214,13,,,0.6126,13.45,1.66,0.4997,,,,,False,,20,3,1
992f593a-1f6e-461e-9477-f1d366cd91b6,First-time Borrower,53447.83,0.1438,16,,,0.5728,6.57,2.66,0.7134,6.22,0.2064,,,False,,22,4,1
42dc5418-9c68-4b8f-95e4-40d61ecc2a45,First-time Borrower,43239.89,0.1914,14,,,0.5406,13.05,,,2.85,0.2188,,,True,448.0,14,3,0
d8988abb-5626-4563-b586-cd25f6956048,Informal/Rural Worker,18810.56,0.531,11,,,0.6619,9.44,2.37,0.6396,,,,,False,,19,3,0
a1728356-bcd5-4d0a-8fd9-465545d74df7,Small Merchant,147317.15,0.3142,26,365356.18,0.8123,0.8421,9.12,,,6.79,0.0793,22.35,0.109,False,,29,5,0
32924322-7dfd-4c02-b9d4-8a60d3643ff6,Gig Worker,38367.66,0.2897,25,,,0.6152,8.25,1.64,0.6807,,,17.66,0.0879,False,,21,4,0
839b86ad-fe19-4283-8843-05bb51758c02,First-time Borrower,62020.48,0.2734,20,,,0.6846,9.93,,,,,18.91,0.0061,True,572.0,10,3,1
fe83f133-3e76-49d7-b8e3-c6b8e8450f76,Gig Worker,26605.09,0.6195,19,,,0.4189,16.91,,,,,13.53,-0.1537,False,,6,3,0
bfdf4344-68b7-403a-be86-e10af6f7dae1,First-time Borrower,70921.79,0.23,22,,,0.7356,8.94,2.42,0.7203,7.36,0.1343,,,True,656.0,20,4,0
668ad331-71a8-40d0-9cdb-9c57964bbae8,Gig Worker,26697.71,0.5222,20,,,,,1.27,0.4274,,,13.29,-0.0902,True,440.0,4,3,1
fb3f3109-710a-4784-a6b7-65189bde6500,First-time Borrower,79481.28,0.1395,23,,,0.7487,4.89,,,7.9,0.0877,,,False,,23,3,0
1607335b-fd16-41a3-8bbe-b1ec046fc326,Informal/Rural Worker,9657.79,0.607,9,,,0.4118,13.11,,,,,,,False,,11,2,0
51f0c3a2-3637-4dcd-b466-33efac475647,Small Merchant,54915.59,0.4018,22,89192.79,0.596,0.4509,15.38,,,2.69,0.2143,14.29,-0.015,False,,9,5,0
79528809-c63a-43f4-9d96-3bdee5a1e340,Informal/Rural Worker,26345.6,0.4847,18,,,0.6672,4.37,2.46,0.7971,,,,,False,,23,3,0
470abd22-4bd6-4788-ae63-a83c0ef65290,Informal/Rural Worker,20360.45,0.4396,18,,,0.6853,9.27,2.6,0.707,,,,,False,,21,3,1
a344ae19-6f33-46ed-a835-4469053b0924,Informal/Rural Worker,28502.24,0.3586,18,,,0.6968,8.55,3.26,0.8751,,,,,False,,23,3,0
5aded333-5cb6-4caa-b633-46bd1d4e331b,Informal/Rural Worker,24649.62,0.392,17,,,0.684,5.24,2.28,0.8146,,,,,False,,21,3,0
cbcf42c1-6ce5-43ef-ae63-5d4ac0dfeb9d,Small Merchant,66105.11,0.4727,21,132231.46,0.5726,0.5636,14.15,,,1.42,0.1546,,,False,,9,4,1
15ffbecc-38cc-4ef1-b93a-e5298a1d75e3,Small Merchant,124987.48,0.3022,25,226946.33,0.6031,0.6309,10.98,2.14,0.7042,6.81,0.1424,,,True,646.0,20,5,1
250b4e0a-acfe-468d-ad1b-402aed7efd1c,Informal/Rural Worker,17095.78,0.5106,11,,,0.6478,12.01,1.73,0.5596,,,,,False,,14,3,1
6d36eb3e-5ba8-4128-af48-e20cc354e74c,Gig Worker,22558.38,0.4694,22,,,,,2.79,0.589,4.34,0.1724,17.18,-0.0195,False,,10,4,0
3ff51a1c-97f5-4b62-8fec-7d4d21663f85,First-time Borrower,58857.15,0.1755,19,,,0.6391,9.23,,,4.29,0.1544,,,True,611.0,18,3,1
a3ef39da-7934-4f23-be39-00db74ae008a,Informal/Rural Worker,20221.5,0.5094,14,,,0.7101,8.01,1.92,0.6265,,,,,False,,13,3,0
fbf75afe-8e4c-4b68-bf03-17194426d035,Gig Worker,53309.97,0.1826,27,,,,,3.21,0.8087,8.46,0.0642,26.34,0.1389,False,,27,4,0
28af7800-971e-42dd-a0e8-cb905313cce1,Gig Worker,34514.42,0.3488,23,,,,,2.68,0.6419,5.05,0.1634,19.45,0.1298,False,,22,4,0
af4b6e9a-a62c-44ef-bcf7-753ce85bfa54,Small Merchant,76394.29,0.4581,21,107856.6,0.4963,0.4481,15.61,1.88,0.5749,2.76,0.2669,,,False,,14,5,1
06ed0acc-b6d4-49d2-964f-b9f4892212e3,Informal/Rural Worker,13046.62,0.5866,10,,,0.543,12.86,1.56,0.4412,,,,,False,,9,3,1
1871e954-a96a-4aac-9247-22f2e588e443,Gig Worker,19745.14,0.4796,21,,,,,1.55,0.5333,2.81,0.2086,17.33,-0.0827,False,,11,4,1
42b1b11a-5e18-4780-ac95-c379d907b7b1,First-time Borrower,56681.6,0.2463,22,,,0.6605,8.91,1.8,0.6684,,,,,False,,21,3,0
35a37932-25f2-4672-8a53-9d95fdb33095,First-time Borrower,38437.95,0.2534,19,,,0.5823,14.45,,,3.0,0.1936,,,True,523.0,13,3,0
c6953512-eca1-4c1a-8ced-1d81404de55e,Informal/Rural Worker,18599.96,0.4817,14,,,0.7553,9.73,2.2,0.5792,,,,,False,,20,3,1
5efa542c-afae-4dce-a60e-de6a8eed4194,First-time Borrower,73010.67,0.2194,23,,,0.8955,5.9,,,6.46,0.1501,,,True,675.0,21,3,0
643024b0-4c4d-43b9-aef3-7255829a4206,Informal/Rural Worker,14779.4,0.5355,8,,,0.7551,10.09,1.76,0.52,,,,,False,,18,3,1
a1bb5a8a-7eb8-473d-87dd-b3f8382417e5,First-time Borrower,58685.6,0.1015,20,,,0.8293,8.71,,,6.21,0.1503,,,False,,17,3,0
bec314e0-df6e-45c8-8a36-39ff20e5baf4,First-time Borrower,43276.52,0.319,15,,,0.5273,13.7,,,,,,,False,,14,2,1
8f93522d-1654-429d-987d-7f7e557a1e08,Small Merchant,55299.08,0.4671,21,57480.77,0.5477,0.4085,17.08,,,,,,,True,525.0,11,3,0
43fec3c8-1d49-4a1c-9224-d3ed6e9a1cb2,Small Merchant,78312.87,0.367,20,,,0.5324,13.97,,,2.94,0.2319,,,True,540.0,10,3,1
fc12ab3d-32c3-4209-bdaa-ddfc0017f3ce,Informal/Rural Worker,24465.63,0.3337,15,,,0.8374,7.57,2.66,0.7301,,,,,False,,25,3,0
2d54fc70-1639-40cd-86b1-a8c59edb939c,Gig Worker,31781.08,0.3728,22,,,,,2.34,0.6728,,,22.25,0.039,False,,20,3,0
e6d3b484-f324-4d0b-94ac-2f4c712d694f,Gig Worker,34343.54,0.324,25,,,0.7799,5.59,3.05,0.8315,,,22.35,0.1528,False,,28,4,1
e2e5e01b-a220-41b5-a905-6f29d5204c42,Gig Worker,36184.36,0.3015,24,,,0.7175,7.11,3.15,0.7367,,,20.32,0.1993,True,684.0,18,4,0
6ab8bba5-19be-4385-8344-ca8dd600a3da,Informal/Rural Worker,12574.58,0.4413,9,,,0.5849,14.17,1.22,0.4987,,,,,False,,3,3,0
0029c96e-ef91-469e-91ab-47a026601b20,Informal/Rural Worker,23605.76,0.439,14,,,0.6664,6.05,2.04,0.7317,,,,,False,,18,3,0
bd55e481-fef0-408c-8668-2d244127b720,Informal/Rural Worker,10806.85,0.5738,7,,,,,0.84,0.539,,,,,False,,10,2,0
cde4f442-f885-4e6c-aae2-896ed58f743a,Gig Worker,39017.55,0.3846,23,,,,,2.67,0.8885,6.27,0.19,23.9,0.1438,False,,24,4,0
f943d865-4b93-4b4a-a9eb-0be73a55dea7,Gig Worker,29957.17,0.3112,21,,,,,2.07,0.5536,,,18.1,0.0456,False,,15,3,1
d85621f1-4961-4fa6-9fc2-b78871be837d,Informal/Rural Worker,23234.93,0.3218,16,,,0.704,8.59,2.27,0.7923,,,,,False,,21,3,0
7ea70144-1515-492d-b5d4-82ccaf9cc063,Small Merchant,131153.74,0.3022,23,264249.29,0.7185,0.8556,9.65,,,5.99,0.1056,,,False,,20,4,0
9fc18c2e-2b3e-456a-a5a4-fe7de6c7beab,Small Merchant,172705.48,0.3589,25,383672.03,0.7314,0.8194,3.54,,,8.9,0.1634,,,False,,21,4,0
26d986fe-9699-4af9-89bb-f0dfb3fbced3,Informal/Rural Worker,22143.75,0.5446,12,,,0.6189,9.97,1.84,0.6467,,,,,False,,17,3,0
aa3bf9ed-a941-4fb7-857c-0e19fead3c3d,Gig Worker,15766.24,0.5182,17,,,0.5116,13.47,1.28,0.503,,,14.11,-0.1485,False,,13,4,0
72414f76-a447-44c8-aff8-e3c46541c1e0,Informal/Rural Worker,22321.73,0.4482,15,,,0.8054,2.61,2.5,0.6751,,,,,False,,22,3,0
1487f027-333e-4798-bad0-dac447bed364,Informal/Rural Worker,29589.52,0.4114,16,,,0.8786,6.46,2.85,0.8428,,,,,False,,26,3,0
b2547f57-06f5-45a9-b14e-20e3a10b7074,Informal/Rural Worker,17616.8,0.4545,11,,,0.5478,13.6,2.01,0.6356,,,,,False,,19,3,0
61ffe76a-bfbb-4a13-8c88-1140778d6a14,Informal/Rural Worker,23762.91,0.511,12,,,0.6743,1.69,1.58,0.7837,,,,,False,,20,3,0
3d9fb7ea-c8d7-4ad7-9689-79b6669c0537,Small Merchant,141305.7,0.2703,28,350432.99,0.7766,0.7726,6.0,3.05,0.8139,8.28,0.1293,,,True,746.0,28,5,0
a6598576-0fd2-4d03-9bfc-05f6a194930d,Informal/Rural Worker,15178.56,0.4987,11,,,0.5922,16.03,1.53,0.4312,,,,,False,,10,3,0
f608369a-a283-407f-9477-4896a7e52a15,First-time Borrower,60788.22,0.2518,22,,,,,,,,,,,False,,24,1,0
e370795c-6917-44d4-80e8-afd50d964d67,Gig Worker,55456.32,0.3103,26,,,,,2.92,0.9431,,,27.63,0.193,False,,27,3,0
c20bd595-26de-4ccc-bb4f-249f0d2a016b,Informal/Rural Worker,20163.72,0.5628,13,,,0.6457,11.79,2.25,0.6803,,,,,False,,20,3,0
d483abef-28be-44fe-a8d5-1945ec4c790c,Small Merchant,137138.83,0.2661,26,325353.86,0.7668,0.7417,6.35,,,7.17,0.1482,,,False,,23,4,0
bd3179ca-2d77-451b-8e73-8ecfc61292c7,First-time Borrower,43613.38,0.2581,14,,,0.6522,10.8,,,,,,,True,549.0,13,2,0
52fc3910-e9fa-478c-a5e8-eab891f3b214,First-time Borrower,85133.25,0.1009,26,,,0.9148,3.0,,,9.16,0.0549,,,True,784.0,31,3,0
b9db93d4-2567-401b-b546-4f8984952c05,Small Merchant,58464.68,0.5351,20,54962.63,0.5309,,,,,3.52,0.2646,10.94,-0.1547,True,479.0,10,4,1
f67b761c-7f2f-4dbb-a8a9-3414c6340ee6,Gig Worker,35704.71,0.4647,24,,,0.7687,7.86,2.22,0.6207,,,19.27,0.0667,False,,21,4,0
377e0706-a795-43a0-8847-b95d1e730a9b,First-time Borrower,40240.12,0.1806,19,,,,,,,4.73,0.1713,,,True,615.0,17,2,0
fcf1079f-afc4-40a4-a094-f391f53092f4,First-time Borrower,46030.48,0.2924,17,,,0.4594,13.46,1.66,0.3852,4.25,0.1646,,,False,,14,4,1
e6ab8082-d79c-40da-bcfd-d06af6775b9c,Small Merchant,137862.92,0.3013,27,247613.35,0.7252,0.827,6.29,,,6.09,0.1281,,,True,687.0,26,4,0
fb7a4dae-376e-4063-ac18-1ce2fab25a45,First-time Borrower,55165.33,0.2445,19,,,0.6297,7.85,2.33,0.6663,,,,,True,627.0,16,3,0
ba7294d3-2abb-4730-b9d6-0cb7722706d5,Small Merchant,97288.09,0.3311,24,201879.63,0.6851,0.6111,11.31,1.36,0.6459,5.06,0.2232,,,False,,23,5,1
8ef8d54a-423a-4341-a86c-c1f0354f41a2,Informal/Rural Worker,31475.98,0.4504,17,,,0.72,8.07,3.3,0.7514,,,,,False,,22,3,0
db1b79dc-53f4-42f2-b153-a1f2b02ddcd1,Small Merchant,70839.35,0.4615,22,175633.75,0.6383,0.562,8.88,,,2.78,0.2369,,,False,,16,4,0
9d7c7a9e-fff3-42f2-bde4-3d550940918b,Small Merchant,145492.74,0.3348,25,385685.48,0.827,0.8035,4.19,,,8.68,0.1169,,,False,,18,4,1
3472c073-87b3-4a57-9340-ce531571e0f8,Informal/Rural Worker,10780.2,0.6481,9,,,0.5486,14.71,0.96,0.4572,,,,,False,,10,3,0
7e9ed659-ce92-411b-806c-f26c5d04df5f,Gig Worker,41676.79,0.2506,22,,,0.7571,7.75,2.8,0.945,,,24.37,0.032,True,588.0,20,4,1
41765cef-563d-4ac7-8839-5a7fd2201fd4,First-time Borrower,68054.16,0.1693,22,,,0.7731,7.3,,,6.97,0.1213,,,True,652.0,26,3,0
0ffd8467-ecf3-4d39-b4f2-ada37132279f,Gig Worker,23713.38,0.3896,23,,,,,1.63,0.5795,,,16.93,0.0291,False,,15,3,1
b5dc4d49-029d-432b-9022-4102a46b6e62,Gig Worker,38881.26,0.3404,22,,,,,2.1,0.5633,,,20.29,-0.0043,True,663.0,20,3,1
665adaba-3e3b-41cd-a2a3-1b55ef69b1a9,Gig Worker,48906.13,0.3282,24,,,0.8369,8.32,3.26,0.8859,,,25.09,0.0808,False,,24,4,0
50b6cb3c-129a-4030-ac89-f7886824bb4f,First-time Borrower,35053.1,0.3437,14,,,0.4999,16.04,0.86,0.5018,,,,,True,409.0,10,3,1
a1c63d29-fb09-433d-852e-29474bd97f50,Small Merchant,135738.54,0.337,25,303809.97,0.738,0.611,8.18,,,5.61,0.1549,,,False,,21,4,0
b7092683-523f-43df-8492-71f9607a2a93,First-time Borrower,65396.35,0.1815,21,,,0.9107,6.94,,,,,,,True,729.0,28,2,0
dd90713e-9e53-4031-baa2-8f776a07b9ac,Informal/Rural Worker,24107.42,0.4651,15,,,0.6657,5.18,2.64,0.7357,,,,,False,,26,3,0
5b162c87-ab8b-4b21-af2b-81b662daa04f,Informal/Rural Worker,14174.0,0.6052,12,,,0.5379,14.03,1.98,0.6155,,,,,False,,12,3,0
2eeea185-4e6c-4edb-b146-c0bbd7c9cc86,Small Merchant,101375.19,0.3785,25,242407.84,0.714,0.6563,9.99,,,4.89,0.1707,,,True,654.0,17,4,0
cde03cdd-e6b0-4933-859a-6448df82c144,Small Merchant,95227.14,0.3597,20,212142.89,0.6771,0.6454,11.71,,,4.7,0.1377,,,False,,17,4,1
2ee1edd5-5866-4fd6-8243-42436f671531,Small Merchant,115842.86,0.3236,25,267300.39,0.7431,0.8279,9.66,,,7.21,0.1423,,,False,,22,4,0
9f8631cf-0555-4373-b5c6-fba2335f9432,First-time Borrower,37487.86,0.2488,15,,,0.6087,10.42,,,3.9,0.2294,,,True,577.0,12,3,0
41748b91-f2d4-42af-8146-c476d98802d2,Gig Worker,43133.63,0.3586,22,,,,,2.57,0.574,6.03,0.1848,19.87,-0.0056,False,,21,4,1
64fda08b-37c6-4089-af5f-0d3cd0bafaaa,Small Merchant,150522.48,0.1939,26,338212.38,0.6439,0.7456,6.99,,,6.45,0.0984,,,False,,27,4,0
5c45817f-8234-41a6-a50f-c79bda35505e,Gig Worker,35360.62,0.4841,19,,,,,2.11,0.5063,5.13,0.1462,17.08,0.0371,True,546.0,18,4,0
2954ae61-0700-4e4f-bb11-c061f99c64d8,Gig Worker,29821.94,0.4912,23,,,0.6998,9.66,2.33,0.815,,,17.97,-0.0465,False,,17,4,0
1589f058-6681-491f-a004-62d1d7ebc437,First-time Borrower,35399.21,0.2974,14,,,0.4454,14.45,,,1.96,0.2128,,,True,490.0,15,3,0
7ac96a62-86a7-4533-8c45-9094dc632b44,Informal/Rural Worker,5055.64,0.6417,7,,,0.414,17.69,0.96,0.4673,,,,,False,,3,3,0
cee4e2f8-ffcd-446d-a944-b40745f1878d,Gig Worker,25204.81,0.5042,21,,,,,2.2,0.6311,4.97,0.1777,17.39,0.0297,True,541.0,21,4,0
5b904b38-8315-4b59-be97-dbec2120002e,Small Merchant,107606.47,0.3263,24,261162.09,0.6746,0.675,11.74,,,,,,,True,682.0,25,3,0
90027ab7-3689-42b0-9e97-5f606d6e7071,First-time Borrower,81781.19,0.1269,27,,,0.8942,0.66,3.81,0.8873,8.71,0.1323,27.3,0.2671,True,797.0,25,5,0
e221fb16-65da-4a7a-a735-9183129e2b99,Gig Worker,45815.78,0.2581,20,,,,,2.16,0.6446,,,22.28,0.0651,False,,22,3,0
7fb7abc8-1a7b-43ed-8483-426ceb46f6e1,Informal/Rural Worker,23842.87,0.3399,13,,,0.6845,3.93,3.18,0.7031,,,,,False,,24,3,0
bc200fd8-5ecf-414e-816d-5d4a2e025289,First-time Borrower,41028.09,0.3168,17,,,0.5953,14.17,,,2.85,0.2055,,,False,,13,3,1
02dbc27e-8fb9-465f-b347-16174d1753cb,First-time Borrower,47924.5,0.1735,17,,,0.6647,10.08,2.04,0.7415,,,,,True,598.0,22,3,0
32cd8b86-d692-4e2d-802a-6edcfbded6ec,Gig Worker,37061.91,0.3179,23,,,,,2.2,0.5796,,,18.8,0.0929,True,619.0,21,3,0
f1bbf626-891d-4a86-a097-0c9cbeed883c,Informal/Rural Worker,20568.03,0.5435,13,,,0.6493,9.95,2.05,0.6161,,,,,False,,18,3,0
243f7350-b69a-4c62-9b6b-795a5b3af3ac,Gig Worker,29059.28,0.517,20,,,0.745,11.31,2.15,0.5355,4.34,0.1863,16.24,-0.0243,False,,17,5,0
38733202-3961-44a6-8726-7288260135c2,Small Merchant,103512.97,0.3588,24,299215.43,0.694,0.6003,10.19,,,5.44,0.1651,,,False,,18,4,0
00853efc-a759-4b6e-bed5-98258cf2af6f,Informal/Rural Worker,28386.56,0.3949,17,,,0.7281,8.29,2.92,0.7509,,,,,True,724.0,28,3,0
6e17f83b-2455-4882-86d2-ee395049b302,Small Merchant,81949.56,0.4015,20,141871.52,0.6342,0.5406,13.2,,,3.95,0.1772,,,False,,14,4,0
ead4e78f-480e-4d52-9bd1-9d30973da200,Informal/Rural Worker,20716.28,0.4109,19,,,0.8272,9.89,2.47,0.7576,,,,,False,,26,3,0
e6a09ff3-8f3d-48d6-a344-42b2eecafe5e,Informal/Rural Worker,21757.95,0.4673,14,,,0.6996,7.19,2.7,0.7143,,,,,False,,19,3,0
d66813a0-3220-4289-ac53-04013b63a7e9,Small Merchant,71425.45,0.2632,22,,,0.4448,16.41,,,4.45,0.2095,,,False,,23,3,0
0c077878-33c8-4376-af24-37cf007454b6,Gig Worker,29398.69,0.3956,21,,,0.6741,13.95,1.64,0.5975,,,15.49,-0.0035,False,,15,4,1
ee5aca81-cf41-46d9-b6d2-ffbc99525693,Informal/Rural Worker,25500.53,0.6426,17,,,0.7805,9.85,2.56,0.665,,,,,False,,25,3,0
9c559bae-5ef5-4229-a19d-f1ed245ed4e1,Informal/Rural Worker,12345.65,0.616,8,,,,,1.16,0.453,,,,,False,,10,2,1
b870dc5d-fe64-460a-9f3e-4bd31e6f3b81,Gig Worker,26728.19,0.3577,22,,,0.7995,9.91,2.6,0.7495,,,17.33,-0.0197,False,,22,4,0
5a9aab42-6c13-4eff-a167-ba8e755c7034,Small Merchant,135179.42,0.3714,23,278806.04,0.7974,0.6399,10.47,2.79,0.7499,,,,,False,,13,4,0
a693319e-82f5-41c2-9af5-5571da3e63af,Informal/Rural Worker,14664.22,0.6312,10,,,,,1.07,0.4372,,,,,False,,6,2,1
a39f341a-3169-4f46-a7e4-276f3ff32f1d,Small Merchant,127528.8,0.3726,26,260513.94,0.7375,0.7534,9.1,2.57,0.8173,7.37,0.1202,,,False,,15,5,0
f8a46d32-ed6a-468a-aa9e-c07cd1f26e5c,Small Merchant,112909.37,0.4377,23,120002.59,0.5611,0.7219,14.67,,,4.83,0.2063,,,False,,19,4,1
dd994705-ae2c-4965-8a25-c17b6dc572fc,Gig Worker,18289.64,0.6014,18,,,,,1.32,0.2544,,,12.77,-0.1751,True,443.0,3,3,0
859f9860-2833-4c83-824e-7503f83bf62d,Informal/Rural Worker,13414.37,0.5609,12,,,0.6686,9.9,2.19,0.5603,,,,,False,,18,3,0
391f6d9f-be80-4e7b-9700-21500d363e65,First-time Borrower,74526.64,0.2008,21,,,,,3.16,0.8393,,,,,False,,25,2,0
d4731695-5a2f-4e6e-8f89-cbe211920c38,Informal/Rural Worker,18469.85,0.4261,16,,,0.6215,7.23,2.41,0.6591,,,,,False,,20,3,1
a5f449dd-63c6-49ec-beef-e9805223542c,Gig Worker,37619.56,0.3097,26,,,,,2.5,0.7078,,,24.99,0.095,False,,22,3,0
d876a478-6638-43e7-b6d7-86888327b1a0,Informal/Rural Worker,25494.8,0.4895,14,,,0.978,3.72,2.93,0.6993,,,,,False,,25,3,0
6824ec63-c36e-4694-9168-8b4b3dfd8643,First-time Borrower,74662.04,0.1632,24,,,0.8231,5.9,2.77,0.7926,6.31,0.1141,,,True,686.0,20,4,0
c0b95a28-75db-4bb2-8358-43ea4127ae5b,Gig Worker,33405.6,0.4678,22,,,0.5462,11.05,1.35,0.585,4.38,0.1668,,,False,,8,4,0
efc8c70f-4909-4c67-8867-5958860b079f,Small Merchant,113596.78,0.3857,22,233731.03,0.6444,0.5674,14.38,,,2.49,0.1586,,,False,,18,4,0
00d49b2a-27e8-4ac8-8e29-7f0fb9975662,First-time Borrower,46439.82,0.2059,16,,,0.6478,13.53,1.01,0.5397,2.43,0.2055,,,True,567.0,15,4,1
2b66392c-a765-44df-a926-ba7494b236e9,Gig Worker,36126.59,0.4598,17,,,,,2.49,0.6826,,,17.8,0.0118,False,,8,3,1
8a2b178f-27ad-40c2-a711-f5e48e5efcd2,Small Merchant,111788.82,0.3161,22,268738.28,0.7138,0.5966,7.85,,,,,17.29,0.1834,False,,19,4,0
010d10af-0ad3-40cb-9f75-4dcd635382ab,First-time Borrower,67975.26,0.1006,24,,,0.9304,4.59,,,8.64,0.1227,28.94,0.2191,False,,26,4,0
0f41a58d-f5e3-4282-9a2f-86336ed57293,First-time Borrower,73251.55,0.0771,24,,,0.7821,2.68,,,,,,,True,738.0,26,2,0
f81b90d9-406d-4dd9-9cd8-797991264d7c,Small Merchant,96868.79,0.3304,24,230188.05,0.6035,0.6341,11.01,,,4.6,0.1707,,,True,617.0,18,4,0
549770c5-cc7f-41fa-a639-a001a7c168b3,Small Merchant,97802.43,0.3948,21,188018.79,0.5606,0.6811,13.67,,,4.83,0.225,,,False,,12,4,0
a35e1572-0023-4d3b-a3ec-c05652e872fe,Informal/Rural Worker,17507.67,0.4871,9,,,0.6302,13.61,1.65,0.6369,,,,,False,,15,3,0
f475154c-d1a0-4080-9eb3-c2ac8cb09b43,Small Merchant,147743.27,0.3022,22,307108.03,0.8716,0.6733,7.03,2.47,0.8395,8.83,0.1871,17.86,-0.0627,False,,20,6,0
644515d3-3ba1-4912-a143-2cdde8d418b2,First-time Borrower,70935.02,0.1892,23,,,0.5655,8.6,,,,,,,False,,27,2,0
d5b0fccc-4772-4017-9629-c9cf2054e047,First-time Borrower,60968.81,0.2113,21,,,0.7802,8.56,3.01,0.6538,,,,,False,,20,3,0
9506c8d5-4287-4359-9995-8db1940744fe,First-time Borrower,53995.1,0.2218,22,,,,,,,8.04,0.1486,,,True,664.0,17,2,0
639a89c2-df34-4814-bdef-9d38e91acd20,First-time Borrower,50620.84,0.1945,20,,,0.7651,8.29,,,,,,,True,649.0,19,2,0
7e360ef5-b421-4352-af0c-ce80af54c593,Informal/Rural Worker,25864.08,0.3826,21,,,0.9436,4.08,3.19,0.964,,,,,False,,36,3,0
211c4443-fee1-435e-9215-5d74c39aa803,Gig Worker,46463.24,0.3779,26,,,,,3.13,0.7393,,,22.26,0.1062,True,761.0,32,3,0
3084c1d2-6972-4ce7-9dea-46b184cab26f,Small Merchant,118904.66,0.3392,21,251680.0,0.6245,0.6506,7.45,,,,,15.75,0.0607,False,,15,4,0
691a1127-4c0f-4e53-962b-4b708cfed132,Informal/Rural Worker,27734.42,0.3333,12,,,,,2.49,0.7177,,,,,False,,23,2,0
335750c1-eeec-4b73-8e65-a8b115e0e783,Small Merchant,114157.51,0.3632,22,205166.38,0.7451,0.6584,13.92,,,4.88,0.1877,,,False,,17,4,0
29e08730-f3c6-49a6-9a8d-2cbec1b2d26c,Informal/Rural Worker,25323.16,0.315,21,,,0.8796,4.38,3.11,0.8071,,,,,False,,24,3,0
a381c2ac-2fdd-40fb-bb61-8f3e27bdbce3,First-time Borrower,78383.23,0.0663,22,,,0.8394,5.3,,,7.15,0.1418,,,False,,27,3,0
4f5bbd4e-bd13-410b-b717-5e6bd120e6d1,Gig Worker,20954.53,0.5111,18,,,,,0.96,0.5205,,,15.43,-0.0392,False,,12,3,0
6e6c79ac-b096-4c55-94a3-91f3a4a4e9fb,Informal/Rural Worker,22585.18,0.2934,19,,,0.8256,3.05,2.74,0.7855,,,,,False,,18,3,0
2575a7fe-11cd-418d-9b4b-72b08492be87,Informal/Rural Worker,28831.14,0.465,19,,,0.7831,4.23,2.8,0.7382,,,,,False,,28,3,1
39a09569-dcb0-4686-ae66-8611c6b6b529,Informal/Rural Worker,31219.01,0.361,20,,,0.876,3.4,3.04,0.8489,,,,,False,,29,3,0
e3ffcd97-7221-406b-947f-527b974855ea,Informal/Rural Worker,18237.97,0.456,13,,,0.6777,12.41,1.89,0.6009,,,,,False,,18,3,0
e74bb4ab-9363-4212-a96e-e7f6a51ffadc,First-time Borrower,52844.75,0.1779,20,,,0.6703,7.22,2.86,0.6946,5.86,0.1202,,,True,706.0,23,4,0
cacab32a-6547-46d9-b8f0-e05e368f4d5f,Gig Worker,33364.89,0.4091,23,,,0.5665,11.65,1.82,0.6493,4.5,0.1778,15.45,-0.0049,True,580.0,13,5,0
9c9d7e93-a52b-46e7-b35e-c859f61b5b93,Gig Worker,34566.45,0.5323,22,,,,,2.63,0.6578,,,18.17,-0.0558,False,,17,3,0
9f96112d-4723-4015-8a5f-3a992f74383c,Informal/Rural Worker,20062.93,0.5478,14,,,0.6998,11.6,1.82,0.6935,,,,,False,,16,3,0
0ce2140a-c586-4a02-a2e6-8560c857be3f,Gig Worker,24341.13,0.4001,17,,,,,1.65,0.4845,,,17.68,-0.0863,False,,19,3,1
cb9f02f9-fdf4-4b7a-b8ce-6b7a0e97ee27,Gig Worker,26974.98,0.4017,21,,,0.7036,11.71,1.9,0.6262,5.05,0.2018,19.07,0.0479,False,,18,5,0
2cbc011a-baad-464c-bdf6-93d564d4e89e,Informal/Rural Worker,19388.25,0.4527,14,,,0.8011,7.17,3.05,0.7424,,,,,False,,21,3,0
f47cd52d-1457-4009-a47f-36404971ec45,Gig Worker,40689.27,0.3583,23,,,,,3.14,0.7601,,,19.45,0.0051,False,,24,3,0
8c4d62f6-b7c8-462b-b61a-6dc64a3dd462,First-time Borrower,66558.46,0.1612,22,,,0.6835,7.87,,,,,,,True,761.0,25,2,0
348f6852-92d1-4c35-af72-b3a58da6d0b0,Small Merchant,160197.19,0.3204,29,,,0.8262,4.11,,,8.38,0.1063,,,True,677.0,30,3,0
7b46de7c-2634-4bf2-b1ac-7ae45914e9c9,Small Merchant,52480.64,0.5001,19,133013.07,0.6121,0.3986,16.51,0.87,0.3748,2.78,0.2446,12.1,0.0112,True,479.0,6,6,1
d9676f8f-a80b-4e85-b8f4-2aa91d842895,Informal/Rural Worker,17877.12,0.5505,12,,,0.574,17.92,1.74,0.5229,,,,,False,,12,3,1
64e52d26-1bb3-4aa7-a913-f73fce9956bd,Gig Worker,19954.45,0.5163,21,,,,,1.7,0.5311,3.38,0.242,20.17,-0.0235,False,,14,4,0
677fcb06-4801-400c-bc2f-9796203bfcc8,First-time Borrower,80333.51,0.1349,26,,,0.8788,5.04,2.95,0.7511,10.18,0.0763,24.5,0.1577,True,745.0,32,5,0
492e0190-7b47-472b-8dfd-cc4e506a9571,First-time Borrower,62339.96,0.1624,22,,,0.6782,4.32,2.11,0.7462,,,,,True,709.0,25,3,0
f9146d3b-2b0c-49f6-b2fa-f973f27d4be4,Small Merchant,174739.6,0.2708,24,332123.43,0.8633,0.8366,7.31,,,,,,,False,,20,3,0
e27c911a-c7a8-4b77-a339-5bda3124c047,Gig Worker,30397.4,0.3921,22,,,,,2.4,0.6354,7.63,0.1468,19.01,-0.0014,False,,19,4,0
6829f6d4-7908-42c1-b102-9d981e9f4e0b,Gig Worker,24464.33,0.469,18,,,,,,,,,13.32,0.0028,False,,12,2,1
a4eccde6-9063-4c7a-a46e-0d9d70354ab0,Small Merchant,121395.57,0.2381,23,273976.52,0.7012,0.8524,4.41,,,6.16,0.1308,,,False,,20,4,0
4595ac7d-cb12-4c28-b849-9899df918799,First-time Borrower,59397.46,0.2281,20,,,0.6116,5.61,,,6.54,0.1669,,,True,598.0,19,3,0
6c30df15-b889-4732-8e63-ad372bdfb35c,Gig Worker,24825.03,0.4798,19,,,,,1.6,0.5006,,,11.92,-0.014,False,,11,3,0
c707ee8e-81d9-4a9c-bb1d-bc1c43e8e2db,First-time Borrower,49200.59,0.1748,16,,,0.7522,8.96,,,5.84,0.1494,,,True,576.0,19,3,0
fe7941cf-9688-4717-9ad1-932b4d340ed7,First-time Borrower,50094.18,0.2182,16,,,0.7008,14.99,,,3.7,0.2395,15.0,-0.017,True,576.0,17,4,0
2a8b1f6b-1519-4671-ba93-0c7c4094b9fd,Gig Worker,41758.6,0.3844,25,,,0.8165,3.04,2.53,0.8312,,,21.99,0.1497,True,722.0,20,4,0
321e6e28-b2b8-47f0-8591-fe3d8fad0de6,Informal/Rural Worker,16281.05,0.4745,13,,,0.575,10.06,2.01,0.6499,,,,,False,,14,3,0
2910017c-5e00-43c2-9476-561b8dba795d,Gig Worker,38692.35,0.2655,21,,,0.6735,8.49,2.34,0.7328,,,,,False,,23,3,0
8832ea2f-0c89-4192-83f1-ef05fc8e8761,First-time Borrower,63805.31,0.1237,20,,,0.6768,7.28,2.7,0.7715,,,21.03,0.1032,True,622.0,22,4,0
7fa9a681-0fca-4d7a-9709-81d2bed5609b,Gig Worker,28828.8,0.4677,23,,,,,1.68,0.6492,,,19.77,0.0013,False,,13,3,1
9c6d91cf-b7d5-4480-817f-da5aa734e04a,Gig Worker,27848.96,0.429,21,,,,,1.38,0.4986,,,19.45,-0.1163,False,,11,3,1
e13efcaf-655f-49eb-889f-6afdf4d56c3b,Small Merchant,29954.97,0.498,20,151537.78,0.6147,0.4818,19.28,2.09,0.5005,3.64,0.2645,13.22,-0.0459,True,525.0,9,6,0
6752646c-9257-459f-88b7-f0e955864a4f,Informal/Rural Worker,26120.54,0.6157,17,,,0.8283,6.01,2.9,0.7408,,,,,False,,29,3,0
27c24ec7-4fb1-49d7-b024-452d5e254b50,Gig Worker,41397.31,0.2508,26,,,,,3.16,0.8908,8.69,0.149,,,False,,24,3,0
844bb971-cbae-49d9-aca0-48ee31c5952a,Small Merchant,108257.43,0.343,27,233581.9,0.7199,0.7424,6.85,,,6.56,0.1336,,,False,,21,4,0
6ae8e42a-9c85-4762-b934-c10ef562e383,Gig Worker,27496.24,0.5078,19,,,,,1.5,0.5806,,,14.46,0.0432,False,,14,3,0
55786b44-7cdc-4e62-9332-3e0199963d3b,Gig Worker,36918.03,0.4983,25,,,,,2.44,0.8425,7.5,0.1277,22.13,0.14,False,,19,4,0
e6978920-3e92-4239-a610-206d4dff163c,Small Merchant,43980.33,0.4621,20,148490.3,0.5216,0.4724,14.67,1.41,0.5524,,,,,False,,5,4,1
c817b2c3-4d0e-4273-946b-b636a4d7dc9f,Informal/Rural Worker,14911.07,0.5378,13,,,0.5747,12.02,1.64,0.619,,,,,False,,22,3,0
1d2583d9-6878-4c7f-b4e0-e6fc5a5f365b,First-time Borrower,75316.79,0.1513,24,,,0.8493,0.0,,,7.04,0.1426,,,True,701.0,28,3,0
6773d476-9e49-406c-9181-fcfd58af99b8,First-time Borrower,44317.01,0.2363,18,,,,,2.15,0.6003,,,,,True,592.0,15,2,1
f391eb93-17ed-445d-96f6-6a0f01f9f1e6,Gig Worker,33520.4,0.2941,23,,,,,,,,,23.56,0.0922,False,,17,2,0
083a4e1c-1402-4cb9-83ec-4f83b90b28b3,Small Merchant,202785.53,0.2171,27,418550.32,0.875,0.7829,0.0,,,9.93,0.1021,27.9,0.2496,False,,35,5,0
1b09fceb-52a5-4032-9b09-3619a034d55e,Informal/Rural Worker,15782.18,0.7342,10,,,0.6255,15.09,1.64,0.505,,,,,False,,13,3,0
d7ed5b92-a387-4e11-8bcf-9dcfec75059b,First-time Borrower,75067.43,0.1735,23,,,0.8094,3.07,,,9.94,0.0808,,,True,814.0,31,3,0
740cacfb-61bb-4449-b8c9-72e8e1ba3762,Gig Worker,29282.15,0.4187,22,,,,,,,,,13.29,0.1411,False,,21,2,0
21b1251b-9c71-49d6-bb47-a9136ca160b6,Small Merchant,105340.34,0.3437,24,246886.36,0.6129,,,,,6.09,0.1667,,,False,,17,3,1
a11f8c34-96fb-44ab-accb-a647938aa214,First-time Borrower,31731.09,0.2729,18,,,,,,,,,,,True,508.0,12,1,0
6162a5dd-d319-405a-849f-2ca5b229240a,Gig Worker,33841.38,0.327,21,,,,,2.01,0.6776,,,20.5,0.1418,False,,19,3,0
2b9b35f1-384c-4e9e-a79d-396b379e76e6,First-time Borrower,42416.12,0.3311,17,,,0.5532,16.29,,,3.22,0.2775,,,True,559.0,4,3,0
190bfe68-c31c-4654-88d0-9447caa919a7,Small Merchant,71420.71,0.397,19,120064.1,0.5783,0.598,13.54,0.61,0.4362,3.63,0.3111,,,True,481.0,10,5,1
cc2d0170-9b27-4d91-9791-79cab9e8cda7,Informal/Rural Worker,13387.75,0.5646,9,,,0.6122,12.52,2.33,0.5934,,,,,False,,16,3,0
51db5ab2-5ba8-419c-8fdc-2bca56c2e9b8,Informal/Rural Worker,23437.67,0.5039,13,,,0.754,7.47,3.35,0.8032,,,,,False,,24,3,0
0574a8d4-8643-4ca1-a434-19014b22b4e8,Small Merchant,105918.04,0.3952,23,145776.41,0.6343,0.5483,11.81,,,5.8,0.2006,,,False,,15,4,0
e3c8be3c-5610-46b8-a91d-7da72af524a9,Small Merchant,96099.08,0.4153,21,204882.8,0.6712,0.6203,14.63,,,3.75,0.1844,16.23,0.0355,False,,13,5,0
de593b72-1d58-4073-835e-111e967bcd3e,Informal/Rural Worker,26737.94,0.3279,15,,,0.7806,2.8,2.67,0.902,,,,,False,,27,3,0
f71f9610-f4f0-48e8-8b63-7ff15a38821b,Small Merchant,76950.98,0.4324,18,119369.43,0.5592,0.4961,13.66,,,0.89,0.2387,16.25,-0.0622,False,,15,5,1
1c0434d9-0a83-41ae-b205-ad518c616528,First-time Borrower,63648.01,0.2428,21,,,0.7336,5.12,3.1,0.8204,6.6,0.1213,,,False,,22,4,0
27b7a8a3-1ae2-4707-8fd7-9125ce65ef1a,First-time Borrower,55287.1,0.1785,18,,,0.7251,7.98,2.09,0.666,5.2,0.1787,20.04,0.1251,True,621.0,22,5,0
f4918d22-bad4-4901-b14f-6955cdb92dcd,Small Merchant,114194.77,0.4161,22,231162.38,0.7375,0.7237,13.61,,,3.33,0.1783,,,True,615.0,12,4,0
d146ff47-a55d-4f3f-82ed-b8fa61ef517b,Informal/Rural Worker,15426.89,0.4992,12,,,0.5857,13.13,1.68,0.7543,,,,,False,,14,3,0
3f4b3c06-bc0c-4c96-ad4a-1b8c5114b36c,First-time Borrower,54766.49,0.2338,23,,,0.793,11.65,,,6.03,0.1448,,,True,625.0,16,3,1
6cc9a7da-0bf8-43ae-adcb-a10677b5915f,Small Merchant,116939.16,0.3651,21,168555.39,0.6181,0.5601,13.59,1.88,0.5318,5.37,0.2231,,,False,,13,5,0
a80ec18d-41b3-4aa9-8044-476128a5e371,First-time Borrower,80090.11,0.1913,26,,,0.831,5.45,,,,,,,True,757.0,25,2,0
06f54437-ec6b-4b99-9908-413c91e51c7d,Gig Worker,24627.51,0.5053,16,,,,,1.15,0.5592,,,11.99,-0.043,False,,10,3,0
85737fd0-16de-48ea-8968-e67618311d35,Small Merchant,107130.72,0.4977,21,188758.57,0.6509,0.6241,16.33,,,3.86,0.2081,,,True,636.0,18,4,0
73eabe0b-4661-42d8-aae7-a868c5004130,Gig Worker,28934.29,0.4435,23,,,,,1.75,0.62,,,15.97,0.0617,False,,15,3,0
69d214d1-af2f-4f7b-968d-6cb065f35110,First-time Borrower,61183.35,0.1925,24,,,0.7671,5.44,,,,,,,True,676.0,19,2,0
d6d477f4-a4d2-4250-9b2b-e9c5b675054c,Small Merchant,190856.25,0.1802,29,385697.94,0.9636,0.9064,6.11,,,8.81,0.0947,,,False,,24,4,0
d545c32b-63db-4669-b79c-1b11d268fe81,Informal/Rural Worker,11815.05,0.5176,12,,,0.5436,17.09,1.56,0.4099,,,,,False,,8,3,1
72206a76-b48b-4613-b219-df71b4efee91,Small Merchant,107779.74,0.3686,20,138367.71,0.659,0.5364,13.06,1.98,0.5702,4.51,0.1999,,,False,,12,5,0
da0c368c-4b6a-4912-9458-f1ab6ec7d654,Small Merchant,101911.17,0.3621,23,242281.0,0.8314,0.6147,11.22,1.91,0.5201,6.34,0.171,,,False,,18,5,0
563b1b41-7d2d-45da-8473-02fdad8a091d,First-time Borrower,53908.13,0.1592,22,,,0.6105,9.63,,,,,,,True,573.0,21,2,0
b2d5a87e-4163-4443-ad24-08b72acf879b,Gig Worker,27260.11,0.3993,20,,,0.6949,7.77,,,,,17.92,0.0248,False,,15,3,0
ade58c68-2a96-4bbf-ab49-36afe6727eed,Small Merchant,113918.75,0.3977,23,287369.48,0.6929,0.7348,13.2,,,6.82,0.1355,,,True,647.0,19,4,0
e0ddbffb-a473-4469-8379-5127b0eb2fec,Small Merchant,109487.56,0.2778,25,271652.3,0.7276,0.8555,9.34,,,6.88,0.171,,,False,,27,4,0
19d1986f-2490-4ae3-a53f-70b2e3480586,Gig Worker,38339.48,0.333,25,,,,,2.69,0.7731,,,19.16,0.0573,False,,23,3,0
6cda5adb-6b3c-40c1-b6bb-1ea303359d84,Small Merchant,105051.91,0.4406,22,148161.85,0.7015,0.601,11.92,,,,,,,False,,10,3,0
1577353b-e288-4436-9df4-28a5c9798162,Small Merchant,73510.59,0.3899,20,130012.41,0.5581,0.543,13.54,1.31,0.5447,1.49,0.2178,,,False,,11,5,1
92806b9f-a089-4eb7-a84d-2c0bcb1f1616,Informal/Rural Worker,16172.51,0.5891,15,,,0.6438,12.83,1.71,0.6168,,,,,False,,18,3,0
fb665d9b-6911-4af9-b37b-57888d71afac,Gig Worker,40385.44,0.4222,24,,,,,2.79,0.7039,5.73,0.1308,22.42,0.1371,False,,21,4,0
99ae1a4a-f65b-4837-89b4-293d5638d2f0,Gig Worker,37404.44,0.2367,24,,,,,3.11,0.7117,5.68,0.1164,25.2,0.1761,False,,20,4,0
663994c4-4d5c-455b-a09d-9e10154ff1db,First-time Borrower,58846.33,0.2783,19,,,0.6614,8.21,,,6.91,0.1849,,,True,671.0,18,3,0
f04bd548-e703-4b3d-953f-79b3afdc791f,First-time Borrower,34744.62,0.2482,15,,,0.601,9.58,1.59,0.6092,,,,,True,469.0,14,3,1
07858e35-bff8-4a80-876c-1b1e07dee8e9,Informal/Rural Worker,18882.0,0.411,16,,,0.8084,4.23,2.27,0.7196,,,,,False,,31,3,0
08ff9efb-13f1-4dd4-a338-cd90d77d978b,Gig Worker,21947.57,0.4934,18,,,,,1.72,0.4986,,,13.88,-0.0393,False,,9,3,1
65cbcd44-aece-4526-b345-6a2787864d26,Gig Worker,44534.12,0.2705,23,,,,,2.66,0.7196,7.26,0.0974,25.94,0.2349,False,,27,4,0
30b8d101-5286-40be-98c0-efbf0a1994ba,Small Merchant,148539.36,0.2866,25,345515.47,0.8113,,,3.5,0.8753,7.93,0.0698,,,True,803.0,26,4,0
1edd845b-1c5e-4e1a-98e3-ce31baa8f5d1,Informal/Rural Worker,24008.6,0.4387,16,,,0.7231,3.34,2.72,0.6917,,,,,False,,21,3,0
e0d04de7-5cfb-4f0e-afbf-42b2983187e5,Small Merchant,73188.86,0.375,19,119596.78,0.5804,0.4434,13.19,,,1.79,0.2291,,,False,,6,4,0
181377cf-46c1-403f-9d90-dea76c40a3d1,First-time Borrower,68015.9,0.1074,23,,,0.9085,7.64,,,7.15,0.1458,,,True,700.0,22,3,0
8e8dadea-c487-49ae-91f8-2d58298136ab,Informal/Rural Worker,23655.7,0.3008,15,,,0.8713,7.25,2.77,0.7559,,,,,False,,26,3,0
7d7a0a28-13b1-4816-9f1c-b501a57da68c,Informal/Rural Worker,24859.74,0.5142,15,,,0.6856,8.18,2.93,0.8023,,,,,False,,22,3,0
4b37a808-9662-4522-8587-96da63eabf68,Informal/Rural Worker,23297.92,0.4849,14,,,0.8008,9.88,1.94,0.6502,,,,,False,,21,3,0
f955679d-46e8-4c70-80c3-a90bc5e6f597,Gig Worker,18834.04,0.4783,18,,,0.3888,16.58,1.54,0.4844,,,10.99,-0.0779,False,,5,4,1
e56a521b-802e-41ac-9389-4eb2979ae2b6,First-time Borrower,85967.37,0.2044,24,,,0.9412,0.64,,,,,,,True,800.0,27,2,0
7b018862-e3fb-427a-8073-3fc601458770,Gig Worker,30072.44,0.3458,23,,,0.6986,8.59,2.02,0.5971,,,25.22,0.1341,False,,23,4,0
a938c2ef-8c9f-48a6-9e2f-89c1259b74aa,Small Merchant,100250.24,0.4077,24,154478.07,0.7177,0.5682,10.91,1.95,0.6056,5.91,0.2027,,,False,,12,5,0
bcc47b2e-b568-4c76-84c7-50a608995c84,Gig Worker,36304.16,0.3603,19,,,,,1.97,0.7046,,,,,False,,21,2,0
bd5b6898-b67b-45e8-b00e-11d91025eb36,Small Merchant,111642.96,0.3865,22,168484.85,0.6281,0.7147,15.92,,,2.93,0.1972,,,False,,16,4,0
53e84533-67aa-4125-9f2f-0bb8fc7fc27e,Informal/Rural Worker,26898.34,0.4508,16,,,0.761,6.22,2.68,0.7804,,,,,False,,23,3,0
47668b99-997c-41de-a9f4-417a9eb041a1,Small Merchant,121769.04,0.3968,22,,,0.5913,13.58,,,5.25,0.2529,,,False,,14,3,0
9c8d844a-44cd-45d4-8009-aa0611dad693,Small Merchant,87931.47,0.3414,28,290227.09,0.6237,0.679,11.76,,,6.98,0.1443,17.65,-0.0462,False,,18,5,0
feda3bce-438c-43b7-9180-801ba06e6dda,Informal/Rural Worker,24014.8,0.446,12,,,,,2.1,0.7293,,,,,False,,21,2,0
72549b60-3126-4685-9701-047f62fc3b58,Informal/Rural Worker,21650.42,0.5115,12,,,0.649,11.82,1.73,0.7158,,,,,False,,12,3,0
b4766854-0d42-4ce9-8d74-96a9a13322fe,Gig Worker,32659.23,0.449,23,,,,,2.47,0.7287,7.01,0.1641,22.66,0.1041,False,,18,4,0
53c11754-19f7-434c-961b-2d84efcb3b9c,Small Merchant,176018.62,0.2449,24,375624.64,0.9129,0.9675,0.16,,,7.1,0.0705,27.51,0.2176,False,,32,5,0
528e5e18-2c60-455c-8313-3b6f1081dc15,Informal/Rural Worker,27593.95,0.3841,17,,,0.815,4.19,2.83,0.8409,,,,,False,,25,3,0
53853f95-14ab-431e-ab96-a0dc735aba84,Gig Worker,46703.0,0.2962,26,,,0.896,0.23,3.17,0.8778,,,23.22,0.2661,False,,34,4,0
85c97c2e-a411-4b85-aecc-b0567cf29e70,Small Merchant,70345.88,0.3788,19,101138.17,0.6232,0.6423,16.1,1.54,0.4335,,,,,False,,12,4,0
7aec6042-808b-436c-a310-1527ca3b894a,First-time Borrower,36067.49,0.2783,17,,,0.456,13.14,1.34,0.4904,,,,,False,,16,3,0
c7d2b762-3ce0-41c7-a9c9-88e8acba1fe0,First-time Borrower,68746.95,0.228,18,,,0.5737,7.57,2.52,0.6562,,,,,True,691.0,23,3,0
abe5785f-d51a-475e-a38f-ac45c23efc82,First-time Borrower,59797.15,0.1481,22,,,0.7625,8.85,,,,,,,True,685.0,20,2,0
424242f5-b59a-483f-8d49-29b71e64d740,Informal/Rural Worker,25257.88,0.3692,20,,,0.8361,4.36,2.88,0.7668,,,,,False,,25,3,0
ed00a35e-ac87-4286-b556-d3bfd2f13bd7,Informal/Rural Worker,15363.08,0.601,18,,,,,2.37,0.5144,,,,,False,,14,2,0
8ba777a3-5dbf-479b-8cc4-d6dafc1eee9f,Small Merchant,92460.67,0.3841,23,213331.1,0.6104,0.6324,12.04,,,3.3,0.1252,,,False,,14,4,1
cb146b1c-fb2f-450d-a236-348ae2d17102,Gig Worker,42506.92,0.4376,23,,,,,3.09,0.7736,,,24.68,0.2054,False,,17,3,0
6a6cbeb3-f449-45c7-a1a0-67ff593fc905,Small Merchant,115891.7,0.2996,21,212884.39,0.5909,0.6362,11.22,,,5.01,0.194,,,True,593.0,15,4,1
24970b9a-313a-46ef-9c35-04246da4a4c6,Small Merchant,166348.55,0.3303,27,345531.29,0.7875,0.8191,6.88,,,8.73,0.1599,,,False,,23,4,0
f8cdb6f8-896d-4011-8402-72755c807a12,Small Merchant,215457.84,0.2513,25,412153.3,0.9474,,,,,,,,,False,,29,2,0
84b2fa7c-e829-49da-9738-ce402e8bfdca,Small Merchant,83406.5,0.3036,23,205875.21,0.597,0.7582,13.28,,,4.5,0.1834,,,False,,19,4,0
89fe49d0-18d4-4d03-9626-8087a40c4040,Informal/Rural Worker,21952.24,0.3879,14,,,0.7026,6.2,1.62,0.5193,,,,,False,,18,3,1
b2a051f9-0376-4eb2-be0a-df84e68f80a6,Informal/Rural Worker,8374.73,0.5475,8,,,0.5363,12.89,1.36,0.4303,,,,,False,,7,3,0
a6e5382e-ec18-4581-adc9-32c5d53ce4f1,Informal/Rural Worker,16426.37,0.5244,9,,,0.5833,10.72,1.87,0.5633,,,,,False,,9,3,1
e5bbcf25-16bd-47e7-b285-8948bb3c66dd,Small Merchant,44590.86,0.3905,22,124809.04,0.6891,0.5721,12.35,1.25,0.4937,,,,,False,,10,4,0
102c82f0-f4e3-4ecb-8f1b-f3f994f82a8e,First-time Borrower,56214.71,0.1507,21,,,0.7258,7.0,,,5.57,0.1443,,,True,672.0,18,3,0
c974d3c6-4e96-4ee8-bd33-f73482f77eb6,Small Merchant,140404.24,0.3309,25,267674.21,0.6927,0.7223,8.04,2.59,0.6405,4.61,0.2108,,,False,,20,5,0
148beebd-badf-497e-a7ec-13989deeb8a7,First-time Borrower,28154.17,0.248,14,,,0.5046,21.35,,,,,,,True,461.0,13,2,0
0d855d72-c47c-4a98-a2ec-3572cf7a6478,Small Merchant,137050.27,0.3456,26,372777.81,0.862,0.776,3.77,,,,,,,True,830.0,22,3,0
f515fb73-4e81-4b76-b50a-865212ec591b,Informal/Rural Worker,21981.04,0.4865,18,,,0.6273,10.48,2.45,0.7544,,,,,False,,22,3,0
398fbc89-46bc-466c-9083-5a09ce656387,Gig Worker,51220.64,0.2927,25,,,,,3.11,0.9523,,,29.6,0.1869,False,,29,3,0
65bc36d9-27ae-4141-b57d-a4e540a4628a,Small Merchant,82222.24,0.4125,21,275951.38,0.6796,0.6357,11.13,,,3.83,0.1838,,,False,,18,4,0
36ac0c64-582c-45df-8d5f-d5f2f121a2ec,Small Merchant,121725.35,0.3673,26,257616.5,0.8291,0.7179,7.54,,,6.96,0.153,,,True,659.0,17,4,0
186fb1c6-89de-40a0-9ec5-0ed90ff0b5db,Gig Worker,33036.57,0.386,20,,,,,2.2,0.6284,,,20.68,0.0124,True,621.0,23,3,0
7bd62ae4-deda-43d4-bc1b-1f57792eaaf7,First-time Borrower,63095.41,0.2119,20,,,0.6751,10.67,,,5.3,0.1727,,,True,560.0,15,3,0
ca0e0ed0-9bea-42dd-af31-2725731b4e03,First-time Borrower,67692.35,0.161,22,,,0.6834,9.75,,,6.63,0.0969,,,True,644.0,20,3,0
d2091ffa-9c01-479d-af14-6498f6f2aab3,Gig Worker,40238.12,0.3321,26,,,0.8974,3.66,3.15,0.8502,,,28.89,0.2658,False,,29,4,0
ac5bb3b1-b776-4f0a-b89f-704e43cd618a,Informal/Rural Worker,24014.3,0.5432,15,,,0.8347,5.44,2.68,0.9187,,,,,False,,21,3,1
325a2808-67d7-4fe2-829a-c0298d260e6e,Informal/Rural Worker,22547.43,0.4187,18,,,0.7923,5.23,2.77,0.7844,,,,,False,,21,3,0
9bd45e24-e6d7-4410-9b41-43716815f0c6,Small Merchant,101165.57,0.4497,23,142956.86,0.7264,0.5019,12.02,,,,,,,False,,12,3,0
d2ace34a-414a-4275-8619-c3f136ca2a60,First-time Borrower,51328.33,0.2399,19,,,0.6237,7.97,3.09,0.5206,5.71,0.1509,,,False,,20,4,0
352d6ed7-486f-4dfc-aeae-338ab898a39c,First-time Borrower,79482.54,0.079,22,,,0.9093,5.38,,,,,,,True,735.0,25,2,0
7cb635da-80ee-46ad-99a4-c795cbf949e2,First-time Borrower,76047.46,0.1407,21,,,0.8989,4.26,,,8.85,0.0985,,,True,704.0,28,3,0
b37586eb-61ed-434d-8bd2-c1be13229842,Small Merchant,125976.86,0.2772,22,281457.82,0.6489,0.5835,11.68,,,3.52,0.2031,18.9,-0.0395,True,579.0,17,5,0
833435bc-d655-4216-84ab-5f46a50de2ca,Gig Worker,32280.04,0.3222,23,,,0.6325,9.02,2.4,0.6995,,,21.98,0.1284,False,,18,4,1
940b62cb-55dc-4178-bcac-b9c54252767c,Gig Worker,31600.3,0.359,22,,,,,2.48,0.637,,,18.73,0.0545,False,,16,3,0
0cafb814-9940-44cf-b913-d20e41082dcd,Informal/Rural Worker,15593.39,0.5095,11,,,0.5526,14.94,1.56,0.483,,,,,False,,5,3,1
52a699e1-f261-4600-8743-96fa461ef59d,Informal/Rural Worker,28335.37,0.3533,15,,,0.7969,4.2,2.91,0.7923,,,,,False,,18,3,0
c670c99a-d1fb-4c53-b634-b92b212ad305,Gig Worker,30259.63,0.3277,25,,,,,2.29,0.6599,,,21.3,0.139,False,,20,3,0
b10bd36b-177d-43ca-8d76-630500a42a39,Small Merchant,141845.59,0.292,22,276019.49,0.7196,0.7856,8.1,,,6.97,0.1731,,,False,,19,4,0
97b35cd2-e65e-4870-a8aa-681a13d77efb,Small Merchant,162434.09,0.2735,24,292415.75,0.8537,0.8396,8.32,,,5.68,0.1091,,,False,,21,4,0
306fcc55-efed-442d-a063-0d90ce79d015,Informal/Rural Worker,14167.3,0.5081,10,,,0.6473,12.04,1.59,0.5125,,,,,False,,18,3,0
372eb4b2-3bd6-4fa5-aa1f-36e872c3404b,Gig Worker,37964.08,0.3696,26,,,0.702,6.18,1.69,0.7012,,,18.71,0.0516,False,,18,4,0
7903fc6b-c831-4bab-ad49-e7300e49a95c,Small Merchant,212767.6,0.2164,25,387250.31,0.8825,0.9344,3.28,,,,,,,False,,25,3,0
7bbde01b-9576-4bb3-b0ad-96a8eae30818,Small Merchant,55027.45,0.401,19,154192.3,0.6701,0.5001,15.45,,,4.94,0.1931,,,False,,14,4,1
5e90f920-a7b1-4a66-bc9d-81a80b5f27ca,Gig Worker,27988.65,0.6089,23,,,,,2.58,0.7774,6.31,0.2006,21.84,0.079,False,,20,4,0
51d2cb74-08f3-48cd-ba67-a16ae98ac997,Informal/Rural Worker,23903.34,0.4059,18,,,0.6601,5.22,2.78,0.6944,,,,,False,,22,3,1
e96bcb42-5fb4-4aa4-acc9-d9e6d6174049,Small Merchant,64173.42,0.4249,22,189595.4,0.6001,0.7371,12.14,1.84,0.6111,3.4,0.1917,,,False,,14,5,0
c70758b7-2262-4a74-b624-51862b5d1194,Informal/Rural Worker,15719.54,0.5954,7,,,,,1.37,0.3449,,,,,False,,10,2,1
43107d6c-474f-43aa-832f-465cb56de129,First-time Borrower,45687.55,0.2129,21,,,0.6475,11.7,,,6.82,0.1435,,,True,588.0,18,3,1
c2a02f66-6b5a-4b70-ac2b-88dacf6023a4,Gig Worker,49817.63,0.3306,26,,,1.0,1.09,,,,,25.6,0.2015,False,,27,3,0
bad2e16b-f22a-4fda-9c6c-2001dbc9fbaf,Small Merchant,126349.2,0.2655,23,227216.33,0.8014,0.81,8.67,,,3.7,0.1547,,,False,,16,4,0
3cd059ec-a925-41b1-ba6a-c597f63bfc87,Informal/Rural Worker,13480.4,0.374,15,,,0.7398,12.65,2.2,0.5864,,,,,False,,17,3,1
08df692a-2fc6-4c27-b2f6-6720edc442ef,Small Merchant,76877.74,0.4241,20,123539.36,0.5879,0.6508,11.1,1.89,0.5912,4.28,0.2533,,,False,,13,5,0
e58c6760-1759-41f7-b366-bb9c995adfc0,Gig Worker,36349.9,0.4454,24,,,,,2.79,0.7998,,,23.46,0.1092,False,,22,3,0
e17f6df0-2642-4983-9b9e-f00dfc11cdd2,Informal/Rural Worker,11061.53,0.444,13,,,0.566,13.57,1.78,0.5982,,,,,False,,13,3,1
b38b4f5a-b226-4027-a000-d641c276ddfd,First-time Borrower,49612.2,0.1985,20,,,0.634,8.94,1.36,0.5077,,,,,True,577.0,17,3,0
a600d36b-0e3e-4e93-92d3-c6cace664c94,Gig Worker,28829.38,0.4671,18,,,,,1.5,0.4483,2.36,0.1842,15.55,0.0174,False,,14,4,1
139b9628-0bcd-4d15-a665-5aef581d7333,Gig Worker,34773.49,0.2893,27,,,0.8514,3.49,2.45,0.7843,,,23.12,0.0994,False,,23,4,0
2a21a641-c24f-4a0a-afb3-b1c08864b481,First-time Borrower,32317.18,0.2319,16,,,0.5187,14.19,,,,,,,False,,15,2,1
c66eb4a3-7ddd-402f-ae48-3b8c74c81d8d,Gig Worker,18886.65,0.5836,17,,,,,1.28,0.3856,,,15.59,-0.0834,True,456.0,8,3,1
dcb708d8-9296-47b6-826f-6e9bc2d79dab,Informal/Rural Worker,20301.25,0.4873,15,,,,,2.21,0.654,,,,,False,,17,2,0
04ab4fc8-8f4b-4e38-8bc8-d296a0412ef1,Gig Worker,39631.82,0.3196,23,,,,,2.41,0.6472,6.29,0.1244,20.1,0.0447,False,,24,4,0
bd6e70b8-3cc4-44d6-a33c-280cffd2b3d6,Informal/Rural Worker,24620.93,0.4821,19,,,0.8234,3.6,2.65,0.7589,,,,,False,,26,3,0
0ed525a5-ff48-4d2e-b44a-95e3e316b0e0,Gig Worker,18901.06,0.4828,22,,,,,1.33,0.5392,,,15.34,-0.0208,False,,10,3,1
f7927ca6-397b-45f6-bbd2-70d1cc01a36b,Informal/Rural Worker,24440.32,0.3755,16,,,,,3.02,0.7997,,,,,False,,22,2,0
9a50b0fd-bcbb-4279-bc0b-0028fcfcb21d,Informal/Rural Worker,15525.05,0.5104,12,,,0.6122,4.97,2.28,0.5116,,,,,False,,24,3,0
68a069b0-796a-4b24-afb3-b1e5abfcf1ed,Gig Worker,42090.84,0.3664,24,,,,,2.91,0.7605,,,22.99,0.0447,True,754.0,23,3,0
6fea5b07-db6c-462b-b9c1-742c0c13a8b4,Gig Worker,47394.98,0.4558,22,,,,,3.37,0.7401,,,22.57,-0.02,False,,26,3,0
3927e93f-a66d-48ab-9f1b-5ae1374be1a8,First-time Borrower,34816.74,0.2928,12,,,0.5354,13.28,1.78,0.4079,2.91,0.238,,,True,501.0,7,4,1
4bdd2bfa-17de-437c-8a98-dbe911ac87c6,First-time Borrower,71847.53,0.0842,27,,,0.9801,4.68,,,,,,,True,810.0,31,2,0
3c555879-f15b-4d48-817d-ebaa06bac5c6,First-time Borrower,44988.79,0.2898,17,,,0.5541,8.8,,,,,14.26,-0.0363,True,525.0,12,3,0
8ed49c1a-830c-4750-acfb-a4fa170bab22,Small Merchant,139937.46,0.2544,27,385969.32,0.8038,0.7877,1.54,2.77,0.8201,9.96,0.1248,,,False,,25,5,0
f5dfacf1-d4b7-4621-bd22-a8984d243650,First-time Borrower,48552.9,0.2194,18,,,0.6757,3.18,,,6.54,0.1879,,,True,648.0,18,3,0
b304a424-4583-4439-8a74-8bf23f0a5846,Informal/Rural Worker,23366.29,0.5244,16,,,0.8019,5.49,2.44,0.7189,,,,,False,,18,3,0
ffac52e5-29f3-40a2-b34b-9dfd30e28576,Small Merchant,87886.9,0.3611,22,178775.7,0.5767,0.5885,12.67,,,4.36,0.2021,,,False,,13,4,0
3cb10282-84e0-4614-baf7-21598b592498,Informal/Rural Worker,28109.53,0.2716,18,,,0.8339,2.34,3.39,0.8197,,,,,False,,32,3,0
15648d60-9647-432c-aa4f-427f578627fa,Gig Worker,48353.42,0.4081,22,,,,,3.09,0.688,,,18.58,0.0825,False,,17,3,0
86c28be9-13bc-475d-95c6-f120457e7803,Informal/Rural Worker,13572.78,0.5488,13,,,0.5152,14.52,2.4,0.5909,,,,,False,,12,3,0
a9d405a6-f928-4db0-a20a-49eaf2496894,Gig Worker,35583.09,0.4208,21,,,0.6503,9.81,2.36,0.6669,,,17.52,0.0284,False,,16,4,0
7fee1546-70d7-4606-b99a-7486f623a949,Small Merchant,201553.04,0.1096,29,479524.46,1.0,0.9808,0.71,3.39,0.9191,9.87,0.0702,,,False,,26,5,0
d7da61cb-8f7e-40a4-b2ac-c6831afa10be,Gig Worker,32944.48,0.3506,27,,,,,2.26,0.6122,6.11,0.1863,20.15,0.0763,False,,20,4,0
e3720887-b8f3-46a5-9a03-41c4ddd60312,Gig Worker,34494.15,0.4257,21,,,,,,,,,17.32,0.0028,False,,15,2,0
771f2a2a-72af-4e7a-a7b8-04b7057af36a,Informal/Rural Worker,34268.96,0.2335,24,,,1.0,3.17,3.22,0.9117,,,,,False,,31,3,0
298cf2e9-187a-46fa-900a-161a44b3e0a9,Informal/Rural Worker,20195.26,0.6212,12,,,0.6998,10.24,2.54,0.5558,,,,,False,,22,3,0
15f5680f-b943-4ec8-b683-6516b4eb131a,Informal/Rural Worker,27042.01,0.4413,15,,,0.6691,8.86,2.48,0.7488,,,,,False,,20,3,0
883343bc-4ed2-4465-becc-2664de7a486e,Small Merchant,164232.34,0.3163,25,359035.14,0.8767,0.9049,0.19,,,9.99,0.0817,30.0,0.1893,False,,29,5,0
4bc8e876-1893-44ab-bdaf-75bae35a1af4,Small Merchant,85084.88,0.3758,20,218567.61,0.587,0.543,10.36,2.0,0.6273,3.53,0.2724,,,False,,16,5,0
fd90e985-f9e5-4bd8-8fe2-a199072e6f11,First-time Borrower,68339.22,0.1976,21,,,0.6434,7.34,,,,,,,True,604.0,23,2,0
b26ac3d9-a357-4e70-bac7-8573f7245ad6,First-time Borrower,57981.08,0.1935,22,,,0.6414,7.62,2.68,0.77,,,,,True,599.0,18,3,0
4262f4df-b145-44fe-bb3c-f085a9879271,Informal/Rural Worker,22007.65,0.4752,14,,,0.7734,11.48,2.71,0.785,,,,,False,,22,3,0
1b6ee066-2766-4c56-836d-d442ba497c51,Small Merchant,99338.13,0.3709,21,186606.6,0.7145,0.5617,13.05,,,4.22,0.1693,16.24,0.0391,True,565.0,17,5,1
b2a6f5ba-fc0c-4d4c-8d78-379f5dff703e,Small Merchant,192763.38,0.2418,25,421969.74,0.8459,0.8321,2.36,,,8.94,0.107,,,False,,34,4,0
5c57e5ce-8df6-466b-98c6-f48b890ce0f8,Gig Worker,37695.02,0.3549,25,,,,,2.57,0.7888,,,23.68,0.0558,False,,26,3,0
166be9dd-312e-4155-aff8-954974a9348c,First-time Borrower,56265.58,0.1514,19,,,,,,,,,20.89,0.0725,True,613.0,19,2,0
c75802bb-1552-4bf7-b6cb-b064bfe97794,Small Merchant,65818.71,0.296,22,143982.67,0.5994,0.6395,14.25,,,3.28,0.201,,,False,,14,4,0
68a2291d-75c9-48bb-9c8a-3f87ba4001a6,Informal/Rural Worker,23906.33,0.5199,14,,,0.7387,6.84,2.41,0.8486,,,,,False,,23,3,0
df97383b-f583-4e6d-bb32-ce0f29a90a5b,Gig Worker,35408.78,0.5233,24,,,0.8339,10.0,2.21,0.7714,5.96,0.1317,23.14,0.0456,False,,25,5,0
6473fb5c-d642-4574-9bfd-3ffa46d5eb9d,First-time Borrower,55061.97,0.2026,17,,,0.7635,8.89,2.56,0.6607,,,20.61,0.0348,True,600.0,23,4,0
80e0e3e4-3cdf-4633-943f-d4fa983ca79a,Gig Worker,43145.67,0.2577,26,,,,,3.06,0.7538,6.84,0.1336,20.95,0.1135,False,,20,4,0
d1995007-c8af-41dd-b4bd-2127fac91fce,Gig Worker,34480.9,0.3803,22,,,,,2.55,0.7434,7.61,0.1856,17.34,-0.011,False,,16,4,0
4a842f3c-7e7b-4fad-8e76-9bbce688801e,Informal/Rural Worker,19422.73,0.4831,13,,,0.753,6.74,2.24,0.6723,,,,,False,,12,3,1
25b265fa-5e20-4fe3-b78d-0868d076a83f,First-time Borrower,45429.29,0.1458,18,,,0.617,11.23,,,,,,,True,635.0,13,2,1
ddde6595-74e1-43ca-954a-a4168e9f0e27,Gig Worker,51998.16,0.2215,25,,,0.8717,3.37,2.95,0.827,,,22.56,0.1078,False,,21,4,0
4b5214a1-22fd-4a49-9478-66e6bdb3b28a,Gig Worker,35508.11,0.3668,25,,,,,2.85,0.8333,7.98,0.1547,23.49,0.0065,False,,22,4,0
03cec3a8-2bc8-4259-9970-40a754b7cd41,Small Merchant,95112.88,0.4089,22,164122.84,0.5066,0.4958,13.53,2.07,0.5491,3.13,0.2158,,,False,,14,5,0
6c33cb7c-bf2a-4c05-bfac-3173082609c4,Informal/Rural Worker,21478.87,0.431,13,,,0.747,7.79,2.64,0.6471,,,,,False,,23,3,1
d5b7ac5e-2296-4b0e-8080-f8d141c7264a,First-time Borrower,53890.03,0.2083,22,,,0.7434,8.16,2.39,0.6283,,,,,True,716.0,19,3,0
696f0ca5-036a-4bb7-91fa-b34cc947514b,First-time Borrower,73913.39,0.1402,22,,,0.8395,0.0,,,,,,,True,768.0,25,2,1
d9d49384-ad67-4577-a0bc-9e1df0cb0c15,Gig Worker,26772.76,0.416,20,,,0.6578,5.07,,,,,19.71,0.0684,True,602.0,16,3,0
ea31b70b-bdcd-4650-9a44-e222047fdbc1,First-time Borrower,52376.16,0.2267,15,,,0.4727,13.51,1.63,0.5101,,,,,True,501.0,10,3,1
54ae18de-f2da-47cb-855f-d9412a7a7455,First-time Borrower,47710.5,0.2534,18,,,0.6123,10.88,,,,,,,True,560.0,15,2,0
1d3c8df6-1d44-4922-a417-9a56bf3fb171,Small Merchant,132608.37,0.3132,25,,,0.6239,11.51,,,5.78,0.1597,,,False,,22,3,0
ea6ee268-b5e1-4bf0-952b-e2cf2e6e90fb,First-time Borrower,57162.09,0.2174,16,,,0.5859,10.66,2.68,0.7269,,,,,False,,20,3,0
36645439-1416-4e11-94a7-cee8f1e56723,Informal/Rural Worker,21524.18,0.4542,15,,,0.7833,7.9,2.48,0.7161,,,,,False,,19,3,0
bd6547a7-d935-41e4-826d-e70f3863dc9e,Small Merchant,113483.1,0.5152,22,275483.13,0.5639,0.6364,11.15,,,5.53,0.2054,,,False,,18,4,1
f201e5f4-5e44-40f5-906e-9849ba80ee41,Gig Worker,38641.92,0.278,22,,,,,2.11,0.667,,,21.47,0.0249,True,615.0,13,3,0
9ec9613b-4679-4898-a98e-f2e5694d8ae9,Small Merchant,125140.34,0.3902,27,263270.94,0.739,0.7002,6.44,,,5.81,0.1232,,,False,,22,4,1
ee244d53-f2d0-4284-84a6-00b9660dffac,Gig Worker,15696.63,0.4769,22,,,,,1.65,0.51,,,16.7,0.0412,False,,13,3,0
4389be08-cda9-42e2-9b93-c9eb79830fa3,Gig Worker,27461.11,0.3859,19,,,,,1.59,0.633,,,,,False,,11,2,0
3537c268-3ca9-48ca-afff-b82d7a38ba38,Informal/Rural Worker,18851.0,0.306,13,,,0.6786,7.34,2.22,0.5327,,,,,False,,20,3,1
c4e232fb-a40d-4659-83e2-e4bd9992a866,Gig Worker,30552.84,0.4938,22,,,,,1.12,0.5275,4.97,0.2228,15.84,-0.06,True,472.0,13,4,1
cb4720cb-92df-47cd-a915-368040775061,First-time Borrower,64476.58,0.1233,20,,,0.8137,7.23,,,,,,,True,652.0,26,2,0
799440b0-37b9-4b34-9405-774a9cfb9c0c,First-time Borrower,77357.77,0.1742,23,,,0.8463,5.28,,,6.47,0.106,,,False,,28,3,0
e3cea184-b9a8-42a4-b1aa-6f61446fc6bf,Informal/Rural Worker,16893.36,0.4854,12,,,0.641,9.22,1.79,0.6492,,,,,False,,9,3,1
a3a5d46c-b3c1-4f35-b2cb-1801894115da,Informal/Rural Worker,27584.12,0.4301,21,,,0.8976,4.49,3.12,0.7324,,,,,False,,23,3,0
f4ca93cf-f782-4373-8a5f-cb375a2a5d97,Gig Worker,38686.41,0.2995,24,,,,,3.15,0.8301,8.32,0.2101,20.45,0.0763,False,,21,4,0
14543b79-a594-4f5a-a260-b0a88bc5953a,Small Merchant,118418.9,0.32,26,304808.06,0.6662,0.6606,6.54,,,5.52,0.1763,,,False,,18,4,0
c93bd108-424a-422a-a36f-a957f07eded3,Small Merchant,105463.68,0.4518,20,171568.38,0.5998,0.5949,11.38,,,,,,,True,576.0,12,3,1
31118a43-b1b2-43f6-9ec6-02223a2d9fff,Gig Worker,35412.15,0.39,22,,,0.602,7.84,2.85,0.6312,,,20.51,0.0423,False,,15,4,0
a73b3cd0-200c-4611-a71d-a88aeb2846ae,Small Merchant,153485.13,0.3117,23,273354.61,0.7943,0.7257,7.84,2.4,0.7729,6.96,0.1443,,,False,,19,5,1
24ddcd74-6482-4efb-b56e-ea21dc390c8a,Informal/Rural Worker,19531.3,0.6423,10,,,0.4231,15.09,,,,,,,False,,6,2,0
87e79b83-161e-419c-bdd0-7344fe3ca27c,Gig Worker,32151.21,0.2635,25,,,0.7935,4.42,2.71,0.8363,7.05,0.0981,21.87,0.1551,False,,20,5,0
0aff6720-e9c9-4a1f-9f38-de868ea711bc,First-time Borrower,26810.59,0.1922,10,,,,,,,2.91,0.2353,,,True,466.0,16,2,0
857c89ae-9eda-4df4-a0b6-880eef8efd6e,Informal/Rural Worker,9497.91,0.5213,10,,,0.5818,13.86,1.19,0.5877,,,,,False,,14,3,0
0baf630e-e6a8-415c-8ac9-13bd15fc4398,First-time Borrower,36767.32,0.2594,17,,,0.5108,17.04,,,3.37,0.253,,,False,,16,3,1
90e7ed34-09e4-4311-83ca-54275c40246c,Gig Worker,43286.81,0.3343,23,,,,,3.3,0.7251,9.18,0.1324,19.93,0.0818,False,,29,4,0
0fcd4ef6-c45d-4f63-824b-142e640ef843,Small Merchant,53681.36,0.5252,21,169542.34,0.5519,0.4448,15.61,1.45,0.5929,1.66,0.2462,,,False,,13,5,0
0e6342af-bdac-4647-a1c5-a2d08d8ace09,Gig Worker,19889.78,0.4872,16,,,0.5116,15.22,0.98,0.5314,,,9.28,-0.1301,False,,12,4,0
1c8d2c54-de52-4440-ae2e-8c7669ad7865,First-time Borrower,35506.86,0.2981,13,,,0.5692,13.08,,,,,,,True,566.0,15,2,0
91a3dd8d-1f83-4654-be04-59330d4be2a4,Small Merchant,169865.42,0.2865,26,376054.14,0.7745,0.7843,8.13,,,8.81,0.1701,,,False,,26,4,0
9ae3c64b-8709-4ee0-989f-8cf6f5a82d3b,Informal/Rural Worker,20595.33,0.5736,13,,,0.548,12.32,2.53,0.6677,,,,,False,,12,3,1
87b50746-65d0-42f3-9b11-f4cfbd549472,Small Merchant,80291.76,0.4005,24,193413.87,0.6371,0.6043,11.68,,,3.92,0.1863,,,True,545.0,17,4,0
c047fe88-2812-4e3e-b93f-4ea57f5207f0,Gig Worker,44253.75,0.3075,25,,,,,2.05,0.6107,,,21.1,0.0136,True,650.0,18,3,0
9a670e75-1fde-416f-a657-9a96af893cd2,First-time Borrower,52777.26,0.1902,18,,,0.6933,7.81,,,,,,,True,631.0,19,2,0
bcf7438a-fe23-4871-a616-5e7b1cf75c03,First-time Borrower,50324.23,0.2635,19,,,0.63,7.82,,,,,,,True,529.0,18,2,0
710187cd-2c3a-4b5b-bfa2-55e13cbcf45e,First-time Borrower,57116.47,0.2161,21,,,0.702,4.91,,,,,,,False,,25,2,1
d6ed6b41-c491-43e2-8b63-c72240d123c7,Informal/Rural Worker,27148.26,0.2749,21,,,0.917,3.87,3.41,0.7975,,,,,False,,22,3,0
2009accf-5103-4138-b4d8-3e3642a93e55,First-time Borrower,73314.55,0.222,25,,,0.9119,3.29,2.85,0.8183,7.94,0.0956,,,False,,27,4,0
ca08c1dd-0aee-4758-801b-441a7a60bc67,Small Merchant,148883.57,0.3311,24,300799.94,0.7756,0.7393,8.77,,,5.5,0.0959,,,False,,22,4,0
7f0a4c17-f261-4a88-b689-802e11835f47,Informal/Rural Worker,26700.77,0.3269,14,,,0.8041,0.0,3.25,0.9865,,,,,False,,27,3,0
67650803-1ee8-4205-a510-65bf3ce351ec,Small Merchant,139476.54,0.3305,24,268809.54,0.6487,0.7632,9.52,,,6.95,0.1812,,,False,,23,4,0
eb9eab65-5956-4c04-85f8-fef14a5ebc68,Gig Worker,38600.64,0.4151,26,,,,,2.36,0.6183,,,20.15,0.0783,False,,19,3,0
a582855d-10e0-4fca-aba4-f7b33c29ebbc,First-time Borrower,45309.22,0.2769,17,,,0.6068,9.32,,,,,12.52,-0.0293,True,581.0,13,3,0
985de1ae-d132-4804-8a41-2053b1b544ad,Small Merchant,109053.53,0.5223,22,189226.38,0.5546,0.5328,12.67,,,5.63,0.1965,,,False,,14,4,0
a37d84e4-75a9-43a2-a53c-db65561a81e4,Small Merchant,162968.38,0.3037,25,324157.5,0.7554,0.9103,5.79,,,8.65,0.0949,,,True,741.0,23,4,0
3634278d-8d8f-4821-bb2b-f065078b9cd8,Small Merchant,77354.62,0.3836,20,76560.7,0.5429,0.5202,15.94,,,3.72,0.2798,13.04,-0.1937,False,,11,5,0
888f726f-238b-4e8d-b548-000e048b7ba8,Informal/Rural Worker,19187.92,0.5417,9,,,0.705,13.51,2.34,0.5586,,,,,False,,23,3,0
ad59694f-03c6-4a17-b9f5-c5f2f9cfbe68,First-time Borrower,53471.21,0.2241,18,,,0.5713,12.46,,,,,,,True,649.0,15,2,0
3b3fd9d4-de8f-45b3-a401-53e1e751c86e,Informal/Rural Worker,20286.36,0.4727,16,,,0.7023,10.19,2.27,0.7035,,,,,False,,22,3,0
02d67cb6-a5e9-4def-ba33-3ba7a4e27ca9,Gig Worker,27691.17,0.4168,20,,,0.6495,13.24,2.81,0.6361,,,17.6,-0.0006,False,,19,4,0
34f609e6-3efb-4d5a-bf5a-b189cc34e3ba,Informal/Rural Worker,22370.63,0.4546,17,,,0.6068,7.12,2.52,0.8021,,,,,False,,19,3,0
8a8c7cea-3e98-48cc-8d10-4a6af28190c9,Informal/Rural Worker,27127.84,0.3708,19,,,,,2.9,0.7734,,,,,False,,30,2,0
124afd98-82c2-4974-aab9-bf788f2059c2,First-time Borrower,81701.24,0.05,26,,,0.9734,2.14,,,8.61,0.0605,,,True,752.0,29,3,0
264be004-2f31-48f3-b6f9-ee324255deb1,Small Merchant,138919.89,0.3931,24,221727.51,0.6526,0.7108,6.26,,,4.84,0.1436,16.13,-0.0875,False,,24,5,0
764688ed-eec1-4335-b319-1d990d727089,Gig Worker,35769.43,0.5113,23,,,,,1.94,0.5421,,,16.28,0.0041,False,,15,3,1
54e3eb0b-2604-41a5-a71b-9cf78a537de4,First-time Borrower,46060.33,0.1859,17,,,0.5838,10.56,,,3.93,0.1731,,,False,,17,3,0
786f91ed-5db5-447d-ae08-45b60a4cbb3c,Informal/Rural Worker,20081.66,0.5246,14,,,0.6411,8.98,1.77,0.6512,,,,,False,,19,3,0
13747c48-fd9a-47ee-8095-834b4ca2fdb8,Informal/Rural Worker,19125.43,0.3881,12,,,0.6647,8.4,2.22,0.642,,,,,False,,15,3,1
f03881dd-999c-4ea1-b356-830fd5d85df3,Gig Worker,39206.04,0.4066,21,,,,,1.95,0.5771,,,15.02,-0.0152,False,,21,3,0
37abc33c-f366-4cfd-a82a-992a87ac9058,Small Merchant,129993.91,0.288,24,289222.4,0.8277,0.8119,9.15,,,6.91,0.1687,,,False,,22,4,0
955761b7-8b9a-400d-9ce5-ba613b8faee6,Informal/Rural Worker,18433.72,0.4646,11,,,0.6999,8.68,2.64,0.8686,,,,,False,,16,3,0
5a9a7bea-ef6a-478a-b5b7-8bcd43d72fcb,Small Merchant,101418.11,0.3473,20,186291.21,0.6117,0.6781,12.63,,,5.44,0.1805,,,False,,10,4,0
ee8b12fc-3e1e-4b6e-9c31-8b4c1a6da3e0,First-time Borrower,79908.05,0.1625,21,,,0.6987,4.77,,,,,,,False,,26,2,0
68b09479-519c-4399-be83-e9a803f815cd,First-time Borrower,41673.35,0.2397,16,,,0.5581,16.29,,,2.71,0.2321,,,True,534.0,15,3,1
66cd88f9-01d6-4e5e-abe1-3a5818da2fe1,First-time Borrower,56318.66,0.1948,22,,,0.7558,8.4,,,,,22.45,0.0833,True,657.0,22,3,1
af13ac53-5709-4da6-9f3d-73a091104770,Small Merchant,144711.74,0.3432,27,315771.01,0.676,0.7654,6.66,,,9.8,0.1359,22.09,0.0092,False,,21,5,0
86ab4faa-6586-41b8-87d8-5e30d11fd82f,Small Merchant,166593.21,0.2859,24,335116.47,0.8975,0.7955,6.72,,,6.03,0.1311,,,False,,15,4,0
cf6a5874-e073-4ddc-8c20-9b604559e477,Informal/Rural Worker,18340.34,0.4862,10,,,0.6121,7.07,2.11,0.5814,,,,,False,,17,3,0
4d23cf6b-85d4-4fca-a853-f523d5579e9a,Informal/Rural Worker,16713.22,0.3606,17,,,0.6146,7.02,2.58,0.6719,,,,,False,,22,3,0
8fd4eca5-e902-4834-8d8e-013003dbd7b4,Small Merchant,56134.64,0.4204,23,115147.13,0.485,0.6088,11.65,,,3.81,0.1969,15.46,-0.1196,True,509.0,9,5,1
9da58106-3624-4837-9a06-f97efa29d500,Small Merchant,117017.25,0.4556,22,277976.27,0.6998,0.6469,13.75,1.94,0.6416,5.55,0.1592,,,False,,19,5,0
28a0e109-2389-40a1-8e56-84aa1f055df4,First-time Borrower,78499.72,0.1158,25,,,0.8509,8.07,,,,,,,False,,27,2,0
7df62798-184a-431d-8d99-159183455d06,First-time Borrower,54804.68,0.2175,21,,,0.6296,5.43,,,6.45,0.1573,16.55,0.0637,True,630.0,18,4,0
2cb95f18-9b9d-4c37-9dbf-b51fb60154f9,Informal/Rural Worker,21597.72,0.3411,12,,,0.7999,7.36,2.48,0.6962,,,,,False,,18,3,0
867356aa-cf7e-4895-96b9-3e0825fdbc23,Gig Worker,25052.95,0.4898,21,,,0.503,12.88,1.81,0.4462,,,11.64,-0.1015,False,,10,4,1
aa14ac1d-e18a-489f-8e5c-86c3b571599c,Informal/Rural Worker,24322.84,0.4565,11,,,0.6949,4.89,2.25,0.6743,,,,,False,,22,3,0
826abe2a-a747-4d42-b5b8-e87e3e58f270,Informal/Rural Worker,22046.72,0.4899,17,,,0.7016,9.07,2.15,0.7123,,,,,False,,19,3,1
16843719-1898-436e-b41d-2e3c4609f731,Informal/Rural Worker,25625.97,0.4263,17,,,0.6893,2.65,2.61,0.7403,,,,,False,,21,3,1
88291ee1-942e-421f-81e8-d1c0057b550d,Informal/Rural Worker,26141.09,0.392,15,,,0.8427,8.33,2.63,0.7453,,,,,False,,20,3,0
f7e44230-7291-41e2-9c51-ed3691482e0f,First-time Borrower,66682.25,0.2007,22,,,0.7156,8.33,,,,,,,True,674.0,17,2,0
58a14979-9b37-493e-a2f2-dda10bf02c8e,Gig Worker,42559.55,0.2279,28,,,,,3.18,0.9102,,,23.19,0.258,False,,32,3,0
3fce1295-a54f-450a-9017-df481be4070a,Gig Worker,45048.43,0.2847,23,,,,,2.33,0.9473,8.65,0.1,22.98,0.2127,False,,26,4,0
5e9e5df2-9516-4518-846e-ccd51c9a94df,Small Merchant,131972.35,0.2889,27,312356.89,0.8169,0.8498,6.29,3.01,0.8016,6.03,0.1061,21.63,0.111,False,,21,6,0
4222d0a6-67d0-46cf-b6b9-6fe8e60e0ae6,Gig Worker,45127.69,0.3514,27,,,,,3.51,0.8083,10.28,0.0918,25.3,0.2069,False,,23,4,0
b771444b-a2c8-43c3-bddc-bd4cd2b41821,Informal/Rural Worker,21833.73,0.4496,14,,,0.6861,7.59,1.6,0.6223,,,,,False,,18,3,0
c6571b4f-4514-4ff1-bd2e-1029efea1e95,First-time Borrower,56985.3,0.2023,20,,,0.6477,7.62,2.56,0.8078,,,,,True,600.0,17,3,0
73f4d223-258c-4578-8d79-c5e8343468f3,First-time Borrower,56761.81,0.1839,21,,,0.7627,13.71,3.02,0.772,6.58,0.158,,,True,655.0,20,4,0
1c1095db-4179-48d5-8609-858cadd20a09,First-time Borrower,51955.04,0.2307,17,,,0.6502,8.58,,,,,,,False,,20,2,0
622c1ea9-e8ae-4e72-9cc0-0e3db9203ab4,Gig Worker,44099.78,0.3273,28,,,,,3.04,0.8036,,,22.25,0.1941,False,,20,3,0
d25fda05-d563-4427-bfce-0b711fdfd32e,Informal/Rural Worker,16068.03,0.5561,17,,,0.6538,10.01,1.87,0.6736,,,,,False,,12,3,1
5ffe66ab-6e22-4ccc-9c60-0bae1ebdb620,Gig Worker,33912.51,0.3474,21,,,,,2.12,0.783,,,23.5,0.0282,False,,25,3,0
d24fb19a-e243-46f0-8c34-e5ecc2c1bf29,Gig Worker,33340.82,0.2946,24,,,,,2.76,0.796,,,21.68,0.1343,False,,23,3,0
2b619635-b3c1-4d2c-89cb-7c43e83438e8,Gig Worker,40196.03,0.3327,25,,,,,2.38,0.7044,,,22.29,0.0875,False,,28,3,0
80786214-3e35-408f-b207-b9ef68b839d3,Informal/Rural Worker,17117.22,0.5269,16,,,0.5104,12.38,1.26,0.5076,,,,,False,,15,3,1
498a6474-5e33-4189-98d7-d46606c5cfaa,Gig Worker,32603.18,0.4425,21,,,,,1.8,0.5478,,,18.54,-0.0655,False,,11,3,1
1f3553fc-52da-4595-8ddb-806dd6a1ffe6,Informal/Rural Worker,14677.21,0.5547,10,,,0.5648,12.68,1.98,0.5386,,,,,False,,17,3,0
0438b855-e686-4c10-bd42-6c35389c5ba7,Small Merchant,154174.64,0.1944,24,337952.32,0.8812,0.8641,6.72,3.05,0.9757,7.05,0.0688,,,False,,28,5,0
d8af9c70-cec4-42e4-9d44-87af20510093,Informal/Rural Worker,20051.71,0.5252,13,,,0.6107,13.08,1.75,0.4838,,,,,False,,19,3,1
702a02ea-2c98-4abe-9475-f6309c5c89b5,First-time Borrower,54124.86,0.183,16,,,0.611,10.71,2.03,0.6299,3.82,0.1947,,,False,,15,4,0
0b813cb1-99b5-48ef-9695-b201cc758029,Informal/Rural Worker,22417.17,0.4057,14,,,0.7095,9.79,2.79,0.8143,,,,,False,,21,3,0
cbbb06cd-00ef-4df6-ab98-b74764bd9cf5,Gig Worker,28665.51,0.4857,21,,,,,2.23,0.5584,,,13.83,0.0188,False,,17,3,1
97680a0a-7724-46b3-8de9-ec6449bbf1a3,Gig Worker,46808.8,0.2205,27,,,,,2.68,0.8698,,,27.26,0.2031,False,,27,3,0
912b7ce4-0c61-4592-bad3-9a3bd7aa15f4,Informal/Rural Worker,20738.37,0.4446,10,,,0.6926,6.99,,,,,,,False,,24,2,0
37978c49-649f-4380-80eb-f22a154900e0,Informal/Rural Worker,25250.5,0.482,17,,,0.828,2.1,3.14,0.8312,,,,,False,,25,3,0
d30b4bfb-c128-4f61-a25d-c56e2d02f376,First-time Borrower,49512.14,0.1991,17,,,0.6369,9.6,,,,,,,True,617.0,16,2,0
f262a4f2-932b-409c-84a9-8417d6ef0ec1,Gig Worker,40890.42,0.2992,26,,,,,3.36,0.8222,,,26.06,0.1702,False,,28,3,0
77c7d872-6b35-4611-b7d0-6b7911636710,Gig Worker,30891.93,0.4167,25,,,0.668,11.66,2.01,0.6918,3.27,0.1844,17.34,0.0069,False,,20,5,0
baf28341-4f12-46bc-8004-517fa530ae6f,First-time Borrower,58332.0,0.2749,18,,,0.7274,10.36,,,,,,,True,543.0,22,2,1
fac9bd59-1b9e-4ce1-8753-1f3fc59c6cf1,Small Merchant,152791.49,0.2351,26,354756.07,0.8171,0.8373,8.22,2.78,0.8072,5.74,0.0314,24.84,0.2916,False,,24,6,0
5b53855d-e556-4464-ab0c-9ba2794ceec3,First-time Borrower,81181.09,0.1099,27,,,,,,,6.67,0.1026,,,True,772.0,20,2,0
7229d977-c6fd-49a3-93ff-c568af43adc6,Informal/Rural Worker,12604.54,0.4982,10,,,0.6423,12.35,2.14,0.7912,,,,,False,,19,3,1
d23583da-b605-4ddd-9dac-19a55e5d5747,Small Merchant,161211.84,0.2759,24,311434.24,0.9477,0.6696,5.26,,,6.72,0.1167,,,True,733.0,23,4,0
014a10a3-fde2-439f-b79c-e9382f39b9da,Gig Worker,35099.78,0.4369,22,,,0.6014,8.68,1.49,0.5425,,,17.29,0.0665,False,,17,4,0
28b003c0-feed-4d71-8f49-710966a29cb8,Gig Worker,35123.28,0.2751,23,,,0.6517,9.22,2.89,0.7457,,,23.15,0.1607,False,,22,4,0
5e88ae36-e7d5-4dbf-9b92-ad6958b204b7,Small Merchant,122411.62,0.2457,24,271211.87,0.7665,0.8071,6.09,2.97,0.8315,7.64,0.1688,20.39,0.1383,False,,20,6,0
a18da0e3-0044-4f17-9dae-2d07934bbdac,Gig Worker,25610.04,0.4081,17,,,,,1.81,0.5543,,,19.4,-0.0092,False,,16,3,0
17bde271-878e-41b2-9353-ac1e63e270de,Informal/Rural Worker,18661.45,0.4666,12,,,0.6796,8.57,2.67,0.6901,,,,,False,,15,3,0
fa6ae43a-7444-4122-ba9f-c567d33284d1,Informal/Rural Worker,20360.98,0.5502,16,,,0.5065,8.97,2.01,0.6665,,,,,True,583.0,13,3,1
1dda3519-0e7d-4e80-a760-59d44e965484,Informal/Rural Worker,16319.37,0.5347,15,,,,,1.85,0.5912,,,,,False,,22,2,0
f1623a15-0574-4333-b3e7-d895c62951a6,Gig Worker,32469.72,0.408,24,,,,,2.19,0.6792,,,16.75,-0.0021,False,,16,3,0
3907cc29-1623-4f63-9203-451bf686f892,Informal/Rural Worker,15778.2,0.637,11,,,0.5786,14.0,1.09,0.3884,,,,,False,,5,3,0
74147576-6aea-48a7-8f56-6d58e426aafc,First-time Borrower,56991.27,0.1418,25,,,0.7482,8.94,2.26,0.7211,,,18.92,0.0,False,,19,4,0
df15930b-4fdb-4a3d-afba-9d10a5661ddb,Small Merchant,83057.39,0.3912,21,164188.91,0.7016,,,,,3.59,0.1818,,,False,,10,3,1
2c36974c-6c75-4007-86d6-67c8c7748de4,Gig Worker,32079.44,0.3341,24,,,,,2.46,0.6709,6.14,0.166,15.16,-0.0668,False,,18,4,1
feeaf4d9-d8c2-4735-a9ca-fc10e498b34a,Informal/Rural Worker,17613.22,0.4079,16,,,0.8154,2.26,2.89,0.7432,,,,,False,,24,3,0
f76af62b-47a2-43c4-b5a1-ce5606df9e72,First-time Borrower,40757.76,0.2705,15,,,0.6858,15.25,,,3.46,0.2297,,,True,615.0,15,3,0
b8b06ba6-9c60-4271-8b85-0049bc527c37,Small Merchant,103995.84,0.365,23,187873.88,0.6841,0.5415,13.91,,,4.22,0.1535,,,False,,19,4,0
87e2cb38-1208-4321-8103-9996ad7b603a,Gig Worker,36607.25,0.2441,26,,,,,3.18,0.7696,,,21.82,0.1882,True,710.0,22,3,1
52c972ae-6bb0-415c-89ab-cc7cb8298cd7,Informal/Rural Worker,10560.91,0.5447,5,,,0.4636,12.67,1.63,0.4002,,,,,False,,8,3,1
6cc920ab-2803-4f4a-b8c7-0c011a9747ba,Informal/Rural Worker,16676.51,0.5202,16,,,0.6813,11.12,,,,,,,False,,21,2,0
3b86ee53-f8c5-4113-b170-079c224687ce,Gig Worker,25592.53,0.4273,20,,,,,1.48,0.6977,,,15.03,-0.1275,False,,16,3,0
1958a4a6-005a-4ad3-9e62-c7310886adda,Informal/Rural Worker,16519.55,0.4638,16,,,0.8912,7.75,2.71,0.7438,,,,,False,,24,3,0
a1af0155-fff0-4f86-8b3a-f3391fed819d,Gig Worker,28660.18,0.4356,22,,,,,,,,,14.41,-0.046,False,,16,2,1
9d6205e6-0e5e-49f9-bdf3-c94bad356367,Gig Worker,28253.98,0.4721,22,,,0.474,12.42,2.0,0.5631,5.95,0.2175,18.37,-0.0007,False,,19,5,0
9690cae1-2544-414f-89f8-35e2a5bc148a,Informal/Rural Worker,12339.0,0.5722,13,,,0.625,15.81,1.84,0.5765,,,,,False,,15,3,0
7f939486-8444-43ef-a309-eede67330deb,Gig Worker,38672.83,0.3022,26,,,0.7313,4.35,2.71,0.8449,,,23.38,0.1863,False,,30,4,0
fe92a013-2cae-401d-ab3e-4c20e2a20389,Small Merchant,147780.56,0.3404,24,243370.87,0.7023,0.6806,6.67,,,4.94,0.1029,,,False,,14,4,1
6ea21e68-e0fa-4238-b71c-19b1f43fa839,First-time Borrower,63431.65,0.2419,18,,,0.6964,9.28,1.95,0.6621,6.28,0.1633,,,True,571.0,18,4,0
81e375f8-b2b5-415b-a837-8477146c020f,First-time Borrower,72218.97,0.1067,24,,,0.7935,3.15,3.81,0.9159,,,,,True,765.0,27,3,0
60c7e301-e5fe-4a29-a409-772e2e772818,Small Merchant,40731.74,0.4482,21,148354.85,0.6118,0.5448,17.38,1.66,0.4567,3.27,0.2348,,,False,,11,5,0
ba1c2170-5b8a-49b3-babd-a2b0f5dee4cc,Small Merchant,59568.69,0.4439,20,132581.37,0.5726,0.5459,10.29,,,1.94,0.256,,,False,,7,4,0
53f42696-4a70-4a23-8f85-48e0a9fb46d8,Informal/Rural Worker,25788.75,0.4234,12,,,0.6446,8.88,1.87,0.7047,,,,,False,,23,3,0
8131fd43-77d6-43dc-bc35-3d8a4a8cb762,Small Merchant,104033.06,0.3973,22,180895.32,0.7232,0.7076,13.78,,,6.87,0.2253,,,False,,12,4,0
2db3ed24-8612-4fef-b593-2ea5a945f66f,Small Merchant,88363.08,0.3932,23,242500.9,0.7011,,,,,5.37,0.174,,,False,,17,3,0
9d8029c3-e08d-4fc6-b340-6f839ab36437,First-time Borrower,85293.11,0.0946,26,,,0.9462,2.96,,,8.86,0.1129,,,True,816.0,34,3,0
69ccb772-57a8-4f9c-a8e3-942fd1effe1e,First-time Borrower,67244.57,0.1901,21,,,0.6879,7.52,,,6.28,0.1253,,,True,697.0,19,3,0
8c3a1fef-2f11-4f94-88ee-2d9bd991c270,First-time Borrower,74713.17,0.1545,22,,,0.8491,3.05,3.55,0.9293,7.55,0.1503,,,False,,31,4,0
05afaed0-9509-435e-825b-3506e5726fc4,Gig Worker,42022.63,0.3706,22,,,0.7735,8.59,2.63,0.838,,,19.54,0.1576,False,,22,4,0
9ac85540-5a11-49c2-891b-7e7b2a47e45b,Gig Worker,29271.65,0.3545,26,,,,,2.1,0.626,,,18.15,0.0321,False,,14,3,0
eb444689-1330-4070-9840-ac67d59f9945,First-time Borrower,61146.25,0.1644,22,,,0.6171,5.95,,,5.36,0.19,,,True,707.0,18,3,0
42655856-5797-4a55-b980-4b73b7ccd4f8,Gig Worker,34221.9,0.4456,20,,,,,2.54,0.5388,,,20.04,0.075,False,,17,3,0
c169b05d-d231-4c9f-8da6-400a5e88dd00,First-time Borrower,94438.88,0.0965,27,,,1.0,1.27,,,,,,,False,,27,2,0
b6d457b1-f88b-4daa-bdc6-73c505e62c8f,Informal/Rural Worker,29612.86,0.3099,18,,,0.829,1.35,2.86,0.8199,,,,,False,,30,3,0
2306ae4f-4089-4919-a0d4-46f7cabdf32e,First-time Borrower,78251.84,0.1927,26,,,0.7526,2.98,2.9,0.7997,,,,,True,746.0,21,3,0
aabea6fc-1e17-4b45-a7a8-8d91561acf17,First-time Borrower,71951.16,0.1857,20,,,0.8535,6.99,2.55,0.7389,,,25.79,0.0516,True,640.0,20,4,0
316e49cb-addc-4967-ae18-a88b8b0e6621,Small Merchant,41529.1,0.4301,23,153238.41,0.6821,0.6716,8.03,,,2.91,0.2155,,,False,,14,4,1
7e72d742-6a27-4567-af1a-ed11511c16bd,First-time Borrower,57092.16,0.2333,18,,,0.6773,5.64,,,,,,,True,640.0,20,2,1
d4cb2c58-7af5-48bc-9c8c-742f9edf9408,Informal/Rural Worker,20521.64,0.5725,14,,,0.7625,10.47,1.96,0.5575,,,,,False,,20,3,0
bf071bec-59fd-4438-b810-a3f8931921b2,Informal/Rural Worker,20578.51,0.4529,17,,,0.6907,4.2,2.7,0.6992,,,,,False,,18,3,0
661f1f88-0deb-4aa2-badc-2d9012604260,Informal/Rural Worker,18026.27,0.6197,8,,,0.588,17.31,2.02,0.5399,,,,,False,,14,3,0
a82834ee-69cf-460f-951b-59bf838d279e,Small Merchant,143262.13,0.3513,25,280998.47,0.7434,0.7972,8.52,2.53,0.784,8.54,0.1533,22.28,0.1441,False,,25,6,0
441e7829-5d55-4eaa-ac83-b3f31912df4a,Small Merchant,166949.7,0.3543,25,297351.76,0.7979,0.8107,7.94,,,6.66,0.1059,,,False,,20,4,1
6b104492-a97a-4061-9419-4a05a6e3870e,Small Merchant,97111.92,0.323,20,188521.16,0.6673,0.5664,11.52,,,5.77,0.1979,,,True,488.0,13,4,1
50493b32-5f38-42a2-8a1a-fdcbde5b0a14,Small Merchant,157403.71,0.3513,25,370931.83,0.8604,,,2.84,0.7677,8.72,0.0992,,,False,,22,4,0
eb41b520-31c8-49dc-91bf-eed9d3094188,Gig Worker,34036.38,0.427,20,,,0.7634,10.86,2.26,0.6542,4.88,0.1538,19.69,0.12,False,,18,5,0
d1994cc9-c7b6-4f36-a694-060962da6ce8,Small Merchant,128075.54,0.3528,23,312911.5,0.8741,0.7237,7.79,,,8.12,0.1133,,,True,661.0,28,4,0
ce6bbf54-5626-495b-88ba-c281fe04639b,Gig Worker,36158.65,0.3021,24,,,,,3.3,0.8421,,,20.37,0.0927,False,,24,3,0
a0597613-1bac-4896-8798-6194c7e24ebe,Informal/Rural Worker,15047.8,0.4234,16,,,0.5921,14.29,1.49,0.5286,,,,,False,,9,3,0
1e5df2fa-fbd8-48b7-a4ce-a299a03f3de3,Small Merchant,170962.27,0.2278,27,365592.87,0.8013,0.7815,4.67,,,8.0,0.052,,,False,,31,4,0
5c33647e-53b8-470d-a6ce-e9dd17ecdbf7,Gig Worker,36770.19,0.2627,23,,,,,2.64,0.7511,,,21.58,0.1588,False,,24,3,0
27b3c6f6-4918-46ea-945b-b4e6d41f52b0,Informal/Rural Worker,21451.17,0.4685,18,,,0.7444,4.48,2.03,0.7338,,,,,False,,22,3,0
e2ec7509-43e1-44bf-9a31-8119462de425,Gig Worker,46780.32,0.2237,29,,,0.8948,1.72,3.08,0.8751,,,,,False,,30,3,0
f8b68e9d-f1a4-40ec-aef7-083af6b08c2a,Small Merchant,184629.72,0.2826,27,382559.19,0.9096,0.8056,0.87,,,8.46,0.0719,,,False,,27,4,0
94916385-b433-4b5a-a77e-a8d6c5a52731,Informal/Rural Worker,33479.83,0.3715,23,,,,,3.01,0.8871,,,,,False,,34,2,0
419e3ef0-f9d7-4b43-bd14-67557c1ab1ab,Small Merchant,115543.16,0.3242,26,192677.69,0.6302,0.577,14.85,,,5.91,0.178,,,False,,21,4,0
eef944d9-6e16-4a7b-b847-0681b1685aa4,Gig Worker,43446.86,0.2667,26,,,,,1.84,0.65,6.21,0.1094,21.68,0.0681,False,,21,4,0
71ab99a8-1578-41c8-9c6f-1c20aefc69f4,First-time Borrower,68120.21,0.1602,23,,,0.9707,2.14,,,,,25.51,0.0995,True,743.0,28,3,0
a3ec3710-8ea3-403c-8081-c8c704e80148,Small Merchant,126543.87,0.3708,24,208433.69,0.8336,0.6066,12.96,2.21,0.6428,5.34,0.1583,,,False,,16,5,0
10fb3399-07b8-4028-ba36-ead256b1e14c,Small Merchant,111027.1,0.3374,20,233141.82,0.8413,0.7516,6.03,,,5.74,0.1967,,,True,594.0,19,4,0
f8f9a31d-b5d3-4c1c-a523-002c0e396fbb,Small Merchant,182967.74,0.2869,28,415045.48,0.9623,0.9354,2.84,3.23,0.909,,,,,True,735.0,26,4,0
58052010-89f6-4398-88bc-6ea67b88ed53,Small Merchant,110062.63,0.3862,21,250273.18,0.778,0.7267,12.0,,,5.91,0.1652,,,False,,16,4,0
13bf969d-027a-474b-8c15-f16c3c3b7307,Informal/Rural Worker,20627.98,0.4884,15,,,0.6347,12.47,2.34,0.5018,,,,,False,,16,3,0
e61aa222-8d40-4b1a-b605-1b06d08b3756,First-time Borrower,65026.54,0.1371,23,,,0.6526,8.64,1.77,0.7121,5.57,0.1565,,,True,580.0,20,4,0
0bd24b42-353f-4b41-ade8-b700ea4271c9,Gig Worker,36824.63,0.3888,22,,,,,1.93,0.5373,4.92,0.1348,16.12,-0.0214,False,,21,4,1
bbd8e1f2-0fcf-4dbc-8428-922bc99039c8,Gig Worker,22314.91,0.4172,20,,,,,1.8,0.5791,,,18.82,-0.0689,False,,19,3,0
3134f743-92fd-4d4d-b651-6fcc5feedc35,First-time Borrower,45459.05,0.1881,21,,,0.5544,12.66,2.28,0.5736,,,,,True,477.0,17,3,1
9648b5fe-2dd5-4adb-bd35-dc9ef07f4781,First-time Borrower,53067.32,0.1794,22,,,0.7707,9.6,,,,,,,False,,19,2,0
aba0d940-869a-4ba7-aa39-f273a7f323a6,Small Merchant,94309.67,0.294,22,176969.9,0.7489,0.6348,7.93,,,2.97,0.2256,,,True,553.0,15,4,1
0843450f-33e0-405e-8e4a-e81bf90bd469,First-time Borrower,58417.84,0.2174,19,,,0.603,8.46,2.79,0.6117,4.88,0.2138,,,True,578.0,16,4,0
45eaa7b5-9aed-421d-933f-59d40df197d3,Gig Worker,37225.54,0.4328,25,,,,,1.8,0.7125,,,24.27,0.0509,False,,17,3,0
a5d02745-ee3e-4531-b15a-07bd4c7c24c4,Gig Worker,41146.41,0.3532,22,,,,,2.07,0.6608,,,20.23,0.0729,False,,23,3,1
5247efa3-cd4c-4325-92b6-7982ffc06741,Gig Worker,28821.48,0.4679,20,,,,,1.83,0.4624,,,12.79,-0.1269,True,525.0,5,3,0
c5010d4a-5325-4194-a897-37fcfab7c632,Informal/Rural Worker,25234.82,0.4841,22,,,,,3.13,0.8634,,,,,False,,25,2,0
ca9f7a3f-77c0-4b3f-b0bf-6b35ba9c7df1,Gig Worker,29168.0,0.414,20,,,,,1.86,0.7603,,,20.16,0.1112,True,655.0,16,3,0
1e4b251c-d31e-4831-87c9-b3a8caf5c559,Gig Worker,37928.13,0.2734,25,,,,,2.2,0.8429,,,24.08,0.0461,True,691.0,23,3,0
2859b5e6-1ca6-4097-bf65-582257a0a77b,First-time Borrower,58567.48,0.1872,23,,,0.7914,9.66,,,6.2,0.1484,,,False,,23,3,0
742dbb1a-0bc3-4a6d-b953-88e70990c97a,Small Merchant,135536.87,0.3389,26,353700.28,0.8667,0.8498,4.95,,,6.87,0.0762,,,False,,22,4,0
88e719a9-f070-4263-afd1-11f8a8398798,Informal/Rural Worker,23546.78,0.4461,11,,,0.8284,7.76,2.5,0.7424,,,,,False,,22,3,0
c6c0d5b5-f848-47cb-b67a-8ec5a0373ff1,Gig Worker,22878.32,0.4347,22,,,0.5075,11.32,1.87,0.6051,,,19.5,-0.0537,False,,9,4,1
c24b3376-9bba-4529-ac03-023d0ac67a3d,Gig Worker,43755.62,0.3341,22,,,,,2.18,0.7327,7.45,0.1373,24.2,0.0312,True,666.0,27,4,0
6e32b391-1ddb-4f16-a0e5-b35bbbf1dcba,First-time Borrower,32049.41,0.3797,15,,,0.5683,18.11,,,4.94,0.2494,11.82,-0.089,True,458.0,14,4,1
9dee3f78-f39f-4755-96e6-038425141521,Small Merchant,162055.68,0.3746,26,393080.11,0.8978,0.8887,6.68,3.12,0.8878,7.11,0.1755,,,True,747.0,21,5,0
1a57cd06-6204-4bb8-8952-c99b57c9e2af,Gig Worker,46458.55,0.3074,22,,,,,2.97,0.7904,,,20.45,0.0764,False,,25,3,0
dbefc85b-921f-4538-9817-e6cf4159b1bb,Small Merchant,130130.28,0.2721,23,291552.74,0.8246,0.7738,7.41,,,6.7,0.1496,,,False,,22,4,0
64b3690e-9bbd-40f7-847e-628e0d7b594b,Informal/Rural Worker,27481.1,0.3273,20,,,0.8528,7.2,2.85,0.719,,,,,False,,22,3,0
5f3a2a5c-5825-4d8c-8c43-e2176476b714,First-time Borrower,52580.96,0.1877,16,,,0.7348,7.88,,,7.1,0.1228,,,False,,24,3,0
eee4e769-a047-47f4-af06-c66805a4a2db,Gig Worker,56615.86,0.1611,30,,,,,3.71,1.0,,,26.0,0.059,False,,32,3,0
d8c8d8c0-6dcc-47d8-b3c6-ea26ccf361ff,Small Merchant,133641.76,0.1877,24,322742.32,0.7835,0.7369,8.39,,,6.54,0.1269,,,False,,20,4,0
e3e693d4-8286-47db-9696-430c93d82e44,First-time Borrower,86757.61,0.1469,25,,,0.9907,0.64,3.69,0.9222,,,,,True,733.0,31,3,0
c5670584-4022-48a1-9d1d-25a6495985fa,Informal/Rural Worker,19379.51,0.4992,17,,,0.641,6.03,2.41,0.6698,,,,,False,,15,3,0
c5feab03-08d7-4d40-a188-b21102a08788,First-time Borrower,25711.15,0.2837,15,,,0.5208,12.99,1.96,0.5707,,,,,False,,15,3,0
484e0446-ac88-4e9d-9cde-a6617f9f3441,Gig Worker,34068.22,0.3731,26,,,,,2.95,0.8923,,,24.19,0.1812,True,694.0,28,3,1
5ae5b458-c2b4-4ba1-bfd6-a7f8c5b5a52b,First-time Borrower,38977.96,0.189,15,,,0.5466,11.98,,,,,,,True,489.0,10,2,1
ebc5bc2a-0ab2-4ff6-943e-07e4c78441e4,Gig Worker,42872.08,0.4275,22,,,,,2.83,0.7411,,,21.11,0.0374,False,,24,3,0
1ac7cff1-2299-4836-a99a-f32cfe1460a7,Informal/Rural Worker,26907.48,0.3636,19,,,,,3.31,0.9296,,,,,False,,29,2,0
2bd032c2-d305-45d5-8555-89ffbf6dbae5,Informal/Rural Worker,10049.98,0.4971,12,,,0.5665,13.76,2.22,0.4607,,,,,False,,18,3,0
9050733f-4a2f-464b-8a4d-b380ef065d4c,First-time Borrower,67963.73,0.1552,22,,,,,,,,,,,True,656.0,26,1,0
390943c2-5792-4bd2-b155-1abc4ffe5302,Small Merchant,91802.42,0.494,20,179650.65,0.6314,0.5494,14.17,2.22,0.5672,3.86,0.189,,,True,620.0,15,5,1
804f4ad5-c045-4849-9d40-26595f442f8f,Small Merchant,217173.23,0.2589,28,,,0.9605,0.0,,,9.38,0.1754,,,False,,28,3,0
2592e31e-f65b-49bb-a3f9-29ad4f2ca872,Gig Worker,33261.06,0.3564,23,,,,,2.37,0.6754,,,18.34,0.0124,False,,16,3,0
3c88ed56-effd-4f48-887d-64a5fe0434fd,Small Merchant,66267.98,0.4649,21,127153.86,0.3996,0.5394,12.68,1.38,0.5164,2.55,0.2064,,,False,,9,5,1
e4fd3179-269b-40f9-8949-67756f991101,Informal/Rural Worker,23873.35,0.4407,17,,,0.8019,6.43,2.92,0.6838,,,,,False,,19,3,0
2dbdaae1-5aaa-495a-9824-f5a3fc6e3b78,First-time Borrower,35125.71,0.2545,16,,,0.5346,10.75,,,3.07,0.2026,,,False,,16,3,0
7ea5df9f-e540-49c3-a2bd-89f8806571f5,Small Merchant,39902.11,0.4402,22,77127.26,0.522,0.4862,17.76,,,4.43,0.1783,,,True,426.0,4,4,1
80f70d45-b943-4a05-9a76-42b0ec040c34,Informal/Rural Worker,16088.0,0.463,14,,,0.6163,11.24,1.92,0.576,,,,,False,,13,3,1
e898035b-1bcd-42c0-9ae7-52994f2b4599,Gig Worker,47764.08,0.2597,23,,,,,3.01,0.8945,,,22.2,0.0506,False,,30,3,0
f81f2ed1-0255-45a1-9aa6-3bec07088b32,Gig Worker,22959.69,0.4486,21,,,0.5195,16.02,1.65,0.4636,3.99,0.1985,15.3,-0.0443,False,,17,5,1
a088566d-392f-4a71-81e3-03d56c22cfd5,Informal/Rural Worker,26993.91,0.4185,15,,,0.7553,6.47,2.75,0.8118,,,,,False,,25,3,0
fce9c655-0a30-4ceb-870b-39a92ee0543c,Gig Worker,43120.0,0.3364,25,,,,,2.57,0.8117,8.6,0.1385,24.66,0.0017,False,,31,4,0
c0a2ace0-4898-4b2b-83d3-77af5f31abee,Informal/Rural Worker,23829.47,0.332,17,,,0.8007,2.08,3.01,0.8,,,,,False,,26,3,0
43f8aab4-2143-4580-a2b4-6ed644d57e30,Small Merchant,167665.57,0.2643,25,298297.83,0.8697,0.8904,0.69,2.8,0.7874,7.03,0.172,,,False,,27,5,0
5276a040-2e4c-4ba5-9d90-34bfe1132046,First-time Borrower,75773.14,0.1801,26,,,0.7307,5.39,,,,,,,False,,29,2,0
f3a33ca3-2465-48ca-894a-bf8bed1fcb29,Small Merchant,163192.26,0.4011,24,,,0.7961,6.07,2.44,0.8124,9.24,0.0951,,,False,,21,4,0
ea8e9ff9-da2f-4b5b-9f7c-9a69af1fa192,Informal/Rural Worker,20267.59,0.4215,16,,,0.6296,8.6,2.18,0.6126,,,,,False,,19,3,0
97211f3c-b94d-4d12-ab1e-dad61a88b3c0,Small Merchant,179123.23,0.2286,27,358181.46,0.8432,0.8627,3.08,,,7.68,0.1362,,,False,,34,4,0
792b642f-feb2-4383-903f-cabe0175c0fb,Gig Worker,39937.13,0.4121,23,,,,,2.52,0.6831,,,25.0,0.1858,False,,24,3,0
9cd19fed-491a-4211-bd2c-53d2f8166024,Gig Worker,43541.75,0.2974,28,,,,,3.56,0.8601,,,23.33,0.1222,False,,30,3,0
603216a2-248e-4c97-84c1-53ec21ed2395,Informal/Rural Worker,16968.19,0.5184,8,,,0.5936,12.71,1.5,0.6796,,,,,False,,12,3,0
391f297d-9c5d-459b-8f4f-5f13dcdeae07,First-time Borrower,61197.26,0.1309,20,,,0.821,9.73,,,6.03,0.1641,,,False,,25,3,0
c16c24bc-4085-4e7f-8c1d-83b7ce6fcf7b,Informal/Rural Worker,20431.75,0.5966,13,,,0.6396,10.05,,,,,,,False,,23,2,1
504b89dd-32b0-404f-9420-f667ef2bd143,Gig Worker,37347.21,0.3722,22,,,0.5452,11.45,,,,,15.37,0.0388,False,,15,3,1
ac6a2125-17b0-401e-8499-481ac32a8819,Gig Worker,39490.53,0.4987,26,,,,,2.4,0.7065,6.03,0.1562,18.32,0.0526,False,,19,4,0
f1d76b58-3d3c-4f71-87b6-ffca611013d3,Informal/Rural Worker,18223.88,0.4067,16,,,0.8018,9.24,1.89,0.6948,,,,,False,,24,3,0
62707885-a774-4397-89aa-a12bf68aff42,Informal/Rural Worker,10386.03,0.6684,9,,,0.5486,18.15,0.95,0.4684,,,,,False,,7,3,1
56d7e73d-f6ac-4b7e-8c74-3159049dd235,First-time Borrower,65379.49,0.1374,20,,,0.7516,9.99,3.25,0.8127,8.98,0.1551,,,False,,30,4,0
600df47a-61da-441e-88ce-e5d6b2f8eac1,Small Merchant,99458.37,0.3843,20,168159.59,0.5418,0.6933,13.95,2.22,0.4829,,,,,False,,16,4,0
316409fe-2524-4344-b9f4-68990d67dbcf,Informal/Rural Worker,19000.43,0.5879,10,,,,,2.32,0.7456,,,,,False,,25,2,0
cd76a163-3cc7-42ef-a6ed-f12e4338e12b,Informal/Rural Worker,23341.01,0.4524,14,,,0.6528,8.02,2.31,0.5931,,,,,False,,12,3,0
2175d282-57e1-4a5a-907f-f59c748e4bda,Small Merchant,118316.1,0.3267,25,301344.74,0.8798,0.7919,9.37,,,,,23.46,0.0234,True,673.0,22,4,0
1f65b253-ddc4-45bd-b8a5-ec5210dd3b0b,First-time Borrower,33601.24,0.2763,19,,,0.5784,9.82,1.71,0.5616,,,,,True,557.0,19,3,0
f7a218d4-8b7f-4c85-a269-f3a89feb935f,Gig Worker,27557.11,0.4039,24,,,,,2.2,0.5831,5.34,0.1863,15.73,-0.0014,False,,15,4,0
69b14473-35e2-47d1-8676-c68e0231ff25,Gig Worker,49503.86,0.3155,26,,,,,2.96,0.859,,,23.74,0.1829,False,,24,3,0
104a3781-ff29-4822-b9d7-a32cf9a431fc,First-time Borrower,53973.4,0.2133,21,,,0.6558,8.7,2.0,0.6755,5.63,0.1717,,,True,560.0,15,4,0
c97acede-e38d-41dd-9ec2-4b17c27962ff,First-time Borrower,68709.39,0.1742,25,,,0.7169,4.76,,,,,,,True,708.0,25,2,0
d6e28836-b2f0-442d-b1ca-cc8f2e167a61,Gig Worker,26953.11,0.4946,20,,,,,1.9,0.5598,,,15.19,-0.1775,False,,14,3,0
1fde0c76-2c59-4fdd-a6d0-6898cf739c4c,First-time Borrower,46189.96,0.2574,20,,,0.6648,9.35,,,,,,,False,,25,2,0
365971eb-8830-4ab4-9626-3749aa42e70d,First-time Borrower,25347.99,0.2699,12,,,0.5565,15.6,1.25,0.5032,,,,,False,,9,3,0
072a9526-1757-4034-a1ba-0c1fc896a6ec,Informal/Rural Worker,33787.26,0.4789,17,,,0.915,3.08,3.54,0.8248,,,,,False,,28,3,0
1e9d1e0f-9f56-49f2-b5e3-6ecac0506a13,Informal/Rural Worker,19963.16,0.4585,11,,,0.6783,6.97,1.95,0.6486,,,,,False,,12,3,0
7abd1c75-3d1f-4401-9e30-7c41c42e3345,Small Merchant,193154.49,0.2591,25,368166.98,0.7674,0.838,3.47,,,9.4,0.0958,,,False,,27,4,0
640190ac-3963-4230-912e-01c73fd46fb4,Small Merchant,161169.75,0.2419,25,329666.89,0.8651,0.7041,9.34,2.58,0.8043,7.41,0.1049,,,False,,26,5,0
f0a7e7ef-a92c-4d8d-bb88-4166900425b8,Gig Worker,20012.59,0.4655,19,,,,,1.65,0.4553,,,18.08,-0.0455,False,,11,3,0
f7da7db0-fb50-4735-95ed-4745c213bda3,First-time Borrower,79386.94,0.1238,28,,,0.8617,5.63,,,9.75,0.082,,,True,751.0,30,3,0
882490dd-dbcd-4486-9f33-a0e8bb34cb8b,First-time Borrower,41964.89,0.2774,15,,,0.5489,12.94,1.19,0.4668,1.82,0.1848,,,False,,7,4,1
031758a1-9a50-4d5d-a0e7-b0a8f8a4b313,Informal/Rural Worker,21141.11,0.3755,17,,,,,3.11,0.7426,,,,,False,,20,2,0
0e9adca8-19ba-4366-baac-709769ddcbfc,Small Merchant,148888.62,0.2218,20,256560.54,0.7378,0.7394,5.65,,,,,,,True,699.0,21,3,0
c9135470-3352-49ad-a8d1-85bd33bd072b,Informal/Rural Worker,18735.54,0.4169,15,,,0.6188,10.99,1.57,0.7013,,,,,False,,17,3,1
c4f103fa-5ec0-418e-8609-edbef3ca7920,Gig Worker,31974.94,0.474,19,,,,,2.03,0.5122,4.16,0.2489,16.56,-0.0463,False,,8,4,0
b9c53f4f-f6cf-4ef0-8e97-1c8021237e05,Gig Worker,43211.59,0.2143,28,,,,,3.44,0.965,9.73,0.0387,26.46,0.2682,False,,30,4,0
a40dd998-3b35-4bda-b3eb-0b154a69b430,Small Merchant,167371.3,0.3086,25,320953.3,0.8972,0.8975,2.67,3.32,0.9272,8.13,0.1076,,,False,,28,5,0
6e2df37d-4449-4c66-8fa0-3a1acc652b31,Informal/Rural Worker,24433.27,0.3968,17,,,0.7164,5.29,2.65,0.8139,,,,,False,,23,3,0
4f27b182-1e45-4d99-ba7e-4416a6a9cdb7,Small Merchant,210614.66,0.2768,27,318196.36,0.9758,0.8773,0.76,,,8.48,0.1131,,,False,,26,4,0
b995825c-1a3f-4aff-8f23-59f4839c5a9e,Informal/Rural Worker,4000.0,0.6136,4,,,0.5784,19.74,1.17,0.3935,,,,,False,,9,3,1
1921e901-9efd-4620-a091-36462af9cb70,Informal/Rural Worker,19776.2,0.4605,16,,,0.7549,9.27,2.63,0.716,,,,,False,,20,3,0
19352a5f-fddb-4fc6-94c0-0b97876ee94b,First-time Borrower,63447.52,0.1229,23,,,0.8124,3.71,,,,,,,True,688.0,19,2,0
c33e27f7-037f-44e5-a098-c6a3cbb8fb37,Small Merchant,109465.87,0.3468,20,210328.18,0.766,0.4995,13.8,1.77,0.7556,6.2,0.1932,,,False,,15,5,0
d5d2cee4-0ec2-4bba-8944-a0298bd4952c,Small Merchant,85223.19,0.3293,20,206102.78,0.6915,0.5581,9.35,,,3.71,0.1619,,,False,,19,4,0
7f97e149-e62a-47a1-9f60-16e3dfd48e23,Gig Worker,19830.92,0.4552,19,,,,,1.55,0.5601,2.02,0.2537,13.69,-0.1599,True,440.0,9,4,0
6b4c5301-505e-44ae-93c7-2a7485040014,Small Merchant,53554.72,0.4417,21,145949.88,0.5297,0.5578,16.16,,,3.08,0.1901,,,False,,10,4,1
0168f073-e2e6-400a-94c1-3df26ca7cbdc,First-time Borrower,61876.28,0.2533,21,,,0.7656,8.74,,,,,,,False,,20,2,0
2d150073-333a-4ed2-8b48-05e8dd2db207,Gig Worker,29798.38,0.464,20,,,0.6114,8.6,2.06,0.6881,,,22.24,-0.0241,False,,18,4,1
e699d795-4f35-4638-b00b-cb4c3b0996a2,Gig Worker,37421.7,0.3425,22,,,0.9003,10.36,2.37,0.8333,,,23.08,0.0641,False,,19,4,0
69c5f425-1eaa-44eb-b2d2-7d7d215da7de,First-time Borrower,49334.33,0.2186,16,,,0.664,10.73,2.71,0.6489,,,,,True,618.0,16,3,0
fa438404-3268-49ca-9648-d055aee1c1b4,Small Merchant,124076.98,0.3374,23,212680.33,0.6911,0.5864,15.14,,,4.58,0.2191,14.73,-0.0034,False,,14,5,0
9fbae785-5411-4193-acf7-eb8e744b6f7b,Gig Worker,24125.95,0.4394,18,,,,,1.66,0.6438,,,,,False,,14,2,1
2496a571-3026-4bf9-bfba-c6f6c1d57196,First-time Borrower,69255.02,0.1867,21,,,0.7826,3.82,,,,,,,True,673.0,21,2,0
f12df325-e5ef-410d-afb6-5bff4e18382f,Gig Worker,36513.22,0.3758,25,,,0.6052,7.76,2.54,0.6857,,,19.75,0.0372,False,,24,4,0
994dfeb0-8287-42b5-99be-32d3ebc4714e,Small Merchant,85936.33,0.3901,21,174025.13,0.601,0.6062,8.5,,,4.14,0.1947,,,False,,19,4,0
632663a2-85cf-4574-bbce-0537f4ea55ba,Informal/Rural Worker,20276.54,0.4062,11,,,0.5924,6.09,2.74,0.7598,,,,,False,,17,3,0
5bc02ac0-ffc1-4984-84fb-22d9cf531c9f,First-time Borrower,86241.41,0.1399,26,,,0.9516,1.23,,,,,,,False,,26,2,0
b9b77ec0-2685-4bc0-98d2-badf06b356a3,Informal/Rural Worker,14368.07,0.558,11,,,0.5983,10.43,2.29,0.5961,,,,,False,,18,3,1
4b5a4310-a813-4df6-b274-42f6797063ba,Small Merchant,167790.75,0.2117,29,407320.48,0.8533,0.8706,1.7,,,8.16,0.0883,,,True,700.0,31,4,0
fdca6ef0-1395-4734-9f56-a1e5e407eb20,First-time Borrower,58893.99,0.123,26,,,0.8498,3.45,,,7.93,0.1464,,,True,713.0,24,3,0
e32a2da3-2c25-4683-a252-c0d83c2a9288,Informal/Rural Worker,21084.63,0.347,14,,,0.7092,7.1,2.33,0.7011,,,,,False,,21,3,0
58eada9a-07e3-4251-8364-017efd24535e,Small Merchant,130247.28,0.2959,25,219027.1,0.7725,0.6234,8.67,,,3.8,0.1709,,,False,,17,4,0
cbae56ee-ad8e-418b-9d85-21359fc4900b,Gig Worker,49326.73,0.2643,30,,,,,2.55,0.8995,10.05,0.102,,,False,,27,3,0
85e900da-ab1c-439f-839e-c770a643e248,Gig Worker,38586.82,0.2363,26,,,,,2.48,0.8038,,,23.05,0.1978,False,,24,3,1
798abc4a-3b98-4f9f-9e00-9681c46d8788,Gig Worker,33156.07,0.4371,23,,,,,2.91,0.7271,,,20.72,0.0207,True,612.0,18,3,0
760f26a3-a794-43ed-89af-c72e47ed17a1,First-time Borrower,78764.25,0.2079,24,,,0.8263,4.51,2.71,0.8202,,,,,True,832.0,29,3,0
f7a64bc0-827b-447d-b878-0665edf8de86,Gig Worker,32728.23,0.41,24,,,0.6788,6.5,2.07,0.6755,,,22.21,-0.0049,False,,22,4,0
225d26b4-59ab-4d57-aab8-3a286b576615,Gig Worker,27125.64,0.4332,20,,,0.5215,12.72,1.79,0.5454,,,15.54,-0.0356,False,,9,4,0
b280540e-68f9-42e7-a5df-5b29e18200a9,First-time Borrower,43514.23,0.252,14,,,0.5103,12.37,,,,,,,True,487.0,16,2,1
64c4372e-c1ce-4d86-98e7-f3c208ea7b25,First-time Borrower,57407.78,0.2651,18,,,0.6227,7.0,,,6.68,0.1366,,,True,673.0,19,3,1
12cc187e-c80e-466c-aa16-97c3d5d90091,Gig Worker,43319.39,0.3176,23,,,,,2.64,0.8285,6.62,0.1319,19.92,0.0711,False,,25,4,0
c96c39bf-4227-4296-b95a-c93e30c91791,Informal/Rural Worker,34813.99,0.2653,22,,,,,3.24,0.9295,,,,,False,,29,2,0
483631e9-c4e8-4967-925e-e1c472fb61aa,First-time Borrower,63356.61,0.1499,24,,,0.7232,6.77,,,,,22.57,0.0613,True,673.0,22,3,0
59f1da15-9f3f-4016-8440-85923805c431,First-time Borrower,78728.88,0.126,27,,,0.7849,5.17,,,,,,,True,724.0,25,2,0
28bda769-b95c-4572-ad45-a075d927bfb9,Informal/Rural Worker,24237.13,0.4151,15,,,0.7942,4.88,2.57,0.7266,,,,,False,,19,3,0
f78bfb5d-f1a9-4b1a-b8c6-0c7fc34cb1dd,Gig Worker,39357.01,0.2861,25,,,,,2.24,0.8248,,,21.25,-0.0099,True,671.0,22,3,0
f1bd085b-cf4f-44c3-95e3-7c7645239c31,Informal/Rural Worker,15018.89,0.5489,9,,,0.4945,15.79,1.44,0.4555,,,,,False,,12,3,1
dedc728b-a249-497b-979d-08bb700bf3af,Informal/Rural Worker,20744.67,0.5143,19,,,0.7064,6.47,2.16,0.678,,,,,False,,24,3,0
96f1c726-bd13-430e-8a17-2e228f22eaaa,Informal/Rural Worker,21333.45,0.4826,11,,,0.6569,15.77,,,,,,,False,,15,2,1
ed51747f-2818-4660-b9a4-9879e7872700,First-time Borrower,74058.43,0.1226,24,,,0.7519,6.5,2.82,0.8731,,,25.01,0.0047,True,685.0,23,4,0
d3365990-c853-4d29-af9c-069debf66128,Informal/Rural Worker,17770.93,0.4536,10,,,0.6042,8.03,2.61,0.6894,,,,,False,,16,3,0
2fb62c46-f521-49f1-9fd5-d1a519376de2,Small Merchant,126515.87,0.3133,25,299815.26,0.7938,0.739,8.73,,,6.36,0.1134,,,False,,22,4,0
6a29e47e-523e-4bb9-a9a3-f27edc373aa1,First-time Borrower,69818.0,0.174,20,,,0.7746,5.61,,,8.12,0.1248,,,True,707.0,25,3,0
76510a98-0525-4e01-9dfb-b39c13287721,Informal/Rural Worker,10462.18,0.5143,13,,,0.5871,11.14,1.63,0.5893,,,,,False,,16,3,0
bbf9ec9d-a953-4a1e-b2cc-a2d414fff295,First-time Borrower,53445.24,0.1424,24,,,0.8128,8.56,,,,,,,True,708.0,18,2,0
8040df7f-0919-41ef-a2d2-e7f0d7f89e47,Informal/Rural Worker,17372.25,0.4356,10,,,0.6692,12.45,2.02,0.6373,,,,,False,,21,3,0
7e4448f2-78f1-4a6c-ae64-da556d6b17f1,Informal/Rural Worker,21599.98,0.4977,23,,,0.6424,12.21,2.87,0.7818,,,,,False,,18,3,0
4cc399e1-b0ff-41da-abe6-c26bfe8f0597,First-time Borrower,56614.36,0.2288,15,,,,,,,4.34,0.1366,,,True,601.0,23,2,0
01bc6bf9-3431-450a-b944-6aed80fa17ef,Gig Worker,21214.01,0.4789,20,,,,,1.78,0.6275,,,12.97,0.0142,False,,7,3,1
1c438370-5dad-4b09-835b-75595be3241b,Gig Worker,25464.69,0.3811,21,,,,,1.34,0.5004,4.32,0.2215,17.77,-0.0781,False,,11,4,0
cb499faf-0b8d-475b-a748-185eb18a9b90,Small Merchant,106190.56,0.527,19,,,0.5844,14.46,1.75,0.6771,3.97,0.2271,,,False,,15,4,0
0cec0da9-30a3-4621-bccc-dc6b81960718,Gig Worker,25538.26,0.4873,22,,,0.6613,14.21,1.66,0.6365,,,,,False,,16,3,0
fb117b80-51a6-4254-96af-f3606c39632e,Gig Worker,39946.28,0.2853,25,,,,,3.0,0.8157,,,22.04,0.1871,False,,24,3,0
a66af4cb-c642-4e47-a0a7-f399d1f729a5,Small Merchant,168664.9,0.2743,29,360420.25,0.8561,0.7509,6.3,,,8.12,0.1072,,,False,,28,4,0
e466e9ae-540e-4401-a840-28d2fee4e7a6,Small Merchant,109670.06,0.3531,21,219491.65,0.6466,0.5846,11.37,1.9,0.6348,5.3,0.2056,,,False,,18,5,0
1f05d6cb-a763-44bd-a953-7082a6463fbe,First-time Borrower,74741.62,0.1184,24,,,0.8791,6.38,3.45,0.7747,,,,,False,,26,3,0
ead51341-0d74-4057-b4cc-075d270db163,Informal/Rural Worker,22654.22,0.4383,12,,,0.7009,8.1,2.38,0.6598,,,,,False,,21,3,0
4f1f528d-c6bd-47bc-8c82-1f3d35a9f653,Small Merchant,99533.57,0.343,21,201071.8,0.6906,0.5743,11.98,,,3.73,0.233,,,False,,17,4,0
b90de4c7-ba4e-4bc7-bb63-b73a217c771a,First-time Borrower,54864.19,0.1897,20,,,0.5996,12.81,,,6.75,0.2046,,,True,590.0,15,3,0
4ecdcf55-55be-451e-883f-fba15da65db8,First-time Borrower,55428.93,0.1804,17,,,0.8394,10.77,,,,,,,True,607.0,12,2,1
f52e9cb2-2a4f-4557-8e4a-076511902b7c,Informal/Rural Worker,26550.51,0.2506,18,,,0.8909,5.19,3.52,0.8993,,,,,False,,26,3,0
326075c1-bde3-4ef3-b4f0-e7e67d8ec356,Small Merchant,120690.38,0.3775,25,322870.26,0.7998,0.6904,7.2,2.36,0.6878,5.79,0.1405,,,False,,23,5,0
7eea152a-8fd3-4d0d-ba56-78ea380155f1,First-time Borrower,22809.74,0.2998,15,,,0.5283,15.12,,,4.69,0.271,18.4,-0.1511,True,541.0,17,4,1
9258bf89-7962-4711-beb5-e6720a15f9b8,Gig Worker,34596.61,0.4111,26,,,0.6875,7.42,1.91,0.7949,,,22.92,0.0786,False,,24,4,0
ccdabbcb-c558-4dc7-8b2e-b9c86d7a7218,Informal/Rural Worker,8560.72,0.6718,12,,,0.6071,15.88,1.4,0.3815,,,,,False,,10,3,0
ba6ebaae-02cb-46fd-8dcc-9368e8df5683,Informal/Rural Worker,8974.87,0.6203,11,,,0.5139,14.84,1.55,0.4787,,,,,False,,10,3,1
eeac6b44-7ae1-48cd-958a-405cae8fccfc,Gig Worker,27607.49,0.461,19,,,,,1.76,0.5386,,,13.17,-0.0562,False,,14,3,1
48d2c292-4d14-4357-96a7-60907c6e340a,Informal/Rural Worker,27465.95,0.4196,14,,,0.9016,7.62,2.49,0.6885,,,,,False,,24,3,0
2ccd87ec-7da3-4f75-b63d-e8744d82dc68,Gig Worker,37286.3,0.3794,25,,,0.864,6.23,,,,,21.54,0.1208,False,,18,3,0
919aa8aa-1b78-49c7-81be-f8a840864520,Informal/Rural Worker,12028.45,0.635,12,,,0.4814,14.0,0.62,0.4445,,,,,False,,8,3,1
65c24fbb-dbbc-4ea4-8240-d0fd69e60e44,Small Merchant,158232.56,0.2474,24,327636.4,0.8497,0.7626,4.15,2.35,0.8293,7.6,0.1695,,,False,,24,5,0
58be51cd-cf3b-46e0-9895-260a7c5899ea,Small Merchant,122353.01,0.3499,24,235922.71,0.6711,0.819,11.59,,,7.22,0.1507,,,False,,10,4,0
688dc5cf-3929-4dcd-b5e3-f8ff50f26c33,First-time Borrower,38984.09,0.2359,16,,,,,,,4.9,0.2297,,,False,,15,2,1
6303b509-f5b2-4f9d-bb2f-e19881c52adb,Informal/Rural Worker,26267.3,0.4526,19,,,0.9327,5.59,3.02,0.8801,,,,,False,,30,3,0
03c17299-d11c-4e1c-acb2-60861ac4d262,First-time Borrower,44616.47,0.2092,18,,,0.6051,11.95,,,5.82,0.1853,,,True,498.0,13,3,1
062414e0-1efb-43b4-aa61-77d05825adbb,Small Merchant,153077.89,0.3503,23,318830.78,0.7425,0.8077,6.61,,,7.99,0.1538,,,False,,19,4,0
591f0b2c-9146-4adc-8e2c-5e1a98b2c043,Small Merchant,119373.51,0.3438,27,311288.83,0.8823,0.774,0.04,,,5.4,0.18,,,True,643.0,23,4,0
2662a52a-8de7-4217-b23a-00e3d1aa3c22,First-time Borrower,53215.21,0.1205,22,,,0.7038,10.48,1.93,0.6328,5.45,0.1732,,,True,567.0,21,4,0
a65c3119-157b-4d18-8f98-6ba586a8b13a,Informal/Rural Worker,17607.76,0.4593,17,,,0.6398,8.4,2.24,0.656,,,,,False,,16,3,0
6749ebae-a537-4d43-84bb-d63780cd8c2a,Gig Worker,29717.39,0.5214,20,,,,,1.39,0.6087,,,13.85,-0.0337,False,,13,3,1
36d2d23a-3814-413c-b873-f1d523ce4688,First-time Borrower,70427.39,0.187,25,,,0.8537,2.01,,,7.01,0.0833,,,True,766.0,27,3,0
156a8a6b-cd90-43e6-b27a-dd7fee592ee0,Gig Worker,36228.71,0.3365,22,,,,,2.2,0.6542,,,16.55,-0.0037,False,,12,3,0
cbe5ab65-7d0f-4bfb-bfbb-e52e5f80e483,Informal/Rural Worker,14165.11,0.5261,12,,,0.6431,8.21,1.76,0.5968,,,,,False,,14,3,1
04107570-8855-4ce3-a81a-f244c9badd57,First-time Borrower,47757.48,0.2218,18,,,0.7975,6.11,,,6.52,0.1685,,,False,,20,3,0
e178d74c-56c4-499e-9cbb-a333d4d31e7a,First-time Borrower,55186.1,0.2598,20,,,0.591,10.35,,,,,,,False,,22,2,1
10e064a0-e75b-4137-8870-6f4939e5e523,Gig Worker,37431.72,0.3219,23,,,,,2.27,0.7092,6.44,0.133,18.06,0.0945,False,,24,4,0
feac682a-dffb-4eec-aae4-f4ce0e8c8a31,Informal/Rural Worker,17981.39,0.413,17,,,0.7343,9.36,2.95,0.8049,,,,,False,,22,3,0
5c6a6b93-fc01-411b-b5f2-dfdbdafdc8c2,Gig Worker,23489.76,0.4449,22,,,0.7941,12.66,1.5,0.6455,,,19.11,-0.02,False,,14,4,0
590b0cc8-2b46-4750-908b-2f5fa3cef0df,Informal/Rural Worker,22677.27,0.4881,16,,,0.8078,6.74,2.48,0.7851,,,,,False,,19,3,0
10a9c98f-a5e3-4294-b8ba-abfc13ac76d2,First-time Borrower,48775.7,0.2549,14,,,0.6763,12.99,2.32,0.6277,4.6,0.1766,,,True,569.0,12,4,0
7b7ba75b-5553-490c-9e21-503d54b79fc1,Gig Worker,28036.74,0.5444,19,,,,,1.45,0.4238,,,10.79,-0.12,False,,7,3,1
ea88c529-7790-454d-9dfa-9ef0c6a35570,Gig Worker,39014.82,0.323,24,,,,,2.67,0.6871,,,20.96,-0.0545,True,736.0,18,3,0
6272e43f-c38a-4e8c-a29f-78ed61a31837,Informal/Rural Worker,10169.31,0.6731,7,,,0.4793,15.67,1.37,0.5501,,,,,False,,9,3,1
402f8297-bb10-42cb-9a47-0f97591c58e1,Gig Worker,25165.42,0.4956,16,,,0.496,14.24,0.86,0.5969,,,12.72,-0.0229,False,,10,4,1
55067566-f2d4-4bca-8ce7-5c65b2f85e0f,First-time Borrower,52354.09,0.2072,19,,,0.7456,9.96,2.0,0.5803,,,,,True,628.0,19,3,0
6ba01d52-3c14-4324-a974-bbba2622aa66,Gig Worker,38777.98,0.3665,22,,,,,2.37,0.793,,,17.58,0.1042,False,,19,3,0
1f1e1fbd-ed33-43bf-834e-fe87af7791ed,Small Merchant,158848.96,0.3767,26,242813.38,0.6389,0.7937,9.25,,,7.78,0.1384,,,False,,21,4,0
477fed72-fd77-4db0-bf76-b8a209b2feb5,Gig Worker,36040.82,0.289,25,,,,,2.19,0.7785,,,23.61,0.0278,False,,21,3,0
87ebcc7d-ce83-426d-95a7-fcd24324ace6,Informal/Rural Worker,21558.82,0.4002,19,,,0.7608,7.6,2.23,0.6748,,,,,False,,22,3,0
4daaad10-977c-43fa-be5d-11e72b479195,First-time Borrower,64907.18,0.2414,20,,,0.7356,7.6,2.64,0.8452,,,23.64,0.1175,True,694.0,26,4,0
ae6c4586-21dc-4f75-a5e9-5b820954182d,Informal/Rural Worker,16716.07,0.5597,8,,,0.5566,8.46,2.14,0.6793,,,,,False,,13,3,1
bc091764-999a-40f2-9dbf-438831f0ef5c,Gig Worker,43201.09,0.3325,23,,,,,2.92,0.7248,,,18.57,0.0733,False,,22,3,0
bb616738-f7f8-4cc5-ba4e-507f29b42294,Gig Worker,31466.72,0.2958,22,,,,,2.32,0.6274,5.94,0.1787,16.22,-0.0346,False,,13,4,0
1a1bf265-a917-4a08-91e7-424bf12b9d97,Gig Worker,47056.71,0.4395,23,,,,,2.53,0.8226,,,21.73,0.1398,False,,25,3,0
56545236-8915-4781-84e2-36dc2d635a30,First-time Borrower,33513.55,0.2104,18,,,0.5453,13.66,,,3.01,0.2051,18.6,-0.1524,True,466.0,14,4,1
5610a5d9-1c24-4423-96b3-307c07c133a6,Small Merchant,152813.7,0.3659,26,326361.73,0.8657,0.7804,4.28,,,7.51,0.1381,,,False,,24,4,0
0011413b-13ea-483a-bbd5-4b73a65d4905,Small Merchant,36050.91,0.5225,16,91979.79,0.5483,0.4931,16.04,1.2,0.458,3.44,0.2725,,,False,,9,5,1
80c8f6ec-b66e-4741-8ba0-86c7b106cb49,Informal/Rural Worker,21470.41,0.5951,14,,,0.6704,10.9,2.27,0.551,,,,,False,,16,3,0
554abcce-11bd-432f-bbf4-e6b30bc676b8,Small Merchant,94270.64,0.4338,23,181984.41,0.7736,0.5224,12.15,,,3.67,0.171,,,False,,16,4,1
dbd858b9-d4dd-420d-93ff-4d2688d1cbde,Gig Worker,39986.47,0.3956,23,,,,,2.67,0.7844,,,19.63,0.0937,False,,22,3,1
d7eeca58-2262-47cd-856d-fbd432a482b1,Small Merchant,130595.44,0.3179,25,328633.86,0.8571,0.8847,4.04,,,6.33,0.101,,,False,,28,4,0
99cc612d-32a6-4d55-97b0-3d13540e8101,First-time Borrower,74641.84,0.1321,23,,,0.8817,8.76,,,,,,,True,728.0,29,2,0
974baed8-35b7-4d7a-8c7b-dfc712dd0f28,Informal/Rural Worker,25437.44,0.4395,14,,,0.7236,11.72,2.78,0.5705,,,,,False,,21,3,0
14427b28-5829-4b90-afe3-328738bedb69,Informal/Rural Worker,22551.95,0.501,15,,,0.7017,6.86,2.48,0.7133,,,,,False,,21,3,0
5dd7ac0a-1817-4943-966a-0526ce387f2a,Gig Worker,35235.95,0.3441,24,,,0.7216,7.23,2.19,0.7512,,,19.47,0.0958,True,674.0,22,4,0
7010dc41-46e7-49aa-b2c5-39b4dc7753cd,Small Merchant,116148.68,0.3106,23,,,0.8397,6.44,,,,,,,False,,21,2,0
688b104e-af55-4f8a-b390-7bcfd2f2cd7c,Small Merchant,162187.52,0.2263,27,,,0.8345,0.0,,,8.08,0.1228,,,False,,28,3,0
b9fc0606-5401-427f-b66a-1b01545b0e63,First-time Borrower,54750.8,0.2163,19,,,0.709,9.59,,,4.66,0.199,18.14,0.0205,True,702.0,21,4,0
126fbf4c-1c30-4dea-9477-1fbbdf989ba8,Gig Worker,31772.53,0.3387,23,,,,,2.15,0.7504,,,16.25,0.0765,True,649.0,20,3,0
942298f3-2da1-48f1-88cd-c050dfa5328d,Small Merchant,111325.98,0.2311,24,289542.37,0.6548,0.7311,8.85,2.41,0.6318,6.15,0.1549,,,False,,18,5,0
e1d5918e-f54a-4e06-9bdd-950a7fb6c856,Small Merchant,96630.66,0.3837,19,172822.13,0.5728,0.6297,11.38,,,3.57,0.1802,,,False,,13,4,0
35b05200-74d3-43b0-92c0-08045e103d3a,Informal/Rural Worker,30189.82,0.3456,23,,,,,3.63,0.944,,,,,False,,31,2,0
326eea18-f445-4d7f-a94a-d5dff6c5dd0d,Small Merchant,71840.04,0.356,21,132176.08,0.5839,0.4704,14.02,,,3.69,0.2255,,,True,518.0,19,4,0
3e5532a4-6d37-4f8a-bcc7-f7e50d668098,Small Merchant,122477.3,0.2819,25,269266.28,0.6358,0.6702,8.7,,,5.41,0.0995,,,False,,20,4,0
dbdcbbd5-61dc-4ab0-9318-ddc3004e597c,First-time Borrower,53230.12,0.2182,18,,,0.6214,11.24,,,,,,,True,553.0,12,2,0
025e8c5a-adbb-4b83-bbd2-4e2245744bb6,Informal/Rural Worker,26972.71,0.4461,15,,,0.8583,5.88,3.09,0.9019,,,,,False,,22,3,0
d910761a-56e9-4aee-b838-67063ccac11c,Informal/Rural Worker,23408.45,0.4987,19,,,0.6478,6.66,2.92,0.6717,,,,,False,,26,3,0
8aa7822d-5aa9-4d2e-a246-e604873e26fc,Small Merchant,176553.27,0.2702,27,329602.52,0.8569,0.9543,3.48,,,9.14,0.1121,,,False,,21,4,0
7fee13b0-242f-484c-ae64-8b63d410ff39,First-time Borrower,34919.41,0.2551,19,,,0.4914,14.16,,,4.17,0.2221,,,True,531.0,10,3,0
723b3587-2913-4965-bab6-957af8dd5c66,First-time Borrower,66380.49,0.2216,23,,,0.9107,6.64,,,8.27,0.1502,,,False,,23,3,1
c8fa8e48-c32d-4681-80e6-511d3eaaa88e,Informal/Rural Worker,24334.78,0.5814,14,,,0.6668,8.24,2.34,0.6507,,,,,False,,21,3,1
fad0d38a-16f1-431e-b45e-1eddd83a90f3,First-time Borrower,36245.94,0.2437,19,,,0.6296,17.47,,,,,,,True,511.0,7,2,0
e58becbf-a550-43f3-aded-74eeeb2e38bd,Gig Worker,32288.66,0.3602,24,,,,,2.59,0.7095,4.2,0.134,17.09,0.1215,False,,26,4,0
f758215b-0f21-4d35-bd1f-80d8892adb7c,First-time Borrower,72375.96,0.1777,21,,,0.8443,4.97,,,6.79,0.1045,,,False,,23,3,0
e611fab8-c84e-4ce3-a3bd-68f11fd5d7ae,Informal/Rural Worker,28601.62,0.3233,19,,,0.7721,5.91,2.91,0.795,,,,,False,,24,3,0
18e6aa49-9aa3-4d14-aab7-bacdc42f2d06,Informal/Rural Worker,20810.46,0.6047,17,,,0.6407,13.96,,,,,,,False,,17,2,0
15a61682-d966-474b-8837-ce6ffb94ebe0,First-time Borrower,65097.79,0.2317,22,,,0.6572,7.01,,,8.48,0.1215,,,True,711.0,24,3,0
ebb33b77-ef43-4425-b5cf-bd6e2496da19,Informal/Rural Worker,15872.75,0.6216,11,,,,,2.25,0.6068,,,,,True,576.0,15,2,0
d26787e0-3f57-450a-890e-c5f14d61b638,First-time Borrower,64401.58,0.2048,19,,,0.7944,8.26,,,,,,,True,648.0,21,2,0
e8d3b9a9-fbe2-4de2-8ae7-5931c96320ee,Small Merchant,69076.87,0.4285,26,172606.85,0.5346,0.3476,14.18,,,2.93,0.1718,,,True,578.0,12,4,1
6a9fa66b-b2f3-4782-b01d-085b0b148dfc,First-time Borrower,51633.49,0.2129,21,,,0.7029,9.47,,,7.27,0.1685,,,True,605.0,21,3,0
34b5c5ab-131a-4a5b-901c-0212a6a775e4,Informal/Rural Worker,14547.14,0.5942,10,,,0.5412,11.98,1.77,0.497,,,,,False,,15,3,1
dff674a7-2b5b-4a20-b8a1-8077a71cc843,Small Merchant,98828.07,0.3154,23,249608.34,0.6953,0.6578,10.37,1.99,0.6609,5.88,0.1552,,,True,617.0,21,5,1
1fcfd342-eec9-487a-881d-43103392f93e,Informal/Rural Worker,29777.44,0.3307,19,,,0.7893,2.85,2.96,0.806,,,,,False,,22,3,0
2cee8f0d-e821-40f0-b4d8-65e4d6e6a529,Gig Worker,43914.23,0.341,21,,,0.6199,8.43,2.27,0.5867,,,18.5,0.0309,False,,22,4,1
9065a493-1bca-4939-8854-348d4037d674,Gig Worker,29200.05,0.3105,23,,,,,2.45,0.6249,,,19.85,-0.0412,True,602.0,20,3,0
edfd7a04-67c9-45cb-b4da-5fc5f49d580f,First-time Borrower,65322.11,0.1815,20,,,0.8119,3.68,2.47,0.6048,6.59,0.1723,,,False,,22,4,0
28a5eb35-abfd-431d-8fc0-26624b299e72,First-time Borrower,55513.48,0.2432,19,,,0.619,9.01,,,,,,,True,558.0,13,2,0
d8d387a5-13a8-41a2-af7a-702209d5c07a,Gig Worker,21467.34,0.4626,18,,,,,1.63,0.5429,,,15.06,-0.1667,True,514.0,19,3,0
272af4cb-c72c-49e3-aa62-d5d59b878f4c,Small Merchant,86856.81,0.3946,22,233728.57,0.7786,,,,,5.72,0.1931,17.9,0.062,False,,15,4,1
7489fd84-01f4-4124-90f2-8b5dad97f047,Informal/Rural Worker,23064.69,0.5286,16,,,0.7716,7.85,2.57,0.5954,,,,,False,,23,3,0
8e2e7c40-3cb9-44e0-aa91-55b9d9fdacd9,Gig Worker,30751.68,0.3132,23,,,,,2.03,0.7153,,,,,False,,21,2,0
bf252f57-2c2f-4365-bef8-3ccf51f9cc0a,First-time Borrower,36406.98,0.3343,16,,,0.6227,12.31,,,2.52,0.2179,,,False,,10,3,0
a37281bb-86c3-4bae-888a-595a04013cf1,Small Merchant,203228.71,0.2519,27,415665.58,0.9195,0.8934,0.98,,,9.95,0.0702,25.36,0.1434,False,,31,5,0
a926983a-60a2-4956-bbe5-945b58c8115e,First-time Borrower,61655.37,0.2035,22,,,0.6882,7.52,,,,,,,False,,24,2,0
799da057-b90d-4d79-8468-e7f4bba4b47b,First-time Borrower,57154.11,0.1496,18,,,0.7261,5.92,,,,,,,True,655.0,17,2,0
52c797a0-8d62-44aa-a0a3-55a8cfb6d554,First-time Borrower,92722.31,0.1853,25,,,0.8957,4.95,3.38,0.8959,7.66,0.148,,,True,707.0,23,4,0
2b739748-9fd0-445d-87f6-415d8a4d38d3,Informal/Rural Worker,22977.55,0.6081,15,,,0.5517,11.48,2.03,0.6638,,,,,False,,15,3,0
ff9d5677-3f13-4bee-83de-09fab7adfbad,First-time Borrower,53888.95,0.1795,20,,,0.6672,8.3,,,,,,,True,607.0,17,2,0
fe9de6aa-8680-471f-8f05-7027f74ff0b5,Gig Worker,29015.57,0.5583,18,,,,,1.56,0.5405,,,12.78,-0.05,False,,16,3,0
27b2aefd-7881-44cd-a781-f044a981a7ad,First-time Borrower,53139.35,0.2255,19,,,0.6726,11.79,,,,,,,False,,16,2,1
a49f299f-a437-450d-96a3-0ae0d4a4c958,Small Merchant,106539.62,0.2616,23,172855.51,0.5687,0.5911,13.44,,,3.36,0.2488,16.4,-0.0647,False,,17,5,0
8272a29d-d298-4556-912d-09ed849df077,First-time Borrower,59151.38,0.2011,21,,,0.6188,5.78,,,6.51,0.1015,,,True,667.0,19,3,0
b6c01cd9-7a73-41f0-8134-f608a593f76b,Informal/Rural Worker,26629.33,0.4919,13,,,0.7722,7.31,2.75,0.6962,,,,,False,,11,3,0
861ad3af-9672-4dd7-92c1-89b8d683d1a8,Small Merchant,182681.43,0.3028,26,302862.3,0.8341,0.7866,7.56,,,5.73,0.1503,,,False,,22,4,0
625d2e5f-8897-472a-9909-d7e899e74c0b,Informal/Rural Worker,12078.69,0.6122,9,,,,,1.52,0.5025,,,,,False,,9,2,0
d32909cd-565f-4809-af65-f85dc9d607dc,Informal/Rural Worker,17137.83,0.7309,6,,,0.5586,14.29,1.87,0.4024,,,,,False,,9,3,1
77f91b39-d47f-4c43-a4bd-6b36844d68ae,Small Merchant,113602.95,0.4175,20,232899.67,0.7736,0.7839,9.85,,,2.58,0.2192,,,True,583.0,23,4,1
023f7538-d4cc-44b2-b453-d79615839ee4,Small Merchant,59641.53,0.3425,21,163114.46,0.6548,0.5529,15.62,,,3.82,0.2328,,,False,,14,4,0
20628ca4-2a19-4b67-a5ac-1c268b038371,First-time Borrower,33949.07,0.2487,17,,,0.579,11.92,,,3.87,0.1943,,,True,538.0,11,3,0
1f796c8c-2fc3-4aee-8395-12407dffe861,Small Merchant,125807.0,0.3458,24,283734.76,0.7798,0.7282,7.75,2.71,0.8317,7.1,0.1783,,,False,,22,5,0
5d8310e9-242b-48eb-9ce4-36db7d91e62d,Small Merchant,150969.77,0.3344,25,293512.29,0.8169,0.7095,9.6,2.33,0.6986,,,,,False,,30,4,0
a997991d-d118-4b60-b7dc-95403d433550,First-time Borrower,62913.81,0.1492,24,,,0.8706,6.55,2.63,0.8461,,,,,True,675.0,27,3,0
fae9cbf1-4ed7-4d89-962c-8a4c56b46aba,Small Merchant,148645.11,0.3068,24,287375.25,0.8134,0.6808,9.27,,,5.75,0.1901,,,True,628.0,21,4,0
8afed9d0-56e1-4b6e-8239-eb0c3dcd8377,Small Merchant,212572.96,0.1867,25,374568.67,0.7385,0.8303,2.02,,,9.55,0.1174,,,False,,29,4,0
649f4663-a890-4830-8c3c-639db8dc6fbc,First-time Borrower,44716.23,0.2181,21,,,0.556,14.27,,,,,,,True,571.0,13,2,0
d78f4866-92b5-4661-b716-68ca5ea7b72d,Informal/Rural Worker,27902.84,0.491,21,,,0.9232,6.33,3.39,0.8021,,,,,False,,29,3,0
3e0ddcfa-5295-406b-87db-768342f25b97,First-time Borrower,35960.95,0.2194,17,,,0.5945,12.76,,,4.76,0.21,13.63,0.0075,True,523.0,18,4,0
bd8fb076-2b13-440c-a0d3-5ab475dd45e5,First-time Borrower,65762.53,0.1883,22,,,0.8652,1.14,3.63,0.7985,7.31,0.0771,,,True,712.0,21,4,0
bacbf2c0-5bd3-44b0-a7eb-4e0f1f472dc9,Gig Worker,47376.49,0.2812,28,,,,,2.94,0.9158,,,24.13,0.2192,False,,29,3,0
67db0570-5a7d-4f4d-ad34-ef7f0ec3773a,Small Merchant,149332.03,0.3771,25,244818.52,0.7062,0.594,6.26,,,5.44,0.1208,,,True,683.0,18,4,0
dddcb24e-f6e2-47cf-9e86-53c225744a8f,Small Merchant,127969.19,0.3926,23,252335.11,0.7804,0.7075,7.79,,,6.06,0.1499,,,False,,17,4,0
e70e11e3-ac9c-4028-b2f5-67d80f10177a,First-time Borrower,41266.45,0.1683,19,,,0.5883,11.78,1.66,0.5848,,,,,False,,17,3,0
03863fa2-d187-43d6-9ac9-50cb8bc4a4fd,Informal/Rural Worker,23935.48,0.3337,19,,,,,2.99,0.7456,,,,,False,,15,2,0
a0768d3b-7486-432b-8ef3-920647a236ac,Informal/Rural Worker,24328.26,0.2778,21,,,0.8822,2.74,3.1,0.7727,,,,,False,,30,3,0
39ca7183-021b-4eaa-aff7-f46887de6659,First-time Borrower,69882.07,0.088,21,,,0.8419,4.62,,,8.52,0.0969,,,True,632.0,23,3,0
d8fcb7e1-f85f-472e-8bc5-02caf337371b,First-time Borrower,70787.65,0.1572,22,,,0.7819,7.13,,,7.39,0.1045,,,True,659.0,30,3,0
300cc161-c6df-460c-a26b-760471141e09,First-time Borrower,64006.08,0.2105,20,,,0.7427,5.87,,,6.33,0.1642,,,True,749.0,23,3,0
c9345e46-4ca6-47f1-90c8-455cd1ae389d,Informal/Rural Worker,11206.28,0.5396,11,,,0.6207,12.98,1.71,0.5628,,,,,False,,5,3,0
599103ad-b7d8-4ae0-a62d-3de7dc4bd909,First-time Borrower,56188.87,0.1868,20,,,0.6519,7.39,,,5.27,0.1616,,,True,618.0,21,3,0
74699038-a077-46c4-8777-31c9d84d1bfb,First-time Borrower,38410.67,0.3033,13,,,0.5481,12.17,1.84,0.5262,4.88,0.2063,,,True,456.0,12,4,1
860784ba-5272-4789-a542-685a78539778,Gig Worker,48406.5,0.18,26,,,,,3.86,0.9267,,,25.06,0.2206,False,,33,3,0
e0982304-2133-4faf-904e-5f081d4bdfa5,Informal/Rural Worker,26166.88,0.3377,23,,,0.8759,1.84,3.32,0.8703,,,,,False,,25,3,0
61d2869e-80a4-4efc-84fb-dcd80bf2a8ba,Gig Worker,24478.08,0.4035,21,,,,,1.93,0.5861,,,14.47,0.0497,False,,14,3,1
bb57c8a1-31ad-434c-a4be-0fc6de8eae8d,Gig Worker,39797.09,0.3357,22,,,,,3.01,0.8895,,,26.52,0.053,False,,24,3,0
0cd2bb80-59ae-4d9f-a0ed-4a4311f3a642,First-time Borrower,65480.11,0.1695,24,,,0.7991,9.38,,,6.13,0.1881,,,True,688.0,17,3,0
61ba2d0a-d2e0-4363-858a-3dd17936ab15,Gig Worker,15370.67,0.4474,18,,,,,1.62,0.4629,,,11.88,-0.0474,True,531.0,11,3,0
433a6779-b812-4dd9-8538-60e026dd71ee,Gig Worker,35273.32,0.3181,23,,,,,3.09,0.7607,,,21.05,0.094,False,,20,3,0
98b7c45e-53e6-4655-918b-a646bbcf436a,Gig Worker,29905.07,0.4995,22,,,0.55,14.4,1.27,0.567,,,,,False,,11,3,0
30a9c3aa-8d4c-43ad-b574-b69ade069776,Small Merchant,119694.08,0.3463,23,250860.73,0.7978,0.6553,13.53,2.14,0.7503,5.82,0.216,,,False,,13,5,0
172249b4-27ba-4857-8403-5117abcf30f6,Gig Worker,31187.4,0.4289,22,,,,,2.33,0.613,,,20.81,-0.0577,False,,18,3,0
ee9a5615-2d21-4cd9-a41f-289215d9adfb,Informal/Rural Worker,15445.32,0.5331,13,,,0.582,12.96,1.82,0.5063,,,,,False,,12,3,0
ed9b5b8c-52eb-430d-beb2-c917221d1916,Small Merchant,113657.07,0.3967,23,238771.86,0.7651,0.6935,6.7,,,5.51,0.2185,,,False,,17,4,0
fde8206e-ded6-43c2-87ff-33a2663e6dd0,First-time Borrower,44402.59,0.251,18,,,0.7243,10.3,,,,,18.22,0.0282,True,644.0,21,3,0
2750c28a-e536-411f-a7bc-be2f01950529,Informal/Rural Worker,30979.63,0.4786,13,,,0.6999,5.69,3.13,0.7002,,,,,False,,24,3,0
021e85ed-db3f-42cd-a7fc-cb08c241a137,Small Merchant,177220.41,0.3121,27,377017.35,0.8701,0.8531,3.79,,,9.85,0.1173,,,False,,24,4,0
af82c745-e765-4eb6-9ea8-4a113936e0fa,Gig Worker,41222.56,0.349,24,,,,,2.69,0.7855,8.1,0.1627,21.36,0.076,False,,22,4,1
70f18a48-3e5b-4fda-8cc1-6faf74536861,Gig Worker,44059.5,0.4091,25,,,0.9178,5.62,2.62,0.7965,,,18.23,0.1328,False,,29,4,0
fa521806-c271-408d-9a74-ec092ccdc3b7,First-time Borrower,35203.75,0.2813,17,,,0.6455,11.4,,,,,,,True,562.0,14,2,0
7011b334-f764-43f3-ba37-160738af4859,First-time Borrower,57309.11,0.2126,20,,,0.78,5.71,,,,,,,True,687.0,29,2,0
3ab0da63-a2fe-44c4-95fd-ea3ac3519cc7,Small Merchant,185645.12,0.1947,29,436834.97,0.8864,0.8418,2.43,,,7.49,0.1052,,,True,755.0,30,4,0
e07d7852-9768-4114-93a3-53d652634531,Small Merchant,186435.44,0.2805,25,395700.44,0.8713,0.7786,3.01,,,7.26,0.1536,,,True,831.0,25,4,0
b2b0a46e-3623-419b-933c-da03463eada5,Small Merchant,173266.02,0.213,26,452669.14,0.8872,0.8901,0.6,,,10.0,0.0519,,,False,,27,4,0
2216fc8b-40a6-47c6-a893-001cc80c35e1,First-time Borrower,49907.75,0.1487,19,,,0.8077,8.04,,,7.01,0.1881,,,True,663.0,22,3,0
c4f9300f-87da-4af0-91df-ca53831f9e12,Small Merchant,99645.75,0.4458,23,175621.41,0.5429,0.5954,11.44,,,3.32,0.2378,,,False,,19,4,0
73b8a845-b83a-4a7e-96c4-971c6e40834c,Gig Worker,43955.81,0.3562,23,,,,,3.12,0.948,,,,,True,787.0,19,2,0
3d18664c-fe3b-4529-998f-eb7b20433c06,Informal/Rural Worker,10915.26,0.6846,8,,,0.4456,17.6,1.68,0.4543,,,,,False,,6,3,1
92c94a40-8e61-4824-b3c3-4408e73d417b,First-time Borrower,49377.63,0.2945,20,,,0.6409,11.91,,,6.07,0.1827,,,True,609.0,17,3,1
847181e4-f424-4f59-926b-c2a605882626,Informal/Rural Worker,17528.36,0.5219,7,,,0.6593,18.33,1.44,0.4273,,,,,False,,14,3,1
a62fe7b4-f0ed-4dae-8ca8-7868e6369345,Gig Worker,24732.91,0.4149,23,,,0.6558,10.91,2.05,0.5689,,,20.26,0.1357,False,,17,4,0
8260c692-cad3-4e9a-a9b1-f6b38eb92f33,First-time Borrower,67483.25,0.1813,20,,,0.8984,5.87,,,,,,,True,684.0,22,2,0
ed37505b-9c77-45d3-b1b6-ced4d6def4cf,Gig Worker,24627.57,0.4913,23,,,,,2.69,0.6361,,,16.88,0.0346,False,,18,3,0
7fb2b9c5-41c0-4615-845b-7e495b3d6348,Informal/Rural Worker,16645.93,0.4839,14,,,0.6818,5.92,1.98,0.6282,,,,,False,,17,3,0
c9263255-6479-437c-a470-152fc82bc1c9,Small Merchant,112436.89,0.2923,24,250393.57,0.7747,,,1.93,0.6194,4.25,0.1316,,,True,618.0,15,4,0
32b7ab80-d6b9-4715-a6b3-b2cf78c6ef4f,Gig Worker,26830.87,0.4086,22,,,,,1.02,0.5363,,,15.82,-0.0228,False,,11,3,0
0f446390-a896-476b-8398-cc5a1bcde454,Small Merchant,148093.48,0.2529,25,308917.95,0.8535,0.7908,7.97,,,6.36,0.181,,,True,692.0,18,4,0
9e310569-0c5e-4011-b643-4db10e60dba5,First-time Borrower,57215.44,0.2175,20,,,0.7535,10.18,,,5.61,0.1745,,,False,,19,3,0
2c02a783-fb20-42e2-bcf9-7e8dce568763,Informal/Rural Worker,28075.2,0.391,13,,,0.7347,3.26,2.32,0.6863,,,,,False,,23,3,0
4dbb139c-069f-4ccc-b129-11bd6e937792,Informal/Rural Worker,16368.53,0.4439,19,,,0.6696,7.02,1.88,0.5755,,,,,False,,14,3,1
ef122ba0-9b9a-45fb-8710-30af2b4e34b4,First-time Borrower,58840.28,0.2765,21,,,0.6523,6.3,,,4.47,0.162,,,True,614.0,23,3,0
ae5487aa-dad1-4ff4-bcd4-2cedc5f33958,Gig Worker,41553.76,0.3873,22,,,,,2.09,0.7168,,,15.59,0.0542,False,,22,3,0
60eb87bc-9923-4aa7-a479-eb8b8586eb83,Small Merchant,184226.95,0.2186,25,347978.79,0.9499,0.8772,5.83,2.97,0.8286,7.73,0.1395,23.69,0.1569,True,728.0,25,6,0
1595e0e5-cbfd-4be9-ab71-80e664a3384e,Informal/Rural Worker,26466.78,0.4621,15,,,0.7832,4.75,2.86,0.8083,,,,,False,,22,3,0
9cddfc59-6c1b-4e16-a25a-28cec6ca01b0,First-time Borrower,76192.56,0.224,23,,,0.7897,3.76,3.32,0.848,8.93,0.1647,,,True,752.0,29,4,0
b60783fb-a363-4abc-bdc8-f334bf956c4b,First-time Borrower,42237.67,0.2478,19,,,0.4511,14.28,,,,,,,True,484.0,9,2,1
7e819f65-9a6f-4dc2-95ff-5a6ace78b4f7,Small Merchant,155849.07,0.3677,26,387778.59,0.8356,0.875,2.45,3.2,0.8314,7.43,0.0887,21.15,0.1486,False,,26,6,0
4f9c4e9c-cd9d-4b5e-a592-71f6acbde08a,Gig Worker,22476.28,0.4328,20,,,,,1.91,0.3806,,,15.31,-0.089,False,,10,3,1
095a3c4e-22f4-4164-9823-f5c00cc0b015,First-time Borrower,51399.48,0.1921,19,,,0.7243,8.93,1.58,0.7086,6.44,0.1707,,,True,608.0,13,4,0
10d94fc7-b294-421c-b2c8-37b26ac086b8,Gig Worker,28373.35,0.3493,23,,,,,2.24,0.5656,,,14.31,-0.0071,False,,20,3,0
3c1d9996-5caf-482f-b045-5c923d5a60d4,Gig Worker,26790.34,0.3769,21,,,0.5601,12.53,1.81,0.7526,,,17.57,-0.1266,False,,10,4,0
ea943448-cd43-48eb-87d4-2223185b91e4,First-time Borrower,60344.37,0.1508,20,,,0.7424,8.01,,,,,,,True,698.0,24,2,0
aaf58455-4afa-4eb3-a967-c63a313ec29e,Small Merchant,79383.17,0.4113,24,181750.92,0.5467,0.5847,13.71,,,3.57,0.2236,,,False,,10,4,0
1b6012a7-b068-4f7d-8338-67da8d2485e8,Informal/Rural Worker,17783.0,0.4706,9,,,0.7276,11.74,2.63,0.742,,,,,False,,25,3,0
1219a028-fcd4-40d0-b6ea-d2a8f4352086,Small Merchant,138343.37,0.3407,26,287409.92,0.6524,0.7177,8.34,,,7.02,0.1547,,,False,,21,4,0
6ae5321f-5b1c-419b-9d18-4e61379cb109,Informal/Rural Worker,12631.7,0.599,13,,,0.6722,10.38,2.01,0.6027,,,,,False,,15,3,0
aed0552c-53bc-4e16-acd4-ae4c9d9ee32c,Informal/Rural Worker,20095.39,0.5362,17,,,0.7797,11.9,2.04,0.7382,,,,,False,,20,3,0
4892cbdb-8e56-4149-b40c-746b71f33abe,Gig Worker,34754.68,0.4217,27,,,0.8133,8.18,2.48,0.6826,,,20.01,0.0691,False,,21,4,1
ce2bcd1b-23ec-485a-9f5e-ee323de48984,First-time Borrower,73638.66,0.1968,20,,,0.8056,6.68,,,,,,,True,711.0,30,2,0
7e18f9d7-d881-488b-be3a-0069294d0816,Small Merchant,64627.08,0.3915,19,113851.54,0.5614,0.6073,14.57,1.04,0.4162,2.21,0.1908,,,False,,12,5,0
d6569cef-8108-4c76-9f6e-ac8f08897d80,Informal/Rural Worker,9787.79,0.4014,8,,,0.4057,11.58,2.31,0.5009,,,,,False,,16,3,0
affecf81-8f7c-4a19-86f8-c7742170916b,Informal/Rural Worker,11581.98,0.6741,9,,,0.7209,11.9,1.56,0.5416,,,,,False,,15,3,1
ec3a01c6-fc09-496d-b9c6-f0d5acfcc9a7,Gig Worker,40651.12,0.3694,24,,,,,2.67,0.7357,,,22.91,0.1149,False,,19,3,0
e24c8620-88cf-4fe2-b3dd-8d68d56e99b4,Gig Worker,32743.43,0.4342,23,,,0.7258,6.24,2.62,0.6424,,,18.1,-0.0765,False,,15,4,0
cf8a6348-c1ea-4fc0-90f6-3de641571d07,First-time Borrower,55230.18,0.2624,21,,,0.6958,10.06,2.43,0.6988,,,,,True,621.0,9,3,0
80df15bc-0900-45bf-b4eb-d54ab3c48765,Informal/Rural Worker,33443.25,0.3446,19,,,0.9232,3.53,2.66,0.9759,,,,,False,,25,3,0
0f248b68-4c5e-4e72-a621-516bc7aa5ee7,Informal/Rural Worker,17613.97,0.696,7,,,0.471,18.99,1.2,0.5367,,,,,False,,5,3,1
da4f8bee-611f-42f1-9452-4379538d2fb2,First-time Borrower,45291.77,0.225,18,,,0.6514,10.95,,,3.02,0.1712,,,True,525.0,12,3,1
ecb1b704-eff5-4a04-a1e1-e6ba7af2f6a9,Gig Worker,33670.75,0.5032,25,,,0.7052,10.71,2.38,0.7016,,,19.12,0.0044,False,,25,4,0
7b12b718-c8ba-4aa9-b22b-78a138f10abf,Small Merchant,64733.68,0.3885,20,140527.96,0.5317,0.5095,16.26,,,4.48,0.2777,,,False,,8,4,0
9ab97483-5727-4cc2-a4e4-40c34ec82e98,Gig Worker,44212.26,0.3406,24,,,,,2.68,0.7532,7.47,0.1004,24.61,0.0825,False,,25,4,0
a641d68c-eb98-43cc-8620-dc2cb4bda3fb,Gig Worker,49501.62,0.2705,29,,,,,,,9.23,0.0865,28.41,0.1713,False,,29,3,0
f0aadae4-a6d0-4888-9581-40e73ff0d0b8,First-time Borrower,29094.04,0.2537,18,,,0.5605,14.47,1.51,0.5478,5.14,0.2829,,,True,498.0,10,4,0
a6ecb16b-e78d-4a6e-a0d4-029c962b2c40,First-time Borrower,47521.4,0.2243,19,,,0.623,12.2,,,,,,,True,586.0,12,2,0
b1866b8d-8806-4d69-aacb-c38899a6da67,Gig Worker,41451.36,0.2909,22,,,,,2.46,0.616,,,21.29,0.0376,False,,19,3,1
70521717-70fe-48b7-8886-757e7ff53832,Small Merchant,175706.74,0.2734,23,260241.89,0.7406,0.7525,5.53,,,6.23,0.1557,,,False,,22,4,1
bd53a339-ecbc-4a84-b5c3-3fcc5eb03741,Small Merchant,70910.55,0.4135,26,234214.14,0.6425,0.6314,12.93,1.68,0.5809,4.87,0.2249,,,False,,15,5,0
b5f64ad9-f27a-4bcc-929e-c804d6d14323,Gig Worker,46606.98,0.3535,25,,,0.779,3.7,2.82,0.8662,,,25.61,0.1107,False,,30,4,0
6da69abc-0dcd-4c8d-b194-661d6846a4fd,First-time Borrower,68033.88,0.1982,21,,,0.8429,3.74,,,,,,,True,673.0,21,2,0
2a9e8502-cd8d-4d67-ba82-8003f8691ce8,Informal/Rural Worker,27472.41,0.4562,15,,,0.7214,7.91,2.87,0.7594,,,,,False,,24,3,0
66414c77-094b-4e9f-9db2-69d0b18ffc42,Small Merchant,139278.76,0.2956,24,263917.33,0.8,0.7188,7.77,,,6.26,0.1485,,,False,,20,4,0
a82ab84f-7918-47a0-8e80-b4ec5d04e22f,Small Merchant,139289.26,0.3531,23,254567.54,0.8363,0.5941,10.98,,,,,,,False,,21,3,0
4273cf6b-373e-4b43-b3ae-4b300b27d432,Gig Worker,40234.09,0.4367,23,,,0.8181,6.88,2.1,0.7755,,,23.65,0.037,False,,17,4,0
6e2a8675-5c54-451c-8772-80a0aa631d2f,Small Merchant,122740.98,0.3757,24,247038.7,0.7297,,,2.1,0.7236,5.63,0.0969,19.45,-0.0069,False,,21,5,0
23f57581-9d48-483b-a782-cf703a63b025,First-time Borrower,55484.67,0.1541,18,,,0.7293,7.94,,,5.48,0.1203,,,True,602.0,16,3,0
e99c3e30-5921-4954-96fa-07b34ed4896c,Small Merchant,106304.48,0.4125,25,205045.34,0.6021,0.6563,14.81,2.14,0.6519,7.38,0.1596,,,True,633.0,21,5,1
cba4b359-3dae-4093-9bc9-77f8d7aa3acf,Informal/Rural Worker,25370.42,0.3024,17,,,0.7766,3.43,2.66,0.8875,,,,,False,,28,3,1
dbe78f66-c234-4782-910e-b838dfdaa8ba,Gig Worker,36814.65,0.3414,23,,,,,3.05,0.7848,,,,,False,,18,2,0
80da11dc-aa4c-43dc-a995-6c35cec1b6bf,First-time Borrower,49164.63,0.1375,24,,,0.7968,7.74,,,,,,,True,683.0,17,2,0
779b092b-420c-4d02-9077-f0b70234d36c,First-time Borrower,30439.52,0.2611,16,,,0.6475,11.57,2.06,0.4785,3.16,0.2232,16.43,-0.0192,False,,15,5,0
6788534c-9219-4a81-8e5c-d76a51ef313e,Gig Worker,18750.74,0.3659,20,,,,,1.65,0.4323,,,12.02,-0.0926,False,,15,3,0
ec287873-34d4-4a09-b1b9-96c868cedbef,Informal/Rural Worker,21721.14,0.4449,15,,,0.8325,6.03,3.42,0.5668,,,,,False,,23,3,0
ccec0493-78a4-4c9e-918d-cbbd19fc597c,First-time Borrower,51821.62,0.2841,14,,,0.5691,12.74,1.6,0.599,,,,,True,604.0,12,3,0
7e65ccfc-214e-4f49-b7b6-01b627432148,Small Merchant,131046.3,0.292,25,237498.02,0.6944,0.644,9.63,,,6.41,0.1714,,,False,,15,4,1
aaf66247-8908-416e-bdc6-56c4ae677b68,First-time Borrower,46677.54,0.2257,16,,,0.5658,14.2,,,,,,,True,606.0,13,2,0
267e94d9-588c-4062-b693-486e84fc2f85,Informal/Rural Worker,25159.35,0.4044,18,,,,,,,,,,,False,,23,1,0
b55bd7a8-c5da-436f-a39a-8a7db7d1c70f,First-time Borrower,38414.02,0.2419,12,,,0.419,12.18,,,,,,,True,480.0,12,2,1
1b32a720-71ce-4623-b9ef-92ba245f465e,Gig Worker,31365.0,0.3567,21,,,0.5602,12.46,1.9,0.6449,5.04,0.1608,18.8,-0.0746,False,,18,5,1
14db9271-d1ce-4389-976d-ae58b8d40320,First-time Borrower,41626.74,0.2486,15,,,0.4931,12.19,1.95,0.4469,,,,,True,585.0,9,3,1
cf90bd77-9bb4-4a58-a540-019540e20ca1,Gig Worker,40208.8,0.3381,24,,,,,3.0,0.6459,,,23.23,0.0772,False,,23,3,0
5120c2c1-2041-4583-b409-a0e81c1fa8ff,First-time Borrower,80826.44,0.1704,23,,,0.715,4.31,,,7.06,0.122,,,True,695.0,26,3,0
3a342baf-3619-40ee-9df5-89fea50ed8d5,Informal/Rural Worker,19208.47,0.5604,9,,,0.6572,11.12,1.96,0.5717,,,,,False,,23,3,0
31235128-3b17-41ac-bd8e-82274c405a4b,Small Merchant,58653.16,0.3853,19,121508.88,0.5987,0.5505,17.29,1.69,0.647,2.93,0.2295,,,False,,6,5,0
2ed059ca-e62c-438a-b3f3-2da24eeba065,First-time Borrower,84036.38,0.1411,24,,,0.7817,6.48,2.17,0.7919,7.94,0.1043,,,True,595.0,18,4,0
948bb3dc-e404-4758-b549-cfad2eb001c6,Gig Worker,23611.33,0.5177,22,,,,,2.32,0.6633,,,16.02,0.0337,False,,11,3,1
9c7c3903-d606-40d8-91cb-35ac95ab5632,Small Merchant,99337.38,0.3616,21,202868.07,0.5803,0.6723,9.34,,,3.99,0.219,,,False,,21,4,1
23f92e36-6157-4111-a794-6a7218296e0e,Informal/Rural Worker,25090.0,0.5573,15,,,0.6186,12.18,2.52,0.6059,,,,,False,,19,3,0
e9f306b1-30e6-4312-a67c-02a89a6b6fbb,Gig Worker,43105.31,0.2537,23,,,,,2.43,0.8584,,,24.93,0.1708,False,,26,3,0
1019ee61-b6d2-4059-bf88-8bb6aea2f8e6,Gig Worker,31053.65,0.378,21,,,,,2.38,0.5807,,,17.64,0.0902,False,,14,3,0
603ab4f1-24bf-469f-99e2-133bfaacfd59,Small Merchant,76140.8,0.3988,21,149244.06,0.6116,,,2.15,0.514,3.88,0.2158,,,False,,8,4,0
3557931e-3bbf-4907-ba95-9022b8ea7dc5,Gig Worker,45214.37,0.3376,28,,,,,3.32,0.8829,9.07,0.0984,24.41,0.1225,False,,25,4,0
eafe2575-18e9-4291-a65c-594c227e6a0f,Informal/Rural Worker,17803.51,0.3913,13,,,0.5695,12.57,1.77,0.6585,,,,,False,,14,3,0
287aac77-6d28-4e6f-9f81-97158161dea9,Gig Worker,28788.38,0.4451,20,,,,,2.41,0.6432,,,13.21,-0.0187,False,,19,3,0
e2f4363f-d51a-4381-96c4-df5892ff7818,First-time Borrower,50571.77,0.2465,21,,,0.6839,4.39,2.2,0.6684,4.76,0.1276,,,True,594.0,16,4,0
184b10ef-2b9b-44a0-8ead-0a4c853b513a,First-time Borrower,46534.77,0.155,18,,,0.5636,10.78,2.25,0.7135,,,17.76,0.0556,True,554.0,17,4,0
d6e8560c-495f-4cc6-8ac7-9f4f3acd3f38,First-time Borrower,77393.56,0.1779,24,,,0.7832,4.29,3.04,0.8558,,,,,True,789.0,26,3,0
b894d7ef-f5f9-4cff-8164-5f6d6ae05b99,Gig Worker,41286.31,0.3373,21,,,,,2.69,0.61,,,24.52,0.1011,False,,17,3,0
7dbb8dd1-2108-419b-a548-6b448adfe1c2,Gig Worker,52372.18,0.2922,28,,,,,3.16,0.9318,7.61,0.1094,26.11,0.1304,False,,25,4,0
3c64c222-092d-4c8c-97d8-247f57fa1498,First-time Borrower,78561.2,0.1407,22,,,0.7863,3.83,,,7.46,0.1726,,,True,699.0,23,3,0
728ba6b3-6232-440f-9c44-5fd8b206ca4d,First-time Borrower,62882.07,0.1487,23,,,0.8765,5.56,2.45,0.9008,,,,,True,691.0,19,3,0
f5bfb43d-9edb-4388-ad3c-95fca220b2d5,First-time Borrower,62135.13,0.1638,22,,,0.8383,6.42,2.65,0.7784,7.33,0.2085,,,False,,20,4,0
d1e13e7d-584d-4496-b3e2-9580839912af,First-time Borrower,30055.84,0.2774,18,,,0.5821,14.06,,,2.08,0.2863,,,True,485.0,12,3,0
4b99c9db-8936-4724-bc32-4568bb956391,Gig Worker,20675.95,0.5251,18,,,,,1.77,0.4174,1.77,0.2442,7.39,-0.0796,False,,8,4,1
09b1e3c1-88ca-4118-97bc-51919e4c57c6,Gig Worker,40870.68,0.4292,24,,,,,2.29,0.7628,,,22.43,0.048,False,,21,3,0
bdf0a922-651e-442c-a957-6e082a73add9,First-time Borrower,33434.22,0.236,13,,,0.4626,15.03,1.43,0.5039,,,,,True,463.0,13,3,1
aff427ef-41d3-4a78-a06d-d2dd23fc3898,Gig Worker,40103.6,0.2725,24,,,0.6611,6.5,3.26,0.6726,,,26.17,0.0169,True,737.0,24,4,0
dcc5c9fb-62af-451b-a67f-97ace21c76b9,Small Merchant,161996.49,0.2548,26,301474.57,0.8325,0.7226,5.97,2.61,0.7835,7.6,0.1412,,,False,,25,5,0
bd624ea5-d3d4-497e-bf70-623548335e2b,Gig Worker,38253.38,0.2982,20,,,,,1.49,0.5811,,,12.72,0.0237,False,,15,3,1
94c36da4-1ba0-4994-ab29-087d8f1f000a,First-time Borrower,67196.24,0.22,22,,,0.835,6.19,,,7.87,0.1182,20.47,0.1752,True,724.0,28,4,0
6af39860-1d75-4cde-b93d-b5aed96b84c2,Informal/Rural Worker,16170.52,0.5891,10,,,,,2.22,0.6727,,,,,False,,19,2,1
d131c215-582d-4773-afdd-fe80e8d54fc7,Gig Worker,19307.26,0.5816,16,,,0.5716,14.58,0.79,0.4932,,,,,False,,7,3,1
98c113c2-6657-4318-9a9f-79d4d2db490a,Small Merchant,108760.72,0.3509,21,209654.05,0.6943,0.6033,12.11,2.32,0.5634,3.58,0.1647,18.94,0.0173,False,,19,6,1
c4a4717d-c16d-483f-a70a-435afa623c6d,Small Merchant,102830.69,0.446,21,221673.23,0.7102,0.6329,10.88,2.16,0.6274,4.51,0.1961,,,True,621.0,17,5,0
93dc8692-7422-4508-bdf0-d420b94778b0,Small Merchant,157644.72,0.3292,27,360625.75,0.8351,0.7587,6.91,,,8.9,0.1566,,,False,,27,4,0
f0286b17-3f41-4b3e-87f8-b2d122546036,Gig Worker,29409.8,0.3038,23,,,,,1.67,0.6974,,,15.61,0.1158,False,,21,3,1
a2586220-616c-4f7a-8618-d26a1d870520,Informal/Rural Worker,9455.05,0.6805,10,,,0.3483,18.58,1.11,0.4726,,,,,False,,10,3,0
7d2f6869-dca6-49d9-860a-aafbfc80cd10,Small Merchant,108396.0,0.409,21,137790.56,0.7117,0.6413,11.66,1.97,0.6068,,,16.96,-0.0566,True,553.0,13,5,1
3ea586b4-f648-4bb0-9f0e-3cc43695bdc4,Informal/Rural Worker,30280.94,0.3314,18,,,0.8992,1.45,3.23,0.8833,,,,,False,,28,3,0
eb8b7fab-cabe-4bde-b397-c3457a51b420,Gig Worker,24244.12,0.4633,21,,,,,2.48,0.4953,,,17.31,-0.0065,False,,16,3,0
21ac725c-cc74-4b32-a6f7-e82e096a510b,Small Merchant,108872.39,0.4202,23,266539.99,0.6867,0.7616,11.61,1.66,0.7218,6.81,0.1608,,,False,,11,5,1
207dc98a-b6fb-4cd2-aefd-f113e89911a9,Small Merchant,66913.6,0.4079,23,123620.14,0.4408,0.5825,19.64,,,2.88,0.2318,,,False,,11,4,0
54c163e7-3490-4e7a-bc82-4a32ddaf32ac,Small Merchant,65699.74,0.458,21,110146.46,0.6029,,,,,1.7,0.2336,,,True,562.0,7,3,0
84f0a736-36f3-4c21-a04c-0d7c21dfb303,Gig Worker,39381.31,0.3968,22,,,,,3.01,0.6741,5.32,0.1124,21.4,0.0233,False,,25,4,0
7ff2dc51-f788-42c8-bc8e-a22ab6362384,Gig Worker,26222.57,0.4822,17,,,,,1.81,0.48,,,17.57,0.0523,False,,15,3,0
7c2d54fc-89f0-4a37-a4e9-9647fee1adb3,Small Merchant,101720.38,0.4474,23,213621.05,0.6798,,,,,5.25,0.2012,,,False,,16,3,0
c66951bd-691d-457c-9b6e-e0b9fff28ba1,First-time Borrower,57769.77,0.2504,18,,,0.6711,9.62,2.01,0.6742,5.02,0.172,17.46,0.0124,True,629.0,17,5,1
1da79c3e-a4ee-43d2-b08c-16470cfe57ad,Gig Worker,21429.91,0.4977,19,,,,,1.79,0.5361,,,18.43,0.0134,False,,14,3,0
f7ece088-f7f1-4789-8b67-6cdcebe609e8,Gig Worker,28807.86,0.3597,24,,,,,2.27,0.6182,5.72,0.1769,23.64,0.0995,False,,22,4,0
362652bd-fba9-4998-8ecb-944d928490b8,Small Merchant,139226.72,0.175,27,317109.98,0.7606,0.8399,4.37,,,7.6,0.1077,,,True,724.0,31,4,0
d7860e0b-62eb-4b1a-97cd-7e9bf182e245,Small Merchant,92473.38,0.3692,23,217588.56,0.6884,0.622,12.17,,,7.04,0.1806,,,False,,12,4,0
48a6c979-b007-44f1-8c48-0958febb146c,Informal/Rural Worker,19260.23,0.381,8,,,0.5622,14.24,1.97,0.6307,,,,,False,,17,3,0
27196ea5-99c4-43bc-9aaf-a1f3e2937351,Small Merchant,71498.64,0.4896,20,147375.88,0.5351,0.4614,13.78,,,2.28,0.2525,,,False,,12,4,1
15404be7-7aec-4138-b84b-69aa53686d14,Informal/Rural Worker,26802.65,0.3704,15,,,0.8292,1.96,2.5,0.8456,,,,,False,,26,3,0
e9a293f5-3d52-4ec9-bf90-4765683b82e6,Informal/Rural Worker,12171.12,0.6536,7,,,0.4541,14.93,0.99,0.3708,,,,,False,,8,3,1
b3d0de19-59c1-4d5d-8cd4-c773650ddea8,Small Merchant,66747.92,0.3967,18,158606.04,0.5512,0.4647,11.71,,,3.07,0.2323,,,False,,16,4,0
ca650fa9-70fc-4a0d-bae8-29cd8bc6da24,Informal/Rural Worker,20972.83,0.4711,14,,,,,3.01,0.8101,,,,,False,,24,2,0
733f20f0-7a9a-4268-9310-648416341a64,First-time Borrower,72580.32,0.1469,25,,,0.7243,5.58,2.94,0.8508,6.74,0.1851,24.17,0.1393,True,735.0,24,5,0
6919815f-a963-4f73-a63d-1b48ad5fabe7,Gig Worker,29108.89,0.3455,23,,,,,,,,,21.27,0.0709,False,,22,2,0
db755a9b-0b32-4b74-ba02-59b1408be00e,Informal/Rural Worker,24181.59,0.4368,18,,,0.7643,6.64,2.54,0.8246,,,,,False,,25,3,1
01f2e4a1-26f2-462b-8e65-f43160eca2a8,Informal/Rural Worker,13596.28,0.5673,13,,,0.4706,14.61,1.82,0.4572,,,,,False,,16,3,0
226a3a72-a1bd-452d-b2ad-031313ab149c,First-time Borrower,43507.92,0.2903,18,,,0.4206,11.26,,,3.08,0.2549,,,False,,16,3,0
8af73785-ae2e-433c-94c7-d536efa01bbe,First-time Borrower,44137.74,0.245,21,,,0.5904,9.22,,,6.94,0.1722,,,False,,19,3,0
11eea0e3-01bb-48ef-8980-e7ce355fb43c,Small Merchant,160183.08,0.3032,26,328915.27,0.8732,0.8615,5.76,,,7.27,0.0982,,,False,,24,4,0
fb8c40bb-65d3-4362-a303-c71c2da2672b,Informal/Rural Worker,20531.15,0.3393,16,,,0.558,11.58,2.39,0.7776,,,,,False,,22,3,0
e9626172-fb63-4247-82fc-212e097954c5,Gig Worker,45161.92,0.458,26,,,,,3.14,0.7509,,,22.59,0.0575,False,,24,3,0
8ad8340b-d415-45f4-973d-08671bccd353,Informal/Rural Worker,33183.18,0.2389,25,,,0.9492,1.16,3.55,0.9329,,,,,False,,34,3,0
88bd5050-9c77-42ac-a306-10eb1e750045,Informal/Rural Worker,16957.09,0.4863,10,,,0.5899,13.29,1.98,0.5498,,,,,False,,14,3,1
15f512ed-b2c7-43e8-83c0-50efcea5219e,Gig Worker,27833.75,0.4021,20,,,,,1.68,0.6038,,,12.86,0.044,False,,12,3,0
144dab03-6f20-464f-9dcc-d584df31dbcb,Small Merchant,85028.48,0.3457,23,211868.61,0.5814,0.6085,11.38,,,4.08,0.1516,,,False,,11,4,1
744bab04-04cf-4e94-9cb7-be9ae388960a,First-time Borrower,44674.06,0.2656,19,,,0.7795,9.5,,,,,,,False,,14,2,0
60c62782-d6e0-486a-be57-2d6ea1b0e3be,First-time Borrower,55056.2,0.1417,18,,,0.6437,4.76,,,7.23,0.1432,,,True,662.0,18,3,0
d652780d-8179-4bc0-b1bf-d81a7e84b7b5,Gig Worker,14574.51,0.4116,21,,,,,1.64,0.4869,2.85,0.2613,15.0,0.0339,True,531.0,14,4,1
a4ee2250-75e6-4785-a040-f43d8fbcc6fb,First-time Borrower,28791.25,0.3297,14,,,0.5693,19.61,1.19,0.4358,,,,,True,484.0,3,3,0
f102c82d-f815-4469-95d4-edd9499e2061,Small Merchant,97371.52,0.3569,24,229561.72,0.6736,0.5742,12.78,,,3.53,0.1898,,,False,,10,4,0
e9e84a07-adbc-4533-b5ac-c63762e77f14,Small Merchant,137368.95,0.3126,27,284869.24,0.6102,0.736,8.62,,,5.94,0.1582,,,True,632.0,22,4,0
a4b9c2ea-f86a-44d3-a138-28dfeb0dec8c,Gig Worker,50799.37,0.2687,26,,,,,3.25,0.7863,,,25.2,0.1175,False,,27,3,0
2d29f15a-03d4-46db-8802-eecdfd8201ba,Small Merchant,90964.9,0.3162,23,230317.34,0.7111,0.6998,10.15,,,3.35,0.2238,,,False,,19,4,0
3dcef826-6bb2-4cd7-b5f9-f2a3ddca19b3,First-time Borrower,86614.46,0.1488,21,,,0.8732,0.66,3.59,0.948,9.05,0.0581,,,True,748.0,34,4,0
d26118e2-63f1-4044-9fe3-d2789a8bdf56,Gig Worker,44637.9,0.2264,24,,,,,2.31,0.7755,8.62,0.1897,22.14,0.1455,False,,25,4,0
c7a6b82a-297c-4a82-974e-2c94cccfc144,First-time Borrower,64227.54,0.157,22,,,0.8473,6.52,,,4.81,0.1402,,,True,658.0,24,3,0
724a88bf-3164-464d-8955-99ddfe9f9fbc,First-time Borrower,78812.61,0.1382,24,,,0.7552,2.11,,,,,,,False,,29,2,0
dadb0e61-c08e-41bc-b366-b9489e06d598,Informal/Rural Worker,32463.19,0.2965,20,,,0.8414,5.1,3.91,0.834,,,,,True,815.0,22,3,0
7ae181af-00c6-4933-b0f7-f63f3b710020,Informal/Rural Worker,14652.76,0.4321,7,,,0.6081,12.88,1.73,0.5732,,,,,False,,7,3,1
1d9e263e-c934-40b2-af7e-af2e7974c5e2,Small Merchant,160701.34,0.3392,26,359295.74,0.7534,0.7267,4.96,,,9.01,0.1208,,,False,,22,4,0
f0de135e-dca5-474c-b8b9-7270f0527aa2,First-time Borrower,67777.5,0.1624,22,,,0.742,4.76,,,,,22.09,0.1435,True,755.0,25,3,0
af6b90b9-fb95-45ac-a11d-951b3f3982df,Informal/Rural Worker,25689.22,0.4037,16,,,,,3.17,0.7919,,,,,False,,22,2,0
b8290b6d-127a-49dc-9f1a-68a828b56912,Informal/Rural Worker,21779.22,0.4613,15,,,0.6034,11.01,2.95,0.6866,,,,,False,,13,3,0
62f1818b-2bf4-43d4-8704-b8c951b3bdb9,Informal/Rural Worker,31515.6,0.3257,12,,,0.6861,5.42,2.31,0.7783,,,,,False,,28,3,0
12df6ee4-a9da-4890-a248-7636a4b3b700,Informal/Rural Worker,18866.1,0.5439,16,,,0.6617,6.4,2.19,0.6819,,,,,False,,22,3,0
98fe9ce8-6b13-42a5-bf5e-a7e2b77826cb,Informal/Rural Worker,24607.06,0.3649,14,,,0.8433,6.24,3.11,0.6845,,,,,False,,25,3,0
a9cd245d-b3f4-4b2a-84c4-35d06b2103db,First-time Borrower,61885.15,0.2381,22,,,0.6342,8.93,,,4.82,0.1456,,,True,605.0,20,3,1
390ce683-30b6-423f-9c0b-93cfb23aeed6,Gig Worker,27560.06,0.3582,23,,,,,2.28,0.7345,,,22.74,0.159,False,,17,3,0
cc137ebf-bb55-4286-bf07-60f66e5b18f2,Small Merchant,118400.76,0.3411,25,,,0.7057,9.77,,,5.69,0.1378,,,False,,13,3,0
653d9a38-1121-4250-bfcc-6ebcb8de7827,Gig Worker,34690.85,0.4387,24,,,0.6768,11.55,2.61,0.7453,,,16.66,0.0842,False,,22,4,0
03ab8e03-eb92-4d83-8170-f7eb5ce3d7e0,Small Merchant,179788.06,0.3159,25,298810.16,0.6339,0.7016,6.57,,,7.27,0.1308,,,False,,27,4,0
5cbfeb32-2ecd-4b39-8f3f-995fa06d1fed,First-time Borrower,62683.36,0.2564,19,,,0.7836,8.51,,,5.22,0.1923,,,True,618.0,18,3,0
6324d4d7-47a5-49e8-b776-477ac9f70414,Informal/Rural Worker,8887.11,0.5605,10,,,0.5076,12.62,,,,,,,False,,15,2,1
6b7ceda9-e207-41e6-8c6e-875c58c3753d,Gig Worker,51030.43,0.3283,19,,,,,2.57,0.7972,,,19.54,0.0556,False,,24,3,0
102d2f8e-68ab-493d-afcb-6fd84a29d166,Small Merchant,173438.62,0.2435,25,369874.53,0.826,0.8369,2.32,,,7.33,0.1218,24.04,0.2575,False,,24,5,1
8ca57ce4-ec04-4d9a-84d9-cf74c7975874,Small Merchant,131660.2,0.2858,26,278773.96,0.7106,0.7297,5.1,,,5.8,0.1349,,,False,,19,4,0
00a25bb8-68ca-403e-b8bc-9b77fcca35dd,Gig Worker,25208.77,0.4331,22,,,,,1.97,0.5932,,,17.96,0.1125,False,,21,3,0
e7c08cf0-4be6-4e0b-8858-41ba1a9061d7,First-time Borrower,70590.59,0.1,22,,,0.7893,6.09,,,,,,,False,,29,2,0
2471686e-6218-423b-bd77-847f6698b0e6,First-time Borrower,68159.98,0.1516,25,,,0.7965,6.43,,,,,,,True,702.0,26,2,0
fc9fe12e-c810-4251-9a9c-e5f0f7a25ca9,First-time Borrower,30744.34,0.2945,14,,,0.5107,16.62,,,1.78,0.2141,,,True,400.0,12,3,1
f34e4b41-dd0b-4dad-bb1f-6d2eb0d456b8,Informal/Rural Worker,13401.92,0.4337,15,,,0.5867,10.91,1.69,0.4406,,,,,False,,15,3,1
e6f0bd73-fcc0-45e2-b1bb-e5b91855e81e,First-time Borrower,43177.08,0.1779,17,,,0.7103,13.71,,,6.22,0.1824,,,False,,18,3,0
1cd6c5ae-0fce-43a8-9edb-2b412c864084,Small Merchant,50365.19,0.4154,23,163333.77,0.4257,0.5313,12.12,,,2.87,0.2384,15.0,-0.1929,False,,9,5,1
3cc9d343-9239-4cbd-97b0-523c373d8968,Informal/Rural Worker,22588.03,0.3667,17,,,0.7757,7.82,2.93,0.6669,,,,,False,,18,3,0
81246d9a-07fa-440c-90a0-04f51f29b10a,Small Merchant,173684.27,0.2512,28,365687.56,0.8871,0.8639,1.71,,,8.92,0.0751,,,True,792.0,29,4,0
7c7db0e3-07de-4ca6-9f5f-27814a14227d,Informal/Rural Worker,21220.33,0.456,15,,,0.6867,8.64,2.22,0.7259,,,,,False,,23,3,0
d6d4b960-15bd-49b8-8cbc-4e659835be86,Small Merchant,79026.6,0.4351,21,135333.44,0.5811,0.4293,16.21,1.77,0.5084,1.9,0.1991,,,False,,8,5,1
b22364ce-ca2c-43a6-a06e-8da6339ea891,Informal/Rural Worker,19802.04,0.4868,12,,,0.6276,8.21,1.99,0.6044,,,,,False,,20,3,0
5a4f900a-74eb-4411-8879-5d1308008545,Small Merchant,174279.62,0.2977,24,306507.5,0.6801,0.7414,5.74,2.86,0.7225,7.04,0.1278,,,False,,28,5,0
19113a7b-e19d-4d3d-af47-46882e8a22e0,First-time Borrower,50491.02,0.2677,20,,,0.6227,12.71,,,,,17.35,0.0561,True,609.0,16,3,1
356aeaf5-030d-46a8-b058-1d2423d09ebe,Informal/Rural Worker,29468.73,0.3022,20,,,0.7825,6.75,2.76,0.8366,,,,,False,,27,3,0
cc85c4ce-3d8e-4cc8-8529-3fe5ef9d2401,Small Merchant,121911.29,0.3169,25,,,0.6936,9.4,,,5.57,0.171,,,False,,18,3,0
de20ac60-42fc-4b97-8ac4-6b2906a6cb65,Small Merchant,150839.76,0.267,23,207280.32,0.6928,0.7692,6.77,,,6.31,0.1598,,,False,,22,4,1
0b610e3f-5551-4137-a02e-aca97c1a7caa,Informal/Rural Worker,27664.3,0.4281,18,,,0.8921,1.98,3.12,0.7887,,,,,False,,32,3,0
32c5dd11-6f06-41ae-8b99-b6e2bae6530a,Gig Worker,42992.07,0.3818,27,,,,,2.98,0.8195,,,23.57,0.1214,False,,27,3,0
1149b1c1-3305-49b3-a70d-61cbbab1a4f6,Gig Worker,38220.21,0.3535,23,,,,,3.03,0.6827,,,21.37,0.065,False,,21,3,0
fcd485bd-4602-455b-937a-f2207a439ce7,Informal/Rural Worker,26229.78,0.339,15,,,,,3.24,0.9093,,,,,False,,27,2,0
95be1bbb-16f5-4a72-9483-6499caaf5888,Gig Worker,31162.84,0.477,23,,,0.7269,12.31,1.9,0.6735,,,18.29,0.0373,True,551.0,16,4,0
19150c0d-ebf1-4f40-8f00-de4898a5b19e,First-time Borrower,63286.44,0.2055,20,,,0.7243,8.77,,,,,,,True,645.0,20,2,0
034d506c-6ed4-4f6c-a103-fc8a1932dfe3,Gig Worker,35684.42,0.5521,20,,,0.6273,9.45,1.8,0.7255,5.77,0.1659,17.23,-0.0263,False,,21,5,1
070f372e-09cc-481d-b646-f886a99432db,Gig Worker,35611.05,0.3772,23,,,0.69,7.38,2.47,0.6365,,,20.38,-0.0074,False,,22,4,0
ce4025f5-ff28-4755-869f-c85ae0d40ad5,Small Merchant,175126.32,0.3075,27,335825.99,0.7584,0.8574,5.46,,,7.63,0.1184,,,False,,29,4,0
252ac726-50e0-465c-aaf3-fd770716bd4b,First-time Borrower,58819.03,0.1954,19,,,0.7042,10.58,,,7.37,0.1915,,,True,699.0,17,3,0
8d485973-b410-4afd-ad2b-cdeadb330962,Informal/Rural Worker,21460.05,0.4364,16,,,0.7278,4.44,3.19,0.7485,,,,,False,,15,3,0
bffd5c76-f52b-42ec-a9a6-4a3eee83fe91,First-time Borrower,43952.23,0.1577,19,,,0.6933,11.0,,,4.12,0.206,,,True,517.0,21,3,1
9ea77739-d627-49a2-935c-d808763aa236,Informal/Rural Worker,26449.86,0.3116,17,,,0.8232,2.2,2.85,0.7813,,,,,False,,25,3,0
62c0cbbd-a434-4fb1-8396-8f445b2d1734,First-time Borrower,56065.93,0.1806,22,,,0.8058,6.79,,,,,,,True,722.0,20,2,1
fc02b7c9-6e8c-49fa-87fa-e18c0922adb8,Small Merchant,118863.24,0.3565,22,205060.88,0.5424,0.5818,15.25,,,4.44,0.2158,13.31,0.0065,False,,7,5,1
a0772eb6-ce6d-4be6-93aa-0334b8a87f91,Small Merchant,162077.22,0.2113,26,358333.33,0.9144,0.8009,5.61,,,7.15,0.1097,,,False,,28,4,0
c506ae27-e1dc-4a55-9109-0c6be454c1ee,Gig Worker,36241.43,0.5411,21,,,,,1.88,0.5435,4.26,0.2207,17.57,0.0042,False,,12,4,1
2721565b-8cef-4906-b6cd-92819aa8d46c,Informal/Rural Worker,9701.51,0.4895,9,,,0.6303,12.47,1.46,0.5479,,,,,False,,13,3,1
cb6790bf-7a9f-4600-b857-aae8fae883bd,Informal/Rural Worker,24777.22,0.3219,18,,,,,2.5,0.8189,,,,,False,,24,2,0
efb52498-186f-41dc-ae0c-d239a12e6b66,Small Merchant,99024.65,0.3178,22,217006.38,0.7451,0.7074,10.05,,,5.71,0.1758,,,False,,17,4,0
622ca04b-4a82-4246-94db-d8e7d12063e7,Small Merchant,134392.67,0.3755,27,268458.26,0.8026,0.7021,12.65,,,5.39,0.1623,,,False,,21,4,0
ffc8aa35-a38c-403f-b216-4d18f4bb7227,Small Merchant,82572.89,0.4072,21,186776.12,0.5421,0.6229,12.93,,,2.92,0.2299,,,True,506.0,14,4,0
c330d1eb-863f-4d31-9080-d306cc12e6df,Informal/Rural Worker,15918.49,0.621,14,,,0.6463,13.0,1.78,0.5857,,,,,False,,11,3,0
b061b8bf-0e4c-4eb6-9f6e-4625e476da04,Gig Worker,32729.77,0.416,23,,,,,1.92,0.6197,5.21,0.2208,17.8,0.1107,False,,18,4,1
be5597aa-cfdd-4e8e-ad5c-ba2f6af32574,Small Merchant,73456.17,0.4095,24,189100.65,0.6921,0.6369,13.14,,,4.51,0.1552,,,False,,11,4,0
2794abe5-a2df-4ce7-8112-c40ccac8ad08,Informal/Rural Worker,18326.7,0.5126,14,,,0.6496,8.62,,,,,,,True,653.0,20,2,0
bd65f34d-f3bc-49bf-a409-75c8d7220186,First-time Borrower,60836.38,0.2293,24,,,,,,,6.19,0.0821,,,True,683.0,24,2,0
4daa3b91-f66b-4678-b7f3-ff6b45b41320,First-time Borrower,75967.07,0.1677,19,,,0.8468,4.19,2.72,0.8297,7.11,0.1507,,,True,762.0,23,4,0
9b647f6f-3f6a-4ffc-92e2-9780e96f4098,First-time Borrower,39724.47,0.2102,19,,,0.6457,10.84,,,5.73,0.2115,,,True,609.0,14,3,0
7a13b0fe-4d9c-4d07-8851-74ac72ec1241,Informal/Rural Worker,19442.25,0.416,13,,,0.7389,10.23,2.59,0.6496,,,,,False,,20,3,0
31faaf7c-f102-4002-84c0-64524961ea8a,Small Merchant,177758.17,0.359,27,330032.7,0.8625,0.7917,6.81,2.72,0.7624,,,23.87,0.1397,False,,23,5,0
fb41f980-cfce-4c64-ab8e-30ec17e8a437,Small Merchant,132829.45,0.3504,24,205658.94,0.7605,0.7798,6.27,,,,,,,False,,20,3,1
da8e0e38-3309-4492-9954-71589b73f047,Informal/Rural Worker,17136.63,0.5972,11,,,0.6219,6.84,2.32,0.6305,,,,,True,610.0,19,3,1
9992a310-6e69-4985-a544-15a19caf9b91,First-time Borrower,34725.83,0.3256,15,,,0.6485,11.47,,,2.67,0.2499,15.14,-0.0705,True,471.0,17,4,1
533a5bc4-8558-4ba9-b475-cca122017350,Gig Worker,32355.57,0.3183,21,,,,,2.1,0.6522,,,15.67,0.1213,False,,13,3,0
b876d4cf-5a84-42e3-b9c6-4fc567e9da1a,First-time Borrower,65797.35,0.1452,24,,,0.7655,8.06,,,6.2,0.1718,,,True,717.0,16,3,0
8586f3f8-e4fa-4b8d-af1c-d373f0cb123a,Small Merchant,116992.36,0.3715,24,255900.0,0.5718,0.6487,12.93,,,5.93,0.2521,,,False,,21,4,0
eea18515-02a9-4cd6-b8c0-0f89504530ea,Gig Worker,35249.86,0.4722,22,,,0.5466,8.21,1.64,0.6597,,,18.92,-0.0439,True,603.0,17,4,0
1a0c61c5-0a8f-43cf-860a-2e686f87dc5f,First-time Borrower,71388.65,0.1486,21,,,0.6457,3.62,,,,,,,True,653.0,22,2,0
09e50073-95bf-4601-887b-c3bca3fedee5,Small Merchant,154631.26,0.3181,23,321132.75,0.9111,0.7205,4.06,,,7.15,0.1082,,,False,,22,4,0
b3a64f04-1d1f-41e4-b296-43a80df4b48d,Small Merchant,146534.93,0.287,23,334256.89,0.853,0.7832,1.61,,,7.45,0.139,,,False,,21,4,0
02b50bb5-cdb9-4b05-bed2-7df8c20acade,Small Merchant,122335.12,0.3659,24,198015.36,0.6526,,,,,5.66,0.1473,,,False,,20,3,0
0ce6ddba-97a9-4154-92d4-8121fa91b64d,Informal/Rural Worker,27347.45,0.4085,18,,,0.9471,6.67,2.7,0.8087,,,,,False,,25,3,0
34c9907f-fa8a-40fc-a60a-ec67291ab9ba,Informal/Rural Worker,16112.8,0.4882,12,,,0.5521,10.5,2.0,0.6803,,,,,False,,12,3,0
c172a366-9587-4010-8cb1-fbc89edd8656,Small Merchant,95617.06,0.2784,26,183416.02,0.6884,0.6942,9.08,1.61,0.5959,5.15,0.2372,,,False,,15,5,1
303bc394-74f6-4b55-ba96-1abb2f5ec5d0,Gig Worker,37626.34,0.3074,22,,,,,2.46,0.8494,,,26.24,0.0487,False,,16,3,0
fc8aecbe-138c-4fe5-bee1-36b054904187,First-time Borrower,58358.77,0.2366,21,,,0.7063,8.11,,,,,,,False,,22,2,0
d63dfdc1-1314-4dae-bc95-f337bd87404b,Gig Worker,40194.48,0.3792,24,,,,,2.29,0.7162,,,21.43,0.1035,True,624.0,19,3,0
3d334519-1236-40c3-863e-4829edd2ff15,Gig Worker,36805.34,0.3818,21,,,,,2.27,0.8087,,,19.78,0.047,False,,22,3,0
89530acf-8a02-4e0c-a58f-c0f4ca0f9638,Gig Worker,34096.41,0.4171,21,,,,,2.21,0.6364,4.67,0.2172,18.52,-0.04,False,,15,4,0
2ff3d3ef-a696-4ca8-ae3e-49034a2fc6c7,Informal/Rural Worker,25914.12,0.4813,15,,,0.8677,6.7,2.86,0.9104,,,,,False,,24,3,0
8101bdfe-9876-43ec-a1a1-f3e259d9d93d,Informal/Rural Worker,18435.33,0.5183,15,,,0.6354,17.11,,,,,,,False,,16,2,1
4ccce732-b14b-4f4f-8ae1-b18e053805c7,First-time Borrower,58175.52,0.2034,19,,,0.6499,8.74,,,,,,,True,582.0,14,2,0
3c7c0ffc-2d87-4a7b-8e03-9378581789d9,Gig Worker,17422.3,0.5067,19,,,,,1.42,0.4986,,,13.22,-0.03,False,,5,3,1
62c414f4-3460-4d6d-9242-378bb9519042,Gig Worker,43633.22,0.4056,25,,,,,2.49,0.841,6.23,0.1298,21.57,0.1987,False,,17,4,0
4f302858-4599-4dc2-8a72-1829ab637f49,Small Merchant,42174.55,0.4515,20,121265.98,0.5422,,,1.14,0.511,0.89,0.2713,,,True,403.0,11,4,1
25b5a41a-c57b-4040-935a-e9b4b068a1db,Small Merchant,135461.96,0.3291,25,276399.5,0.6807,0.7443,6.26,,,5.06,0.1818,,,False,,23,4,0
3223dc53-8839-43e5-9c28-616872d30c44,Small Merchant,109524.55,0.3226,24,202372.23,0.7029,0.4594,10.23,,,5.51,0.2363,,,True,550.0,12,4,0
0ee7ecef-6f94-4283-8227-29338ff8b738,First-time Borrower,76523.75,0.0743,19,,,0.8262,2.03,3.17,0.7826,,,,,True,790.0,27,3,0
faf28e5f-29ec-4d1b-8a42-d9e8b7d25b9e,Small Merchant,94844.88,0.4244,25,194284.71,0.7632,0.6002,10.17,,,4.24,0.1866,,,False,,17,4,1
95d6caf0-5ec9-483d-bf1e-81cd21ca0ead,Small Merchant,121832.47,0.362,25,209320.29,0.6651,0.6885,7.95,,,4.03,0.1275,,,False,,22,4,0
87ce1562-bdfe-4359-b20a-1e20374e99cc,Gig Worker,37966.04,0.312,23,,,,,2.36,0.6524,,,22.11,0.0758,False,,23,3,0
58c016ca-6580-4d8f-b332-cbd6c2a3c19e,Informal/Rural Worker,24489.52,0.3979,15,,,0.7058,10.53,1.74,0.7588,,,,,False,,22,3,0
2c0800b7-5927-47ff-8a47-5f56d20956a7,Informal/Rural Worker,15845.5,0.5254,14,,,0.4495,10.68,1.47,0.5565,,,,,False,,10,3,0
2f6405a7-85a9-41e8-b117-c8b3da5c3444,Small Merchant,127765.59,0.3663,27,242181.67,0.6964,0.7231,9.38,,,4.74,0.0982,,,False,,20,4,0
eca42ee3-b412-46d0-8498-9f230a1ecabc,Gig Worker,27568.8,0.4571,19,,,,,1.48,0.646,2.44,0.24,15.14,-0.0507,False,,14,4,0
50088a43-9fed-4245-a2c9-5867f14a7750,Gig Worker,22777.9,0.5353,22,,,,,,,,,13.45,-0.1536,True,456.0,8,2,0
1850c8cf-73b6-4131-a79a-c9e4123d1d0e,Informal/Rural Worker,28560.62,0.3231,13,,,0.7575,4.23,3.47,0.8057,,,,,False,,25,3,0
68204647-bed6-4873-8f94-0f8124e289e2,First-time Borrower,65539.96,0.1781,23,,,0.7881,9.01,,,,,,,True,734.0,19,2,0
bc09939b-122c-4e87-8218-5c2ae989ef0a,Informal/Rural Worker,17396.99,0.4523,14,,,0.698,14.3,1.45,0.6335,,,,,False,,14,3,1
451ed9ca-d9d8-4393-ad00-8d78f728f480,Informal/Rural Worker,15605.67,0.5632,8,,,0.6233,12.58,1.5,0.5975,,,,,False,,15,3,0
b7b209e5-f83b-4975-815c-608cf145f583,First-time Borrower,51933.46,0.2254,18,,,,,1.73,0.7347,,,,,True,636.0,17,2,0
f39a43d5-9fa6-4f39-ba1e-910ce87e45f5,Informal/Rural Worker,15963.42,0.382,13,,,0.6964,9.93,2.53,0.6493,,,,,False,,18,3,0
a0245970-5af6-4e93-adc7-4c6b4260644b,Small Merchant,177683.35,0.2481,25,384841.76,0.8968,0.7299,6.55,2.61,0.7908,9.46,0.1745,,,False,,30,5,0
57e5a531-5c2c-4bad-a57a-c78f4ca601a0,First-time Borrower,48976.16,0.2598,20,,,0.6898,10.15,1.84,0.6604,,,,,True,637.0,15,3,1
a8ef20c0-a2af-404c-a5fb-497e3c2da799,Small Merchant,80864.26,0.4444,24,,,0.4873,13.05,,,4.31,0.1895,,,False,,18,3,0
3903fbd4-dae2-4518-9bb6-004b7dd07832,Small Merchant,71340.11,0.3749,18,125287.06,0.6564,0.6244,16.33,,,1.48,0.2706,,,False,,5,4,1
1fd4604c-0d4f-42ef-9c4f-b52abe230dc0,First-time Borrower,57925.99,0.2099,15,,,0.6647,9.1,,,4.22,0.152,,,True,617.0,21,3,0
901dbdc8-2da0-43be-9012-e3259c6f3e15,Gig Worker,38000.65,0.3346,24,,,,,2.29,0.7244,,,20.37,0.1212,False,,20,3,0
e8205726-6eb9-49d6-9e95-cc01556a87b8,Small Merchant,78890.01,0.3807,23,208575.56,0.6323,0.4965,13.31,,,3.84,0.2172,,,False,,19,4,1
928b6563-8547-4ff2-9bea-d86f5f52e375,First-time Borrower,38712.31,0.2412,16,,,0.6789,15.22,,,,,,,False,,13,2,0
e34b7c73-59e1-4fce-8bb5-23c480e655f5,Small Merchant,158686.9,0.2917,26,290543.2,0.81,0.8437,1.03,,,7.7,0.0728,,,False,,27,4,0
7d8b296a-ad86-49d7-8145-1701a02a879e,Gig Worker,25039.09,0.4426,19,,,0.6234,10.71,1.61,0.5901,4.12,0.232,16.72,-0.0253,False,,12,5,0
87b2049c-764e-410d-b1af-d52bc1f07df9,Gig Worker,52197.96,0.2166,26,,,0.9742,0.0,3.63,0.891,,,26.48,0.1689,True,744.0,30,4,0
48ba6806-978a-4581-8bf8-01c7cd5e9ffb,Gig Worker,34181.93,0.3809,26,,,,,3.05,0.6098,,,22.84,0.0591,True,632.0,24,3,0
a204ef3e-390d-479f-a2ad-5ac152b482e7,Gig Worker,42126.26,0.2796,26,,,,,3.0,0.7078,,,21.79,0.1995,False,,26,3,0
4b0d48a4-869e-443b-bdab-20e2d703b9f1,First-time Borrower,40444.56,0.1911,20,,,,,,,,,,,True,572.0,16,1,0
2d4cb05b-0714-4f7e-8476-6ba6ad1cd4d4,Gig Worker,23526.43,0.4359,18,,,,,0.97,0.4525,2.97,0.2402,12.98,-0.0363,False,,13,4,0
7a207791-b984-46bf-b7d7-64c8dfcc2835,Informal/Rural Worker,25780.2,0.2946,17,,,0.8538,0.3,2.77,0.848,,,,,False,,28,3,0
04524f54-3250-48d8-8325-789980d23433,Gig Worker,24393.84,0.378,19,,,,,2.55,0.6268,4.15,0.1924,15.69,0.0927,False,,14,4,0
4baf768a-e9d8-4036-b652-280b63f8ab75,Small Merchant,74397.65,0.3293,22,,,0.5324,14.59,1.69,0.5005,3.82,0.1733,,,False,,10,4,0
dc90b408-569b-47f4-9138-2be7362dc137,Informal/Rural Worker,18186.81,0.3395,14,,,0.7421,7.45,2.33,0.6928,,,,,False,,23,3,0
4bfd08a4-ed63-4462-8bf8-f59c9640b285,Small Merchant,133026.67,0.2896,23,,,0.6719,6.46,,,6.59,0.1273,,,False,,23,3,0
a5dd3bbe-87dd-42c1-a205-0204516b8ed8,Gig Worker,23689.46,0.5584,19,,,0.5726,19.62,1.09,0.5379,,,11.25,-0.1886,False,,7,4,0
155e693b-a873-4fa2-be9a-6ea6dd803ca2,Informal/Rural Worker,30967.87,0.3859,17,,,0.8543,3.14,2.72,0.9189,,,,,False,,21,3,0
2b3be8b7-b718-4121-a294-2ea127a41760,Gig Worker,33988.81,0.4001,23,,,,,,,,,20.09,0.0728,False,,22,2,0
c2483869-f7cc-4625-8c1d-c0966b1cd052,First-time Borrower,54532.68,0.2267,20,,,0.714,9.04,,,,,,,True,668.0,18,2,0
7a112cb3-47bb-4379-ad85-0968fd117682,Gig Worker,33434.13,0.4674,23,,,,,1.24,0.5645,5.67,0.155,18.51,-0.0397,False,,15,4,0
defa6190-3584-47ad-b15d-3814b2c51ccd,Gig Worker,34003.28,0.4311,24,,,,,1.93,0.7103,,,16.07,0.0042,False,,18,3,0
c0df672b-ff84-473b-a16b-c7c54f15f800,Gig Worker,26403.94,0.3423,18,,,,,1.83,0.618,,,16.31,-0.0233,True,550.0,13,3,0
81fd4761-a8d6-4ba9-9268-2dc7d706a8e4,First-time Borrower,46779.33,0.2294,20,,,0.6343,12.44,,,,,,,False,,15,2,0
c6f49dac-b423-4e3b-a9dd-d35c1ba6f205,Small Merchant,89534.69,0.3538,24,256358.46,0.7543,0.6218,10.29,,,7.67,0.1733,20.26,0.1698,False,,17,5,0
558d56c5-9433-4401-9903-5920359405f9,Informal/Rural Worker,19813.02,0.6195,11,,,,,1.79,0.5611,,,,,False,,10,2,1
3d591c29-ab8c-4148-b845-be680faa4123,Gig Worker,29230.94,0.3629,18,,,,,1.72,0.5606,,,,,False,,15,2,0
ea78e2a7-9707-4b4f-874c-3a4cb5c9cb92,Informal/Rural Worker,21477.57,0.5568,17,,,0.6705,12.44,2.01,0.699,,,,,False,,16,3,0
3dc3be52-a29d-4637-a38e-99dc0efa8294,Small Merchant,109736.97,0.364,22,232797.42,0.7365,0.6514,10.17,1.92,0.6093,3.73,0.1168,,,True,586.0,15,5,1
59f15ee6-9f48-405b-bb08-9ce9b7bb83e3,Gig Worker,52723.2,0.3403,20,,,0.8276,2.76,2.58,0.8636,,,22.27,0.1399,False,,25,4,0
8e6ca005-cc26-4720-9b92-64cc5099c24b,Small Merchant,137059.55,0.3879,23,232527.82,0.5928,0.6979,7.24,,,3.85,0.1444,,,True,645.0,20,4,0
b44a06c3-5fd3-426f-b2e6-1542a155f837,Gig Worker,29561.41,0.3671,20,,,0.6586,14.08,1.88,0.5383,,,16.41,0.0734,False,,10,4,0
5a7e043a-88ff-47a9-b057-ec08890e5630,First-time Borrower,82605.07,0.17,22,,,0.8537,0.38,,,,,,,True,740.0,26,2,0
dc1973d2-8dc4-4b51-9a03-879b7b83ac4c,Gig Worker,48892.97,0.3695,22,,,0.7609,2.01,3.32,0.8272,,,22.31,0.1768,False,,23,4,0
8f3c0e04-3e00-4e72-a899-aa39d0a67abc,Gig Worker,40427.31,0.3233,25,,,,,2.19,0.56,,,18.12,-0.0146,False,,15,3,0
b88aadd4-4709-40e1-8c99-249a0458ab14,Informal/Rural Worker,17418.42,0.4379,10,,,0.5615,6.61,1.82,0.5569,,,,,False,,14,3,0
9c9414db-40c2-48d8-a77d-8e259cde5d68,First-time Borrower,58887.39,0.1856,22,,,0.8166,10.08,,,,,,,True,691.0,29,2,0
633bddf3-58cd-4fce-a355-1a35189a9ca0,Gig Worker,29437.64,0.4213,17,,,,,2.15,0.6573,,,16.15,0.0475,False,,15,3,0
895cb34d-1083-42de-beda-13ed224a4ec8,Gig Worker,35242.0,0.3865,24,,,,,2.04,0.5999,,,19.29,-0.041,False,,23,3,0
e2ab1a50-8af2-4064-abc3-5e98b9d4aef2,Informal/Rural Worker,19815.64,0.5177,11,,,0.5642,12.62,1.85,0.602,,,,,False,,10,3,0
d1a61658-631c-408e-ba03-5cbdbf6d535f,Informal/Rural Worker,23817.07,0.3862,18,,,0.8068,5.62,3.06,0.8699,,,,,False,,20,3,0
e90bb74f-27fb-4564-9919-f8707bb2e217,Small Merchant,57173.38,0.4714,19,78459.15,0.6333,0.4277,13.44,,,4.54,0.222,,,True,495.0,8,4,1
97537215-9062-4cb2-95d9-c2eb3b2148ce,Small Merchant,51741.79,0.4956,23,100915.26,0.5143,0.6035,17.33,1.43,0.5102,2.99,0.3071,,,True,534.0,8,5,1
fb9af1e7-c9f1-43d6-b1e9-dfcd006eee0e,Small Merchant,101832.31,0.4176,24,219899.46,0.6859,0.5325,14.76,,,4.9,0.2096,,,False,,18,4,0
281d83df-e510-4572-9f35-4d9af41fc1e3,Gig Worker,39691.33,0.3804,21,,,,,2.63,0.6496,,,18.55,0.0458,False,,15,3,0
cfebe015-f48f-4640-b244-12123ba1736b,First-time Borrower,59452.42,0.1743,15,,,0.7025,12.73,,,5.23,0.205,,,True,587.0,20,3,0
f78e3cc9-ca7b-4a7d-9691-5f84b236f73b,Gig Worker,32123.64,0.3846,24,,,,,1.89,0.666,,,,,False,,13,2,0
ffc0e946-be14-448e-8968-9709eb989471,Gig Worker,30443.75,0.4251,18,,,0.5635,13.1,1.26,0.588,,,18.73,-0.0744,False,,16,4,1
e551eafb-33ed-4091-a00b-c118cb454a6b,Small Merchant,89285.07,0.3769,22,204192.38,0.7583,0.6929,13.67,,,5.36,0.1576,,,False,,10,4,0
1f76405d-c89b-4bb3-ac9c-21ae98ec97fa,Gig Worker,30493.6,0.3838,22,,,,,2.19,0.7383,,,17.87,0.0148,False,,24,3,0
5654839f-4aec-4a3c-ae51-5a203ae26028,First-time Borrower,34237.15,0.2725,17,,,0.6329,14.98,,,3.47,0.2144,,,True,539.0,13,3,0
f9f9d59e-1f83-4698-8f64-1e5668f7a0bc,Informal/Rural Worker,30297.9,0.4968,14,,,0.8719,6.34,2.99,0.7615,,,,,False,,19,3,0
b6c8ac2b-a96b-47b6-9f5f-f89d8d5fe72c,First-time Borrower,71593.98,0.1133,24,,,0.7267,8.31,,,,,,,True,709.0,23,2,0
17c483e6-27de-47de-b4d4-63c0f61429aa,Small Merchant,122121.58,0.3249,27,303696.15,0.7023,0.6571,4.33,,,6.22,0.203,,,True,623.0,13,4,0
829d9729-706e-4ff7-9afc-922ced0682ce,Informal/Rural Worker,25478.8,0.5175,13,,,0.6202,8.7,2.27,0.7765,,,,,False,,17,3,0
78222678-29f3-49ab-83c9-6805758e1251,First-time Borrower,34094.42,0.2627,14,,,0.4545,16.0,,,3.28,0.2928,,,True,477.0,7,3,1
a88a4f05-3665-44ba-a461-7d401fb19150,Gig Worker,21844.1,0.5075,23,,,,,1.18,0.5624,3.25,0.213,15.52,-0.0446,False,,12,4,0
d1c0501b-40cc-4f21-acb6-f58b1d2bad57,First-time Borrower,50708.11,0.2373,18,,,0.6416,7.76,,,,,18.4,-0.0595,True,600.0,17,3,0
5cdd1e0b-9f10-47d6-a3fa-573e979bf40a,Gig Worker,33661.36,0.3343,22,,,,,2.12,0.6787,,,16.74,-0.1687,False,,20,3,0
306ce60e-6ba5-4f67-ba63-cc877db5d520,First-time Borrower,75866.24,0.1825,27,,,0.9036,0.69,3.09,0.8608,10.12,0.1542,,,True,794.0,25,4,0
4412455a-093a-4158-b866-4115880f71a6,Gig Worker,47151.82,0.2176,26,,,,,3.09,0.878,,,24.4,0.2192,False,,23,3,0
5ebcb75a-84b7-4db3-ac83-2a00b6fda708,Small Merchant,90831.61,0.4214,23,109575.04,0.499,0.5635,13.91,,,,,,,False,,11,3,0
8df050d3-3eb9-4853-bf3f-1d5ddc030c6b,First-time Borrower,56745.89,0.2646,20,,,0.5685,7.88,,,,,,,False,,19,2,0
513378aa-3ff2-4ab6-9985-71b501eb7adf,Gig Worker,26724.8,0.3296,21,,,,,1.93,0.4145,,,18.62,-0.026,False,,11,3,0
4dfa0e8e-b190-4540-bc68-be960213a44a,Small Merchant,68352.75,0.4712,20,86957.06,0.5047,0.4762,15.89,1.51,0.5125,,,,,False,,8,4,1
0a06ba6d-ce3e-4407-b97d-4e68773f7999,Informal/Rural Worker,21423.72,0.3413,18,,,,,2.71,0.7313,,,,,False,,24,2,1
50cb524e-febd-4b1b-b99f-3c12694b531e,First-time Borrower,51705.19,0.231,23,,,0.6301,6.98,,,,,,,True,583.0,18,2,0
12917659-0573-4afe-be6d-6776152fb9e8,First-time Borrower,82737.69,0.1358,25,,,0.8093,3.54,2.95,0.8343,7.24,0.118,,,True,658.0,23,4,0
5f563c22-c9fe-46f8-9a89-75e8ce935b16,Informal/Rural Worker,30456.56,0.3423,19,,,0.9893,0.0,3.47,0.8786,,,,,False,,27,3,0
74212502-5bcc-4fa4-a4eb-493920041aa4,Informal/Rural Worker,23870.0,0.4411,13,,,,,3.11,0.7747,,,,,False,,20,2,1
d5fa07ae-e00d-4510-87eb-ced2fc1fcedd,Gig Worker,34556.94,0.3351,21,,,0.6155,8.89,2.2,0.616,6.06,0.1673,22.3,0.0623,False,,21,5,0
5a5d4779-6f9d-49ee-ad17-af96195a06bb,Informal/Rural Worker,18136.24,0.5157,9,,,0.5421,12.66,1.41,0.4682,,,,,False,,7,3,0
f973e345-0dbc-43a1-9850-4ff414b3a2c6,Small Merchant,211121.08,0.2066,28,383366.89,0.8301,0.9248,4.77,,,9.2,0.1305,,,False,,24,4,0
c8f2e7a4-db82-4967-a9c2-a72178e8a857,Small Merchant,109513.35,0.4188,20,181556.42,0.616,0.6,14.57,2.21,0.5707,3.61,0.213,17.62,-0.102,False,,16,6,0
f09186bc-10d6-4586-acad-b52081aa333c,Informal/Rural Worker,8146.74,0.5996,9,,,0.5395,14.12,1.74,0.5176,,,,,False,,13,3,1
428d4267-9aee-4c0b-8362-c07ddb03e5e9,Small Merchant,181247.88,0.3153,27,371044.62,0.8836,0.8814,3.68,,,6.62,0.1248,,,False,,29,4,1
b008f0b8-a072-4fef-a052-0fffed6bdc0d,Gig Worker,48001.7,0.3364,25,,,,,3.41,0.8607,,,28.12,0.0714,False,,27,3,0
b7d2195f-c1ad-4d33-9914-fdac7705f608,First-time Borrower,66022.05,0.2353,22,,,0.7546,14.11,2.64,0.69,7.13,0.1249,,,True,596.0,22,4,0
dc1222ac-fe6b-4862-b406-272f48216435,Gig Worker,36609.29,0.4239,23,,,,,2.62,0.6165,,,22.79,0.191,False,,21,3,0
cab991a4-735b-4379-888e-21e1928e71fa,Informal/Rural Worker,25440.1,0.4844,15,,,0.7924,6.45,2.68,0.7547,,,,,False,,22,3,0
859b448e-224e-43b0-9da3-d27a2fbc5a64,Small Merchant,93286.63,0.3985,25,201774.2,0.7327,0.5941,9.45,,,7.27,0.1899,19.48,0.0036,False,,11,5,0
90d0c5a5-e440-4003-949e-8dce1e6e3eaf,Gig Worker,38846.46,0.4142,24,,,,,2.21,0.6056,,,16.22,-0.0348,False,,22,3,0
6fb7ab39-3ca9-4500-8e26-c1290c949cb3,First-time Borrower,33989.46,0.3148,15,,,,,,,,,,,True,549.0,9,1,0
d960b7a6-d9df-40aa-b679-da08c16d3104,Gig Worker,42919.5,0.3446,25,,,,,3.31,0.8357,,,25.44,0.224,False,,28,3,0
280d45d3-3720-4574-b5b5-544d96c14f14,Informal/Rural Worker,24057.19,0.4827,19,,,0.6844,6.76,2.62,0.7433,,,,,False,,28,3,0
c62b691c-89e3-45bd-be9d-c1c3f73b1a48,First-time Borrower,34492.33,0.2574,16,,,0.6142,13.16,,,5.07,0.156,,,True,498.0,15,3,0
fb740f39-0312-4a4c-b3e3-c366dc1d31d9,Informal/Rural Worker,30045.44,0.484,16,,,0.7459,5.45,2.88,0.8033,,,,,False,,24,3,0
4139f369-352a-40c5-b7b5-fad1b523d298,Gig Worker,47016.85,0.2286,25,,,,,3.38,0.7707,,,25.19,0.0483,False,,26,3,0
5744b143-b799-45fc-a255-19a20dcaa8b1,Small Merchant,104821.05,0.3938,21,,,0.6482,7.43,,,4.77,0.1182,23.64,0.0456,True,693.0,20,4,1
b910a7ff-8a93-4f9c-8540-6f99056a3ed4,First-time Borrower,70812.08,0.2127,22,,,0.6758,7.71,2.43,0.6734,,,,,True,698.0,21,3,0
e9dc1624-d969-48f6-9b00-8448bff339f8,Small Merchant,111107.95,0.2576,24,267104.27,0.8655,0.656,8.91,,,5.87,0.1084,21.06,-0.0255,False,,20,5,0
34b2fd88-31c7-4ae1-ab4e-82522d1547c2,Small Merchant,109302.7,0.4047,22,188295.43,0.7058,0.5782,12.82,,,3.1,0.2093,,,True,516.0,10,4,0
e5fe3c84-8b0b-4da5-80a2-108b09cc8bfc,Small Merchant,174853.75,0.3072,29,355788.62,0.8679,0.8032,7.3,,,5.51,0.1428,,,False,,26,4,0
9ccf4bbc-a551-4040-b181-799fead5b65d,Small Merchant,104320.01,0.3572,28,250128.89,0.6148,0.6626,11.08,2.18,0.5406,6.17,0.1356,17.56,0.0052,True,677.0,12,6,0
3765acb2-e8c6-427a-89f0-e23744bf4139,Gig Worker,51441.23,0.2602,30,,,,,3.18,0.9057,,,24.3,0.1663,False,,31,3,0
6597576c-9623-477b-92b5-3bd371fd63a3,First-time Borrower,68213.8,0.1888,20,,,0.7438,9.96,,,,,,,False,,17,2,0
099991c0-9558-4926-991c-9a2e56247809,Small Merchant,183329.01,0.1439,27,386329.4,0.8349,0.9688,5.58,,,11.14,0.0995,,,False,,29,4,0
e2116010-fd95-4525-9f05-36a72bddf974,Informal/Rural Worker,33377.51,0.264,18,,,0.8102,5.03,3.39,0.8226,,,,,False,,27,3,0
7410af71-4b07-40bd-add1-1469831cb001,Informal/Rural Worker,31931.9,0.3328,22,,,0.9129,0.0,3.1,0.9624,,,,,False,,30,3,0
44a16706-2384-412d-8428-b461cbdbfee1,Informal/Rural Worker,23903.96,0.4205,16,,,0.8186,4.95,3.11,0.787,,,,,False,,18,3,0
886bbf2d-acb5-4fbc-9650-cb086af5d41b,First-time Borrower,66968.64,0.115,22,,,0.7354,4.84,,,,,21.11,0.0545,True,655.0,18,3,0
de1f1e66-e5e0-4aa2-8023-27d365658ebd,Gig Worker,39306.72,0.3026,26,,,,,3.15,0.9861,,,28.48,0.1916,True,825.0,32,3,0
57e030e4-ff94-4b6e-ab92-f93c6447ab6b,Small Merchant,79411.8,0.5131,20,91395.14,0.4609,0.5339,18.87,,,3.07,0.2253,10.59,-0.1348,False,,8,5,1
a8a26446-cbd1-475a-b1c9-3b195a9080c4,Small Merchant,104294.94,0.4231,22,222251.12,0.6747,0.7833,8.07,,,6.01,0.2402,12.94,-0.0059,False,,15,5,0
43cbc7e8-be3a-4f18-bfda-b1102ec29ecd,Informal/Rural Worker,18358.9,0.5466,13,,,0.6911,12.18,2.44,0.6545,,,,,False,,16,3,0
d952f1ef-7aba-4104-addc-35a45dc72f6a,First-time Borrower,58650.21,0.2022,23,,,0.6667,9.29,2.61,0.8536,,,,,False,,23,3,0
83f557c9-0479-4084-bde8-5038f0b1554a,Small Merchant,65267.06,0.3048,24,194557.1,0.7301,0.6285,11.99,,,3.32,0.2047,,,False,,18,4,1
b927869b-3282-4342-af1d-da1b6dab4a88,Informal/Rural Worker,22308.21,0.3569,14,,,0.62,9.19,3.13,0.8919,,,,,False,,21,3,0
3f559ea8-70ea-43cc-8337-b19928410167,Gig Worker,23717.7,0.5853,19,,,0.4239,16.32,1.31,0.3852,,,14.1,-0.0614,False,,4,4,0
98afead2-0371-4375-a70c-19a58cdce3e6,Small Merchant,60714.65,0.4417,22,86309.86,0.5451,0.4518,14.85,,,2.07,0.2596,13.25,-0.1384,False,,12,5,0
5f0bb6f8-7338-4171-bc62-867dc0d4a4de,First-time Borrower,79000.89,0.1632,25,,,0.8794,4.51,,,,,,,True,741.0,22,2,0
ace9498d-fa93-4dc1-aa0e-6b13776be8d2,Informal/Rural Worker,18264.1,0.4273,16,,,0.7315,8.33,3.26,0.7526,,,,,False,,23,3,0
230fb61b-a6e2-4d63-8397-6a2c1803b4ed,First-time Borrower,42093.1,0.2455,15,,,0.551,12.07,1.91,0.5507,,,,,False,,14,3,0
30244f1e-192e-458b-a694-2623e50aca04,Informal/Rural Worker,25412.27,0.2327,20,,,0.7624,5.26,,,,,,,False,,29,2,0
303fae42-4464-4e13-8d5f-4847aee92029,Informal/Rural Worker,27717.71,0.3665,16,,,0.7891,4.02,3.15,0.8332,,,,,False,,23,3,0
5abd10b2-47d2-4b2b-8ce1-867c57571e00,Informal/Rural Worker,19542.53,0.5921,12,,,,,1.79,0.5273,,,,,False,,12,2,0
151353ed-1d5a-4671-b8ac-ca5705c71453,First-time Borrower,74487.49,0.2375,20,,,0.6704,9.28,,,,,,,False,,13,2,0
74d13b10-e9c8-4c42-a1b9-1cd8b8ace062,Small Merchant,57068.17,0.4097,20,130540.22,0.5122,0.6039,14.36,,,1.71,0.2665,,,True,501.0,12,4,1
4174b9d7-dd9c-462d-ab77-005df7aebfa1,Gig Worker,34837.88,0.2664,21,,,,,2.79,0.7099,,,21.8,0.0833,False,,20,3,0
6e2d0612-f5fb-415a-b20d-81e146719b7e,Small Merchant,113389.75,0.3198,24,239277.76,0.6799,0.6602,9.26,2.57,0.8387,,,,,True,654.0,24,4,0
305bfcee-4903-4e24-bf68-46ffc524dfe0,Small Merchant,155723.14,0.2973,26,298933.56,0.8904,0.742,5.63,,,8.46,0.1578,,,False,,25,4,0
3bcc1b64-704c-488f-9bae-8b20b5033d28,First-time Borrower,48481.45,0.2537,19,,,0.6493,10.06,2.17,0.5434,2.95,0.1432,,,True,568.0,17,4,0
d0c4b660-506b-4653-96bc-e795394283e7,Informal/Rural Worker,18904.31,0.5006,11,,,0.6912,10.23,1.96,0.6074,,,,,False,,15,3,0
e5bb130b-ba5f-41d6-9df1-324628b3c5a6,Informal/Rural Worker,15279.68,0.5447,13,,,0.5813,12.05,2.13,0.598,,,,,False,,18,3,0
565923f1-077c-4ebb-bcc0-4f0b0421cc97,Informal/Rural Worker,24678.66,0.4073,18,,,0.8056,5.43,2.83,0.7363,,,,,False,,25,3,0
ce8ca426-d1ff-4040-b4fb-bd944d032495,Gig Worker,38014.25,0.4184,19,,,,,2.17,0.73,,,15.71,-0.0084,True,597.0,10,3,0
be102ef5-3632-4248-b8a9-b8f01dbd8b6f,Small Merchant,96987.73,0.2865,22,149145.47,0.6258,0.6411,9.47,,,6.29,0.1924,,,False,,13,4,0
84d8ec41-cbaf-429f-8557-1f9d3052f6e5,First-time Borrower,45361.87,0.2609,16,,,0.4493,12.16,1.75,0.5129,4.24,0.1203,,,False,,13,4,0
6de80af7-6029-4aaa-a0ad-32a168837e49,First-time Borrower,77586.55,0.1816,27,,,0.927,5.05,2.94,0.9152,,,,,True,765.0,28,3,0
88a4b838-51c3-4f98-8694-92b1aaca295e,Gig Worker,32821.47,0.3897,21,,,,,2.42,0.6205,,,15.35,0.1074,False,,17,3,0
7859e082-dba9-4e93-bd47-687e073abd0b,Small Merchant,161457.16,0.4097,25,238734.66,0.7581,0.8174,8.71,,,4.47,0.1392,,,False,,17,4,0
133d067d-4058-4936-bc9b-ce1cf48ef277,Small Merchant,106350.92,0.4232,23,205855.67,0.68,0.5628,11.33,,,3.3,0.1714,,,False,,8,4,1
ad6f18ca-7936-46cc-9116-d2588ea36e91,Informal/Rural Worker,17980.64,0.5,12,,,0.6615,9.09,1.69,0.7659,,,,,False,,14,3,1
40ee4b2f-b93e-4547-bc17-dc70b0f2cb63,Gig Worker,33591.3,0.4352,20,,,,,,,3.57,0.2034,15.47,-0.0309,False,,10,3,0
8e989ea4-b8ef-40be-9b5a-ae8d22546207,First-time Borrower,68427.18,0.1612,23,,,0.7214,7.22,,,,,,,True,669.0,21,2,0
fc6cb0d1-0d76-4174-af4b-e3d7899e1646,Small Merchant,149160.2,0.3371,27,308685.8,0.8663,0.6356,6.23,,,8.86,0.1201,,,False,,23,4,0
2cdbde9e-f610-493e-8ead-3c8d5c3536d6,Informal/Rural Worker,16430.64,0.5782,14,,,0.6508,12.47,1.54,0.5755,,,,,False,,11,3,1
37441591-ddd0-48ff-a293-a26406d27620,Small Merchant,141852.75,0.2901,25,241204.4,0.6881,0.6838,11.11,2.2,0.7464,5.61,0.1547,,,False,,22,5,1
d2152278-4bf8-4ad5-ae9a-d68619e9819c,Informal/Rural Worker,14850.75,0.5675,8,,,0.556,11.13,1.23,0.5107,,,,,False,,5,3,1
32e405cd-a734-4f43-a70d-f1be41812ef4,First-time Borrower,62563.47,0.1821,25,,,0.7978,6.46,2.45,0.6931,,,,,True,655.0,25,3,0
169c1132-c0aa-432f-8be0-52faba77c8f8,Informal/Rural Worker,8864.5,0.5479,11,,,0.488,19.09,1.16,0.4295,,,,,False,,8,3,0
790121f7-8e85-4cdb-890a-7b471b8c938f,Gig Worker,43330.57,0.2748,24,,,0.8574,5.71,,,,,22.48,0.1453,False,,30,3,0
abceb4ff-f06b-4cb3-9c74-6d865ca9a99b,Gig Worker,33510.11,0.3424,24,,,,,2.31,0.6913,5.12,0.2121,19.96,-0.0335,False,,17,4,1
e1590b3a-2ff1-4259-8e8a-72b86bc4c0f6,Small Merchant,151290.41,0.2238,26,323119.13,0.9432,0.8706,2.12,2.65,0.8258,8.17,0.207,,,False,,21,5,0
9dd4460c-fe2f-416a-9ee4-08b08d1afd76,First-time Borrower,68468.94,0.1955,23,,,0.906,6.6,,,6.57,0.1372,19.75,0.1893,True,666.0,24,4,0
85c5c2d5-aa1e-4ca5-bb6f-bd59d5d0d0c3,Small Merchant,162476.8,0.2678,28,318874.4,0.7868,0.8236,3.7,2.43,0.7903,,,,,True,758.0,19,4,0
3201aa55-a7fa-4f69-bb85-bd45904ba7ff,Gig Worker,39086.52,0.3142,23,,,0.7245,5.83,2.88,0.7069,,,22.79,0.0173,False,,24,4,0
d1935168-0f73-4bf4-addc-cc92f8501820,Gig Worker,28770.08,0.4658,22,,,0.6479,11.4,1.91,0.6556,,,16.51,0.0117,False,,18,4,0
d74e16c3-6b8c-4e31-ac4b-f9e231dbfbf6,Informal/Rural Worker,31202.24,0.4463,20,,,0.8454,0.99,3.11,0.7801,,,,,False,,26,3,0
93606e8c-bbce-4d66-a7e2-9879d29184c6,Gig Worker,27918.65,0.4608,19,,,,,2.74,0.7217,,,18.81,-0.021,True,675.0,15,3,0
0a41eb5f-a529-4c0c-a5bb-6898822752bd,First-time Borrower,48365.34,0.248,22,,,0.6201,13.83,2.36,0.5019,,,,,True,524.0,17,3,0
d0051625-b896-4a5c-9769-8a776f60f49c,Gig Worker,32623.19,0.3459,21,,,,,2.14,0.6401,,,14.01,-0.1072,False,,16,3,0
3c004082-416c-42c1-8f54-19a12da8acb6,Small Merchant,129470.14,0.3322,24,307463.31,0.7819,0.7186,7.46,,,5.27,0.1807,,,False,,17,4,0
2d898a11-48c0-43eb-af83-ff6d80856f6c,First-time Borrower,39000.74,0.1992,19,,,0.4313,15.11,,,4.34,0.2168,,,True,569.0,11,3,0
194f03c3-c5d0-496a-9bed-b6c8bcac27d3,Informal/Rural Worker,17840.47,0.4686,13,,,0.6353,10.45,2.06,0.7279,,,,,False,,22,3,1
76a60f8b-977e-4d90-941d-34dfae9044bf,Informal/Rural Worker,17448.96,0.5731,14,,,0.7429,5.46,2.88,0.562,,,,,False,,14,3,0
576c38c1-c45f-46b3-a57a-1bccba5f0cc5,Gig Worker,50092.28,0.2937,28,,,,,3.81,0.7677,,,27.05,0.2965,False,,29,3,0
7f0000cb-f534-4967-a050-85bad25d0384,Small Merchant,194647.37,0.2128,29,446274.96,1.0,1.0,0.0,,,11.6,0.0903,,,False,,25,4,0
3e6232db-801d-457e-82ff-cc18247a9ad0,Informal/Rural Worker,11726.14,0.4819,11,,,0.6121,11.25,2.21,0.6128,,,,,False,,14,3,0
0441f680-3649-410a-98ee-4fd32cf6e60c,Gig Worker,38350.16,0.4353,20,,,,,1.7,0.631,6.29,0.1603,15.94,0.0471,False,,9,4,0
ca7dfb1b-f972-4cb5-a9e0-ba27e73df544,Gig Worker,55640.17,0.2826,28,,,,,2.82,0.9222,,,25.0,0.2809,False,,29,3,0
2ee4cf66-f716-45f9-ab10-66906baf96f8,Small Merchant,125620.98,0.2501,25,317187.13,0.7814,0.8194,6.13,,,7.96,0.1331,,,True,718.0,28,4,0
baee51b9-7dff-4d49-b061-928fcc78d355,Informal/Rural Worker,22878.62,0.4736,16,,,0.758,12.47,1.98,0.6187,,,,,False,,20,3,0
2e237537-93ad-4188-bbc5-0fd9f63818ca,Small Merchant,89549.03,0.3422,23,218444.34,0.7471,0.7337,12.45,2.25,0.6766,4.56,0.1597,,,False,,17,5,0
05d9d543-a73a-4942-b170-a7dbf0edd1a1,First-time Borrower,50963.83,0.2323,18,,,0.6842,7.84,1.9,0.616,,,,,True,580.0,16,3,0
1903bd7e-39f1-4cd2-9ead-5c0a45e4d4c0,Informal/Rural Worker,12891.37,0.6178,10,,,0.5456,12.66,0.86,0.5795,,,,,False,,13,3,1
8dd6c37a-498d-417c-9c3d-70a77a609d39,Gig Worker,39149.35,0.3424,25,,,,,2.17,0.7248,,,18.45,-0.041,False,,24,3,0
680345e1-027a-4215-b284-069503e8d379,Informal/Rural Worker,18142.6,0.4352,14,,,0.7953,11.45,1.94,0.6356,,,,,False,,26,3,0
2ec5cefd-02f1-4da6-a83d-78612119d16b,Small Merchant,141054.33,0.352,26,250993.89,0.7667,0.775,5.2,,,4.38,0.2185,,,True,626.0,16,4,0
d16de63e-6ca0-400d-a917-80712e587805,Gig Worker,39365.95,0.409,25,,,0.8139,5.29,2.22,0.655,,,22.86,0.2519,False,,21,4,0
e5a08ea8-7c9b-4fe6-abb1-5018114dbbf8,First-time Borrower,47000.56,0.2494,21,,,0.7207,11.84,2.75,0.7203,5.73,0.1399,,,True,667.0,24,4,0
10a80a17-6f49-4e79-8ef0-d19ff96a08a4,Small Merchant,100965.45,0.3307,23,215075.26,0.6954,0.5344,11.2,1.75,0.6273,2.59,0.1779,,,False,,15,5,0
8d904262-abee-470b-854c-81c8b6ae7976,Informal/Rural Worker,18353.87,0.3524,10,,,0.527,15.53,1.76,0.579,,,,,False,,15,3,0
13748143-4b2a-4873-a721-f66e4226b098,Informal/Rural Worker,23283.4,0.4587,17,,,0.7826,6.66,2.76,0.7842,,,,,False,,22,3,0
b53dd883-6e34-4699-85dd-3df1cf6d18ec,Small Merchant,70254.56,0.4435,20,119712.29,0.5304,0.4326,18.38,1.88,0.4202,3.59,0.1975,,,False,,15,5,1
6224e101-2eb2-44a4-bbe7-8c379ebf7211,First-time Borrower,37015.19,0.3095,15,,,,,,,,,,,True,568.0,10,1,0
06418f17-7b51-43a3-98eb-c6fd7b70e0c7,Informal/Rural Worker,27310.26,0.3387,19,,,0.849,2.34,2.87,0.8204,,,,,False,,25,3,0
388ad821-4abc-4435-b300-bdd29ba15b9b,Small Merchant,144920.2,0.2497,23,250874.65,0.7261,0.7148,7.02,1.87,0.6215,6.32,0.1848,,,False,,20,5,0
fac62285-e4fa-4d2e-83a5-4dc819b876d5,Gig Worker,31027.66,0.4281,23,,,,,2.68,0.7042,,,21.36,0.1502,False,,23,3,0
76f23c4d-e93f-4fff-b704-b879f46cf509,First-time Borrower,50267.28,0.2946,17,,,0.6046,12.54,,,,,,,True,554.0,10,2,1
377156fa-9129-4031-8e06-5f1831010374,Gig Worker,54565.92,0.3095,26,,,,,3.26,0.7826,,,26.15,0.1122,False,,19,3,0
533be39e-9b6e-42a1-98fc-54f5778a6376,Gig Worker,55292.12,0.1592,26,,,,,2.95,0.8487,,,23.73,0.0858,False,,27,3,0
88b16d20-3ca3-4374-88bb-0cd7d561fc02,Gig Worker,40457.47,0.3887,24,,,0.8541,5.88,2.62,0.8351,,,21.33,0.1688,False,,26,4,0
30c7af46-7401-49ad-878e-5e33e18fa27c,Informal/Rural Worker,25885.45,0.3287,12,,,0.7082,6.5,1.95,0.7905,,,,,False,,24,3,0
b7329f2a-2702-4120-a600-52bc9d875cc7,Gig Worker,47380.78,0.3148,25,,,,,2.63,0.7887,,,23.06,0.0872,False,,20,3,0
53532a09-f75b-4989-a6ce-a66b605f2e5e,Gig Worker,35043.05,0.4396,23,,,0.6213,11.85,1.98,0.6651,,,19.26,-0.0847,False,,15,4,0
4f6a6ab2-61d7-4aa3-a9ba-be232d4fe1f8,First-time Borrower,42190.53,0.2632,15,,,0.6434,12.5,1.27,0.6031,4.09,0.2562,,,True,559.0,9,4,0
ed425d39-6cdf-438c-a4c2-0827934cdc99,Small Merchant,135797.32,0.2677,22,,,0.7514,9.43,2.33,0.758,6.98,0.1398,,,False,,24,4,1
51e8ae06-18d7-4044-a4a6-dd7426af3619,Informal/Rural Worker,20819.22,0.4259,15,,,0.7734,2.57,2.82,0.8231,,,,,False,,19,3,0
40742b7f-53e9-4894-955c-19f296a8fa5f,First-time Borrower,41540.16,0.202,17,,,0.6291,11.99,2.46,0.6444,4.44,0.2155,,,True,596.0,15,4,0
e02c63ba-f5c4-4143-9f01-5cf821faf4f6,Informal/Rural Worker,14686.97,0.4606,12,,,0.6215,13.18,1.57,0.5317,,,,,False,,12,3,0
9da5c4c1-25b6-4e36-9e1f-90fa2eaf3066,First-time Borrower,49334.87,0.1665,23,,,0.6798,7.41,,,6.05,0.1515,,,True,620.0,21,3,0
09498a3f-9cfd-4566-beac-e72afed6c95b,Gig Worker,26725.58,0.4835,19,,,,,2.88,0.6155,,,16.05,-0.0261,True,472.0,19,3,1
60a02c64-e889-49ff-8218-e57d5cc4c5bd,Small Merchant,185635.01,0.2777,25,393222.59,0.8993,0.8864,4.14,,,,,,,False,,26,3,0
f1d91cd3-9851-41f1-b15d-9c8a9d07b495,Informal/Rural Worker,16706.25,0.4462,12,,,0.6939,10.09,,,,,,,False,,15,2,0
0a29d5f3-5738-41ae-9cb5-dc49d8d63098,Gig Worker,28992.4,0.3964,20,,,,,2.06,0.5592,,,19.32,-0.0391,False,,15,3,1
f5c23394-7683-4996-87c5-d2a64c5e6d6e,Gig Worker,27908.28,0.4334,22,,,,,2.54,0.6139,,,,,False,,20,2,0
56e0e627-8986-415d-b465-17c9c62cfdff,First-time Borrower,59481.66,0.1661,22,,,0.8204,8.67,2.79,0.7777,,,,,True,633.0,21,3,0
cfb3afa3-adbf-4dc7-9cfc-20311724dbc8,First-time Borrower,51131.14,0.295,19,,,0.6442,13.2,,,,,,,True,587.0,14,2,1
6113dc69-75ce-45b3-976f-08a4fba3b9c2,First-time Borrower,49407.01,0.1923,19,,,0.7406,9.92,,,,,,,False,,21,2,0
b3b4bfbb-e822-49a5-a8b0-d86ab50b54d0,Small Merchant,132537.76,0.3369,24,390074.77,0.8911,0.8571,4.38,,,9.76,0.1267,,,False,,27,4,0
26f1f4b8-7b3c-4e23-aea7-bb42fea2de44,First-time Borrower,34643.65,0.2738,13,,,0.504,15.75,,,,,,,False,,15,2,0
71a9144e-eb5d-4fb3-9350-03034939bd42,First-time Borrower,60755.22,0.0931,21,,,0.8804,7.82,2.78,0.8099,,,20.23,0.1616,False,,25,4,0
eb9fd07c-4124-4d2d-9dc5-36309abc4d6e,First-time Borrower,27953.73,0.1834,14,,,0.4595,17.64,,,,,,,True,478.0,7,2,1
b3fa1f9a-7f19-4c55-bf4f-35f7de114a6b,Small Merchant,189616.19,0.2655,26,392776.06,0.8897,0.8643,5.27,,,9.42,0.019,,,False,,27,4,0
c013e9ff-b625-4a90-a9fb-d85f6680301d,First-time Borrower,44547.26,0.2447,15,,,0.6744,15.31,2.18,0.5931,,,,,False,,13,3,1
ede4cebb-55bc-4c89-a2e7-f0f5c3329bf7,Informal/Rural Worker,14152.11,0.5433,11,,,0.4841,15.61,1.96,0.5573,,,,,False,,13,3,0
5ef8fe85-ef13-433f-be7c-7c55e2e44012,Informal/Rural Worker,16095.18,0.5144,10,,,0.5795,12.21,,,,,,,True,454.0,15,2,1
56a5e127-e82a-4869-8d7e-122deb4651db,First-time Borrower,64541.76,0.1597,25,,,0.6958,9.89,,,,,,,False,,17,2,0
45a8a5da-001d-4c2c-be8f-4d422ff8d5d3,Informal/Rural Worker,18091.9,0.4266,16,,,0.7483,12.86,2.18,0.649,,,,,False,,21,3,0
e4504a45-d239-4a42-a624-25bf6b5ed066,First-time Borrower,32327.41,0.2895,14,,,0.4482,14.01,,,,,,,True,537.0,12,2,1
acf838d6-6efa-4787-9c75-5c351df43527,Informal/Rural Worker,33791.85,0.4166,23,,,0.8462,3.41,3.43,1.0,,,,,False,,31,3,0
f3f449b0-c570-4f72-ae03-5472ff751bae,Gig Worker,43820.03,0.3092,25,,,0.8449,8.17,3.02,0.7635,,,22.25,0.0717,False,,21,4,0
a49cd846-642b-4eff-961e-2e851f4d29dc,Gig Worker,20502.35,0.6237,17,,,0.4171,14.8,1.16,0.3194,1.92,0.2247,14.09,-0.1216,False,,3,5,0
469209c7-697c-489b-8646-7819ba628ebc,Small Merchant,170817.97,0.2723,23,343479.14,0.7974,0.8077,6.86,,,5.91,0.0914,,,False,,26,4,0
71323512-3eb6-48bc-805d-67e904ec5788,Gig Worker,30950.04,0.2968,23,,,,,2.12,0.7148,,,20.76,-0.0139,False,,18,3,0
92c1a1f6-e1f0-4ba0-bce6-4f87d64f3788,Informal/Rural Worker,18420.52,0.4603,14,,,0.6292,7.81,1.97,0.6164,,,,,False,,16,3,0
ddeec324-cee0-4111-8665-1c14a89f2ee5,Small Merchant,98709.18,0.4179,23,224285.54,0.7546,0.6321,7.29,1.87,0.5233,6.23,0.2094,,,False,,11,5,0
2670ef27-90f8-4fa3-9150-5a4858d51062,Gig Worker,34329.79,0.5472,20,,,,,2.35,0.522,,,18.44,0.0477,False,,17,3,0
474711af-3de4-41df-96ff-381c39234f86,Small Merchant,70860.58,0.4748,21,,,0.5634,19.21,,,,,,,False,,15,2,1
17620e23-f748-4433-bc51-89b6cbe19d07,First-time Borrower,44355.3,0.3088,17,,,,,,,3.16,0.1991,,,True,517.0,10,2,0
a953e541-5b24-408e-b774-4f372e8ba162,Gig Worker,30776.07,0.4338,19,,,,,1.86,0.5034,,,13.63,-0.0891,False,,15,3,1
85502895-081b-48e6-b877-2b145a23ee81,Informal/Rural Worker,20476.53,0.3629,12,,,0.7206,8.66,2.03,0.7575,,,,,False,,22,3,0
d41b0da1-d8f0-427a-84d9-eb042435d0c2,First-time Borrower,51797.96,0.1838,20,,,0.7908,11.74,2.27,0.6524,4.65,0.1557,,,False,,19,4,0
b5a5a73b-2d47-4919-a4d0-5373af6ee930,Informal/Rural Worker,12868.57,0.274,10,,,,,1.74,0.6403,,,,,False,,13,2,0
bd6985a1-10c8-4e8a-b355-2f343e4f36eb,Gig Worker,33168.14,0.4527,25,,,0.6141,10.81,1.97,0.652,,,16.48,-0.0413,False,,18,4,0
621213e1-09db-4a50-8341-45eb854d7353,Informal/Rural Worker,10385.93,0.6479,8,,,0.4602,16.34,1.09,0.3537,,,,,False,,3,3,1
bab6107b-f3f4-4590-b8c3-bc452ea8d099,Gig Worker,50465.54,0.157,29,,,,,3.1,0.8443,9.69,0.0214,25.37,0.2543,False,,29,4,0
7eaf481c-b098-419a-9f46-4ef0d056e052,First-time Borrower,73423.08,0.1745,22,,,0.8116,1.59,2.82,0.7701,,,,,True,675.0,17,3,0
7ce03122-82c3-4194-8aee-764c09553dbe,Gig Worker,38256.49,0.4318,23,,,,,2.26,0.709,,,24.26,0.0813,False,,20,3,0
67a23654-3ae8-4510-8d15-b3444625cad3,Small Merchant,151854.92,0.2947,27,349815.48,0.8929,0.8034,6.34,2.9,0.8172,6.06,0.1179,,,False,,21,5,0
d6c88600-5b9d-42e2-968f-04359821e045,First-time Borrower,70539.07,0.2613,24,,,0.853,6.4,,,8.28,0.1066,21.31,0.1279,True,727.0,24,4,1
d0539ebf-24cb-48ee-9c3c-9534e4fd97e9,Gig Worker,28212.5,0.4287,16,,,0.6404,9.51,1.85,0.6233,3.0,0.1775,17.57,-0.0003,False,,14,5,0
40629ac3-2d4c-4e06-b6cd-776a10cfd740,Gig Worker,18910.06,0.5011,15,,,0.5964,13.51,1.62,0.5879,,,14.26,-0.1111,False,,13,4,1
9db8bd14-0529-4dec-baea-b4d36872bddf,First-time Borrower,42337.75,0.2223,19,,,0.4266,13.61,,,4.96,0.2361,,,True,469.0,9,3,1
424e99a2-9e7c-4dba-9b45-b49c2057e80b,First-time Borrower,33588.08,0.2455,13,,,0.6208,16.99,,,2.66,0.242,,,True,491.0,5,3,0
3ef77426-85d9-44e3-b7df-939faa1feb52,Gig Worker,45088.23,0.3029,22,,,0.7833,6.31,3.11,0.8242,8.85,0.1166,21.4,0.1233,False,,23,5,0
01abeacb-ad86-4b87-994f-12ff0028667f,First-time Borrower,81190.4,0.1119,24,,,0.8133,4.87,,,7.75,0.095,,,True,700.0,24,3,0
7f1dbcab-c386-4bfb-ba3b-a36e59549bed,Informal/Rural Worker,27783.72,0.502,16,,,0.7879,7.41,2.99,0.6445,,,,,False,,18,3,0
10c9a1d1-a18a-4d09-8fc1-e50c13339a17,First-time Borrower,50720.34,0.2503,16,,,0.6321,13.57,,,,,,,True,525.0,17,2,1
0858566b-356c-45cf-978f-71bb38a8f0bc,Small Merchant,157784.34,0.4186,25,326695.89,0.8465,0.809,8.32,,,6.53,0.146,22.46,0.1405,False,,26,5,0
1b5e045c-a460-4f0b-8f30-150f130b4c23,Small Merchant,127886.05,0.2945,23,291138.15,0.7426,0.7295,11.79,,,4.4,0.2141,,,False,,18,4,0
6e8a661c-2f91-4bf2-99ec-cc2a3257d951,First-time Borrower,88139.08,0.2078,24,,,0.9375,5.67,2.29,0.8539,,,,,True,705.0,27,3,0
509dced4-5d22-4435-b97d-88b8f1142177,Small Merchant,179191.19,0.2407,26,398882.98,0.8754,1.0,0.85,,,8.73,0.1235,,,False,,26,4,0
1bb98cc3-709a-404d-80dc-c9e8670631bb,First-time Borrower,57587.59,0.1947,17,,,0.5688,11.69,2.25,0.5181,4.81,0.1569,,,False,,21,4,0
f386774d-7acb-41aa-b732-3abe2fc67efc,Gig Worker,26642.57,0.4094,20,,,,,1.9,0.6079,,,15.0,-0.0077,False,,15,3,0
270e555d-b13f-48fa-8cba-22c91db3f76f,First-time Borrower,64054.11,0.2011,22,,,0.8068,5.62,2.4,0.8527,,,,,True,643.0,22,3,0
4a1f26b2-2991-4690-b86a-63fd6eeeb40f,First-time Borrower,46375.0,0.2126,17,,,0.7117,10.14,,,,,,,True,605.0,18,2,0
665dcfc1-6e5b-4ed5-ae04-8301db237182,Informal/Rural Worker,20060.94,0.5742,12,,,,,2.19,0.5753,,,,,False,,12,2,1
30c626b3-d12f-4dd9-b63e-051a0b132547,Informal/Rural Worker,20276.74,0.5004,12,,,0.6877,9.54,2.85,0.6598,,,,,False,,21,3,0
b2ebcc8b-fb3c-41a4-993c-4628190afcd2,Gig Worker,37790.33,0.4095,21,,,,,2.9,0.778,,,22.07,0.0189,False,,26,3,0
557ba67e-f76a-4566-9581-e9ca10694083,Gig Worker,16701.74,0.5401,18,,,0.3922,13.18,1.74,0.4516,,,13.93,-0.1867,False,,10,4,1
7f26034a-89fb-476f-836d-1627010dd3d7,First-time Borrower,55359.62,0.2011,18,,,0.7112,11.17,2.21,0.6791,,,,,True,594.0,20,3,0
00b98250-62e6-4959-ba8f-742c9af88c5f,Informal/Rural Worker,20447.83,0.5681,16,,,0.7718,8.18,,,,,,,False,,21,2,0
56e9fd2e-f3d8-460b-b759-7db217457760,Informal/Rural Worker,30214.63,0.3061,21,,,0.8632,0.0,,,,,,,False,,30,2,0
368f4eb4-46b1-4d39-9ecd-75879decb135,Small Merchant,89190.78,0.3061,24,264248.38,0.7345,0.6498,7.49,,,5.41,0.1508,,,False,,17,4,0
63969140-432f-4df8-ad1d-978732018201,Informal/Rural Worker,20381.63,0.5158,14,,,0.7887,8.25,1.97,0.7198,,,,,False,,23,3,0
e4b8d3f2-a65b-4ed2-80ab-3962c13d983d,Informal/Rural Worker,16088.36,0.546,14,,,,,,,,,,,False,,15,1,0
d9bd6e6c-1a2e-4dc5-8e03-887efec68c2c,Small Merchant,24092.64,0.3902,19,,,0.5293,16.2,,,2.42,0.2464,,,False,,11,3,1
1061ac2d-06c3-49fe-848c-a53e86b83194,Informal/Rural Worker,10404.94,0.6038,7,,,0.4985,15.65,,,,,,,False,,13,2,0
89a5e1b0-3017-4527-baf6-5c29bc30e64f,Gig Worker,47100.42,0.2992,21,,,,,3.28,0.7775,,,20.8,0.0644,False,,28,3,0
573dc19a-54dd-40d8-81b3-c96282d3f748,Small Merchant,124714.8,0.2843,22,275838.98,0.8595,0.7465,8.14,2.73,0.7618,6.98,0.2086,,,False,,20,5,0
c48f684e-9b36-4ac6-b16f-bc8c47bd9b9e,Gig Worker,27763.64,0.4801,21,,,0.4886,15.61,1.86,0.4427,4.09,0.2135,13.36,-0.0846,True,498.0,14,5,0
bf85c639-5e56-4da4-8360-464f5c6ecee2,First-time Borrower,57110.4,0.1861,20,,,,,,,,,,,True,600.0,14,1,0
e7074886-849b-4927-ba56-44a8186b0307,Informal/Rural Worker,17747.19,0.4986,10,,,0.4837,13.57,1.59,0.7057,,,,,False,,14,3,0
2e2a1bd6-758d-4268-9bd1-1cd33a229df0,Small Merchant,40214.42,0.468,20,129404.08,0.4673,0.4578,14.15,0.99,0.4554,2.93,0.203,14.02,-0.1509,False,,17,6,0
c8d56b7f-0485-441c-9bf9-ff120f2a9851,Small Merchant,98028.61,0.3504,23,203033.46,0.7158,0.6266,7.38,2.44,0.4931,5.81,0.1904,,,False,,22,5,0
b0c92430-f789-48b6-84b8-1e00066fb9b6,Gig Worker,40514.73,0.2855,23,,,,,2.78,0.6894,,,26.38,0.0148,False,,26,3,0
1977832f-6154-4820-9258-de07168e9cce,Gig Worker,33808.35,0.3883,24,,,,,,,,,20.07,0.0636,False,,16,2,1
33dbf8b6-0420-4be5-9ed9-d08b12c78a98,Gig Worker,44157.79,0.3807,25,,,,,2.99,0.849,,,26.16,0.2336,False,,22,3,0
51aa2509-487d-4d05-b913-1e9e4b45f982,Gig Worker,28839.09,0.4521,23,,,,,2.32,0.6092,,,18.25,-0.0075,True,609.0,18,3,0
23276cd0-63c5-408d-ac16-4e07318422a5,First-time Borrower,52315.4,0.1854,19,,,0.6224,9.64,2.45,0.6993,,,,,True,608.0,21,3,1
5b568620-d6ef-4de2-97d8-a078a9424371,Informal/Rural Worker,22570.65,0.498,17,,,0.6354,10.46,2.73,0.6355,,,,,False,,15,3,0
d598d40a-b0ea-434e-966b-7205260fd61b,Gig Worker,33984.95,0.356,18,,,,,2.01,0.5992,,,17.42,-0.0191,False,,18,3,0
2d4b1995-a98f-4b7c-8f14-05907da792ce,Informal/Rural Worker,15537.81,0.5618,13,,,0.4605,15.46,1.26,0.5562,,,,,False,,15,3,1
a5b580ce-cae3-48e1-9139-f113b3393213,Informal/Rural Worker,20300.87,0.586,13,,,0.6433,12.03,2.13,0.7655,,,,,False,,18,3,0
057eaee5-4fd9-45de-ae19-c504d44ea907,Informal/Rural Worker,22280.62,0.5177,12,,,0.6603,9.19,2.34,0.7639,,,,,True,623.0,21,3,0
caff254d-51ec-4f8c-a9b2-750c5ea2c772,Informal/Rural Worker,25939.72,0.3373,17,,,0.9171,6.1,2.61,0.7919,,,,,False,,26,3,0
10ec873e-0106-4ceb-a7f6-aed05e501086,Small Merchant,133112.06,0.3531,23,277444.28,0.8406,0.8141,5.11,,,5.64,0.1342,,,False,,20,4,0
b01b0920-7837-4a43-8c63-ae33b808dcdb,Gig Worker,44805.66,0.2416,27,,,,,3.85,0.9209,6.57,0.1042,24.29,0.2006,False,,34,4,0
4699829c-aa4f-4d58-92ab-8b05b01fafd4,First-time Borrower,50847.28,0.2475,18,,,0.7079,9.61,2.0,0.6123,,,,,True,649.0,15,3,0
2c47389a-6ff4-423d-a1ce-f5e4f56d82c1,First-time Borrower,76961.71,0.1815,21,,,0.8101,1.1,2.98,0.9121,,,,,True,765.0,24,3,0
f16ece11-a43b-4001-9ff8-8201b4cb3645,Small Merchant,114144.12,0.3272,25,248495.94,0.6284,0.7572,9.8,2.29,0.6541,5.17,0.1615,22.21,0.0452,False,,15,6,0
8067ec67-12de-43ed-a504-5cd9bb1a73ff,First-time Borrower,50258.76,0.1867,21,,,0.6723,16.09,,,5.41,0.2109,19.19,0.0297,True,572.0,20,4,0
c9d168ef-1d61-4001-9e6d-19cdc11363ec,First-time Borrower,73833.99,0.0708,23,,,0.7255,3.41,3.38,0.8813,,,,,True,727.0,33,3,0
aca03aa6-aaa6-40f6-becc-326de449d1c9,First-time Borrower,47742.1,0.2344,17,,,0.6551,7.99,,,,,,,False,,18,2,1
6439fac9-4fbc-483a-b595-b6c148faa879,Informal/Rural Worker,15932.97,0.4275,10,,,0.4319,16.87,1.21,0.5064,,,,,False,,9,3,0
9000022f-3f99-4d1b-a448-3db726cf0ad0,First-time Borrower,84215.34,0.1958,27,,,0.8447,1.0,3.39,0.8263,9.53,0.1039,,,True,798.0,28,4,0
5967e6ca-08c8-45f8-89ce-9fe68844692f,Gig Worker,41038.78,0.4325,27,,,0.7308,5.08,2.38,0.7099,,,19.9,-0.0252,False,,22,4,1
9244c8ba-6d57-4a38-820c-7ebb157d6c6e,First-time Borrower,57044.2,0.2161,22,,,0.6533,9.99,,,,,,,False,,20,2,0
3b55d0e6-e3dc-471f-b5f6-bb31e27ada9e,Informal/Rural Worker,12540.49,0.5397,12,,,0.6998,16.13,1.39,0.5541,,,,,False,,11,3,0
a218cf8c-adeb-49dc-9760-bce463a70443,Informal/Rural Worker,8673.09,0.6741,9,,,0.5276,20.21,1.42,0.4607,,,,,False,,9,3,0
dbb8b3a1-366c-42c2-897e-6cee4d6ecc5a,First-time Borrower,91404.84,0.1118,27,,,0.9791,2.82,3.47,0.8699,9.66,0.0934,,,True,791.0,26,4,0
3edee80c-b6c6-4859-9adf-c5367602330c,First-time Borrower,72475.36,0.1016,23,,,0.924,2.88,,,8.84,0.0727,,,False,,27,3,0
4411aa38-d1cd-4131-9a92-1a148d2fd1c4,Gig Worker,41009.71,0.3206,24,,,,,,,8.24,0.1319,22.15,0.109,False,,24,3,0
f9e46a9f-ea07-4727-aba2-c566ba4d81d6,Gig Worker,37094.05,0.31,23,,,,,2.36,0.6756,5.55,0.1801,15.33,0.0312,False,,20,4,0
b663123e-8950-4b3c-b7d5-4cbaffc7e665,Gig Worker,39913.19,0.4355,21,,,0.6189,10.66,2.27,0.6303,,,19.63,0.1037,False,,17,4,0
3c8a19ad-2ead-4131-8011-0a0a96b18789,Gig Worker,48945.48,0.3272,23,,,,,2.54,0.7085,,,21.58,0.0815,False,,24,3,1
70458370-c65f-48d8-817d-60b870326356,Gig Worker,28899.37,0.4106,22,,,,,2.03,0.7276,,,16.54,-0.0255,False,,16,3,0
2671761a-8ad1-448a-95ea-81cbc394404d,Small Merchant,140133.98,0.322,26,247971.76,0.7448,0.664,7.62,,,4.95,0.1549,,,False,,20,4,0
1f82b59d-b0b8-4708-9963-d7b7321d2fd6,Informal/Rural Worker,18392.56,0.3584,15,,,0.8332,5.91,2.35,0.7774,,,,,False,,19,3,0
584c1a40-cbd7-49ab-b748-69bf251b1c3d,First-time Borrower,55324.76,0.1271,21,,,0.6769,7.16,,,6.95,0.1614,,,False,,18,3,0
675c772c-eb74-4762-9f55-3fdc1264425e,Small Merchant,159449.09,0.3555,27,347463.83,0.7837,0.8297,6.11,2.36,0.7784,5.38,0.1126,,,True,691.0,19,5,1
7532bc34-47e9-4b49-b07f-aa4493734f88,Informal/Rural Worker,10727.48,0.5399,10,,,0.5204,12.33,1.76,0.5748,,,,,False,,3,3,1
3821bdab-61dc-4546-a568-63551ca4087d,Informal/Rural Worker,8223.98,0.6805,6,,,0.4853,16.32,1.61,0.5106,,,,,False,,3,3,0
56e01d4f-0c4c-4374-a63a-0310c0aa6461,Small Merchant,158950.73,0.1308,28,357582.94,0.8706,0.9405,3.74,,,8.32,0.1185,,,False,,21,4,0
226bf2d1-8a40-4970-b2c4-9875f9ce339a,Gig Worker,43873.31,0.3183,27,,,,,3.31,0.8432,,,24.48,0.1635,False,,31,3,0
82fa9e64-90ef-4d6b-a07a-db3ed34708c2,Informal/Rural Worker,17980.72,0.4787,13,,,0.7195,9.36,2.57,0.7154,,,,,False,,19,3,0
a42b238e-5cb7-4f04-b9b1-408fbb833b5c,Gig Worker,36271.44,0.3321,21,,,,,2.33,0.5247,,,17.97,0.0746,False,,17,3,0
a42f9a00-d0c2-4a81-9b10-ea15d7ae5931,Gig Worker,35335.35,0.3654,23,,,0.7808,5.31,3.05,0.7166,,,19.99,0.0543,False,,22,4,0
a396e89c-7264-4683-a959-b248106813de,Informal/Rural Worker,16442.38,0.5414,14,,,0.749,10.68,2.4,0.7316,,,,,False,,17,3,1
38eedafb-7f17-4b17-9300-a33fb8572401,Small Merchant,141909.49,0.2133,29,327552.01,0.8538,0.8085,4.68,2.48,0.7526,6.68,0.1499,,,False,,28,5,0
71acec26-8205-495d-a46e-6d0b5cc9f2ea,Small Merchant,97985.44,0.4277,23,238363.99,0.5804,0.575,13.58,,,4.81,0.2349,,,False,,14,4,0
7ec3bfaf-a38a-4615-9df7-654add21e6b6,Small Merchant,130774.35,0.3247,21,230071.28,0.6207,0.5979,9.55,,,5.28,0.1752,,,False,,21,4,0
43b92246-ccf7-4079-a978-451cbe0a15dd,Small Merchant,106620.02,0.2335,22,,,0.6117,10.65,,,7.04,0.1916,,,True,569.0,19,3,0
72d36e0d-70bc-4118-a9e7-f83a934e885d,Gig Worker,35164.7,0.3524,24,,,0.7298,12.27,2.82,0.6769,,,20.41,-0.0186,False,,21,4,0
18c38865-0ca5-4bb1-bfeb-7ca942290701,First-time Borrower,26196.89,0.3111,15,,,0.4996,19.32,,,,,,,True,460.0,11,2,0
f70ae819-28b5-4251-b509-bd5d46a6c1c5,Informal/Rural Worker,17900.87,0.4541,15,,,0.7048,9.69,2.37,0.6091,,,,,False,,18,3,1
1bc90efe-93bf-4140-a00e-5eaec0c84e46,Gig Worker,42622.93,0.259,29,,,0.8513,1.95,3.38,0.8568,,,23.64,0.2855,False,,29,4,0
542fcbff-7a22-4f9f-ab17-54146f54f117,Small Merchant,107974.47,0.3579,22,238319.6,0.7142,0.7402,8.0,2.33,0.7758,5.03,0.1422,,,False,,25,5,0
08e1a567-fcd4-4171-954c-f03ae0be9914,Gig Worker,43524.34,0.3364,26,,,0.8285,3.47,3.72,0.917,,,22.45,0.2217,False,,32,4,0
9e3a0af1-a215-47af-aede-c0e7ac8f6b49,Gig Worker,34065.88,0.515,19,,,,,2.11,0.6648,,,,,False,,22,2,0
3f03ab91-2b73-45a2-8400-a04e02b9eda4,Gig Worker,17083.24,0.4533,20,,,0.5675,16.44,1.79,0.4867,,,16.16,0.0211,True,481.0,5,4,1
d1b57b8b-1c71-40db-94de-01dfb25fa6ed,First-time Borrower,57757.16,0.2385,18,,,0.6218,9.38,,,,,20.27,0.0366,True,660.0,19,3,0
b9f2e892-b558-420e-b354-e8c3a150ab69,Gig Worker,28554.9,0.5247,15,,,0.5633,14.61,0.96,0.4446,,,11.66,0.0025,True,401.0,10,4,0
3a5611b0-df40-49aa-a806-f81851f00f31,Small Merchant,70436.18,0.3429,20,138276.35,0.4965,0.5506,15.94,,,4.03,0.2231,,,False,,11,4,0
3cc803c2-2850-4d8e-9629-6635b44124da,First-time Borrower,68825.01,0.2423,22,,,0.6297,7.23,2.95,0.5691,6.77,0.173,,,False,,22,4,0
9031dcde-a568-4939-b63c-454fb9439731,Small Merchant,118714.35,0.3782,24,254462.75,0.6654,0.5994,9.85,,,3.33,0.1821,,,False,,16,4,1
2d2e7390-3cde-4cc4-9c77-2649107ba504,First-time Borrower,45064.29,0.2933,14,,,0.5794,13.98,1.91,0.5555,4.29,0.2252,17.38,-0.1656,False,,15,5,0
21f02e02-34c9-4943-81ec-b6c7c489c45c,Small Merchant,98525.18,0.4212,19,150331.3,0.6263,0.6372,11.76,1.9,0.5527,3.58,0.19,,,True,561.0,19,5,0
718c01b7-b7c1-48e8-892e-74ec90dd794f,Informal/Rural Worker,21398.0,0.4908,14,,,0.6426,10.57,2.49,0.6796,,,,,False,,17,3,0
2eae8f92-4bf7-49ba-8d76-2a30fc301bb2,Small Merchant,177775.02,0.2752,26,333048.29,0.9166,0.9063,3.37,,,8.03,0.13,,,False,,20,4,0
d7f6bb2b-fa5b-4490-8a08-a963398f0362,Small Merchant,92876.22,0.3298,24,209443.69,0.791,0.7119,9.23,,,4.53,0.1294,,,False,,22,4,1
b3f7a554-e4b8-477d-80c5-73680530c242,Small Merchant,214700.87,0.2578,26,381860.82,1.0,0.8836,3.62,,,9.88,0.055,,,True,754.0,27,4,0
51029739-d49c-457c-b1f4-17fd77b49da6,Small Merchant,180834.66,0.2226,29,388030.71,0.9729,0.8876,0.72,3.18,0.9033,8.55,0.0897,,,False,,26,5,0
e8e3f015-cf4d-4d12-8ba4-39bd79ccc48b,First-time Borrower,53826.42,0.2429,19,,,0.773,9.96,,,,,,,True,639.0,18,2,0
b6775091-818a-4c5f-94ef-3c8ea996ec95,Informal/Rural Worker,19241.97,0.5245,16,,,,,2.21,0.5244,,,,,False,,11,2,0
628b039d-2313-4df1-a08c-6fe7f1b2e0d5,Small Merchant,100605.53,0.2846,21,166027.36,0.6636,0.6043,6.91,,,3.9,0.18,,,False,,15,4,0
c7b4d6ac-ca6f-49af-91b6-5745b0f620dd,Small Merchant,99991.84,0.452,21,227629.0,0.6774,0.6854,9.85,,,4.61,0.1701,,,False,,17,4,0
8648ed44-969d-421f-b2f2-fed393d3c669,Informal/Rural Worker,10400.88,0.6126,9,,,0.5267,18.31,1.52,0.5158,,,,,False,,15,3,0
1606637a-66be-48a1-8d7d-72b4087e6914,Informal/Rural Worker,27899.79,0.4267,18,,,0.8044,6.46,2.55,0.771,,,,,False,,25,3,0
acf73b60-6e1d-41c9-b2b1-f9bcc52217a1,Gig Worker,24774.88,0.4467,18,,,,,1.59,0.4918,5.78,0.2014,16.18,-0.0537,False,,19,4,0
33f0916c-f6f1-415a-9f59-3f7eb1f5762e,Gig Worker,37032.41,0.4109,25,,,,,2.77,0.8283,,,24.15,0.0769,False,,30,3,0
39e5aded-9cad-4830-8bda-af7e7b26c7c1,Gig Worker,39578.18,0.3489,24,,,,,2.91,0.8484,,,26.21,0.2313,False,,26,3,0
4a488e39-9be1-4cfc-9d99-0b8848486a28,Informal/Rural Worker,17691.69,0.4534,16,,,,,1.8,0.6517,,,,,False,,17,2,0
f8d82f02-5fa8-4f4f-a5ba-68473064ba0c,Informal/Rural Worker,11586.74,0.4713,14,,,0.6473,15.62,1.46,0.5212,,,,,False,,12,3,1
98a8a99a-5214-4e84-93a0-291255f06fd4,Small Merchant,177562.39,0.2889,25,323808.33,0.7672,0.8812,5.95,3.16,0.7652,8.22,0.1482,,,False,,23,5,0
7ec89474-0381-4496-8c3c-4e993ad47dd6,Small Merchant,180381.09,0.2699,25,341463.27,0.7902,0.8343,5.61,2.86,0.8142,8.28,0.1197,21.04,0.0485,False,,25,6,0
2d23fc39-26c5-450a-a51e-c33747b750ae,Informal/Rural Worker,20921.39,0.3016,16,,,0.6534,13.14,2.06,0.5704,,,,,False,,12,3,0
a32036ab-b601-474f-b6f1-64f9ff56ccb0,Informal/Rural Worker,23592.37,0.5024,20,,,0.7479,3.78,2.77,0.7543,,,,,False,,25,3,0
292eae4e-7be1-48fc-98fb-2c358c1cbe07,First-time Borrower,68968.97,0.1875,22,,,0.839,3.91,,,,,,,False,,26,2,0
288fe8fb-1df8-486f-a3f4-abd5058ccadb,Gig Worker,18629.34,0.447,17,,,0.5516,15.44,,,,,16.06,-0.1027,False,,8,3,1
c43c9def-336a-4cc2-8511-cd0bd79d848b,First-time Borrower,39398.75,0.2073,15,,,0.5648,13.25,1.12,0.5123,,,,,True,462.0,8,3,1
ffb900ef-d740-48c3-bcc7-9cd6298f75c9,Gig Worker,34554.8,0.4053,23,,,,,2.11,0.6005,,,17.96,-0.0724,False,,17,3,0
9714b84c-360a-46c6-90da-cc9f3d618d94,Gig Worker,23776.91,0.3559,22,,,,,1.93,0.5846,,,14.44,0.0483,False,,11,3,0
1fec122c-8829-4c1b-b609-ef6a9e9d473f,Gig Worker,35696.93,0.4483,25,,,,,2.96,0.73,,,20.0,0.0769,False,,16,3,0
add2399a-d562-4350-93d6-3d1c20a9bb08,Small Merchant,114096.55,0.3182,24,299280.15,0.768,0.7762,7.43,2.69,0.7336,6.04,0.1671,,,False,,20,5,0
73d76bf7-3c72-4f1b-a552-ddedfcd1728f,Gig Worker,18705.12,0.4598,24,,,0.588,12.58,2.1,0.5584,,,17.47,0.023,False,,15,4,0
e8050cde-e601-44e9-a702-e920990eaa8a,Small Merchant,109198.52,0.4162,26,210280.35,0.6215,0.5891,9.13,,,,,,,False,,16,3,0
93044eab-488e-4ca1-a933-f3e330111f2b,Gig Worker,42525.02,0.4164,24,,,,,2.64,0.7124,8.16,0.1636,22.33,0.1359,False,,15,4,0
e25d3b23-4ce9-45d5-884c-b5a568d219eb,Informal/Rural Worker,22264.3,0.5299,17,,,0.6374,9.12,2.3,0.7423,,,,,False,,25,3,0
972f4534-e6db-4d0e-b7ff-99b05f67fcc1,Gig Worker,24622.49,0.3562,19,,,,,1.82,0.4456,,,15.43,-0.1068,False,,17,3,1
1ef6c3a5-7774-400c-80d5-21df949bca40,Informal/Rural Worker,15463.29,0.646,11,,,0.6851,13.34,2.16,0.6347,,,,,False,,13,3,1
0d19587c-7b7d-4605-baf8-44c2c42320d1,Small Merchant,102730.0,0.3204,23,170612.36,0.6273,0.5964,12.32,,,4.1,0.1901,,,False,,18,4,1
2d761b31-cb2c-4514-a22e-83a4d53ae88d,Small Merchant,62532.26,0.3424,23,189309.3,0.6853,0.5423,15.36,1.64,0.5196,4.17,0.2141,,,False,,16,5,0
c16a78e0-4fa9-4f4b-8c01-16b9221809d9,First-time Borrower,71517.69,0.1572,22,,,0.7733,7.56,,,,,,,True,698.0,28,2,0
1436ebe0-9a42-4615-bdab-39a1782f4d58,Gig Worker,11108.18,0.5982,18,,,,,1.19,0.5037,2.35,0.2552,13.39,-0.2563,False,,14,4,1
ca33298d-5df3-4eab-bb4b-40ea41fb2f78,First-time Borrower,72781.57,0.2363,21,,,,,,,,,,,True,665.0,29,1,0
5594ca52-daf1-4231-a836-94bf98841a57,Informal/Rural Worker,20551.33,0.5186,12,,,0.632,5.23,2.43,0.7125,,,,,False,,14,3,0
9ab36bb1-db46-4444-9830-73d0a313f5aa,Informal/Rural Worker,23796.44,0.4143,17,,,0.8458,3.8,2.77,0.8348,,,,,False,,24,3,0
7fb6647f-59f4-4bfd-b1d8-5c7e762e5f8a,First-time Borrower,75791.46,0.0583,22,,,0.8304,4.09,3.09,0.9593,,,,,True,736.0,27,3,0
8876c008-e36b-48a5-953c-70eeca15fd94,Informal/Rural Worker,27932.85,0.5001,16,,,0.8007,4.78,3.16,0.8271,,,,,False,,25,3,0
41ef2663-9701-4ba5-8a3d-518d86584d36,Informal/Rural Worker,29172.58,0.2243,19,,,,,3.08,0.9322,,,,,False,,24,2,0
8badbe32-3253-40e5-8def-bf9df28204e3,First-time Borrower,83733.99,0.1857,24,,,0.7893,1.87,,,,,,,True,723.0,21,2,0
7bec9a58-98d0-40f4-992a-c6956aa3cedd,Gig Worker,37871.15,0.3393,23,,,,,2.73,0.7958,,,22.05,0.0792,False,,19,3,0
c4183fbc-adca-44ed-ab4f-289cf86c36c5,Informal/Rural Worker,24279.73,0.4387,17,,,0.778,5.15,2.75,0.7543,,,,,False,,20,3,0
2f44d707-03dd-4189-a436-5bce6a5475d1,Gig Worker,16497.29,0.5188,17,,,0.3887,13.38,1.0,0.5476,,,13.02,-0.0249,False,,7,4,0
ed03958f-3650-44f1-9695-073d5b2d59cb,Informal/Rural Worker,19623.98,0.5631,10,,,0.5969,14.3,1.88,0.5694,,,,,False,,17,3,0
d29edb52-991c-4a42-aa44-a0cf26ab86ce,Gig Worker,41504.9,0.3354,18,,,,,2.24,0.6843,,,19.32,-0.0659,False,,19,3,0
b74ab0ef-8ae0-486d-a230-3fd07d1bc1c4,First-time Borrower,73506.54,0.1452,21,,,0.7967,5.43,2.56,0.7247,,,,,True,716.0,25,3,0
2f9ce1e2-402f-4a50-b692-687db01e28b5,Informal/Rural Worker,12302.49,0.6375,11,,,0.5803,9.86,2.06,0.5651,,,,,False,,18,3,1
2ae9b06a-1461-4eff-97c4-9ed1327c7805,Gig Worker,33200.92,0.2698,25,,,,,3.46,0.848,9.24,0.1229,19.48,0.123,False,,22,4,0
0cb30265-10a0-4189-830e-b3b48d421e8a,Gig Worker,20573.68,0.4304,20,,,,,1.91,0.5539,,,15.62,0.0284,False,,15,3,1
d9a3f09c-b82d-4495-8436-2327a6fbfa5a,Small Merchant,59132.08,0.3806,22,139912.26,0.4712,0.5849,14.55,1.03,0.5508,1.51,0.1714,,,False,,11,5,0
51f5044f-dd58-4f5e-9466-643621bcb2f4,Small Merchant,100959.23,0.3147,25,297853.81,0.7401,0.7515,8.77,,,6.38,0.122,,,False,,22,4,0
993e1f20-7c4f-4055-a3d6-906b0f18549f,Informal/Rural Worker,26110.37,0.3705,19,,,0.8319,3.81,3.23,0.7098,,,,,False,,26,3,0
d332cb32-0e5b-4db5-aef9-4a1205d7f90e,First-time Borrower,48131.54,0.2443,22,,,0.6598,10.43,2.42,0.6355,5.92,0.1708,,,False,,19,4,0
4b0ffb34-f070-4838-b897-6f9ec95f71ce,Gig Worker,37644.13,0.3511,24,,,0.7409,11.54,2.49,0.7835,,,18.67,0.0568,False,,20,4,0
743af5ce-c2bb-452e-90fa-81766c7e5e2c,First-time Borrower,35705.65,0.2256,16,,,0.5901,7.48,,,4.9,0.2263,,,True,577.0,18,3,0
ab82fd9b-ade5-4b40-9f4f-84a67cbe20c6,Small Merchant,161875.63,0.2703,25,358402.79,0.8757,0.8058,5.89,,,8.0,0.0907,22.58,0.1411,False,,29,5,0
311cc5a6-1602-4a02-a1cd-a2fcbef51774,First-time Borrower,65596.24,0.2338,17,,,0.7807,13.98,,,,,,,True,616.0,21,2,0
9b68e59b-fa10-4daf-9736-d68b0e47faf4,Informal/Rural Worker,31743.08,0.2777,17,,,0.8423,0.79,2.98,0.8129,,,,,False,,30,3,0
6366e2dd-b960-46a8-8b68-f69e4e117f59,Small Merchant,64538.78,0.4608,20,146585.43,0.625,0.5759,17.24,,,3.23,0.1873,,,False,,13,4,1
b8ab4875-9366-4701-b214-0fbed1b89721,Gig Worker,37725.78,0.4006,23,,,,,3.15,0.7859,,,25.84,0.1767,False,,21,3,0
d96c6739-5b95-4293-b939-2cac698d8e08,First-time Borrower,78959.44,0.1539,23,,,0.8309,6.57,,,,,,,False,,27,2,0
7cd968c4-f623-4723-87ef-78a3f91c73c7,Small Merchant,159823.86,0.2321,24,330430.5,0.7976,0.7598,8.06,,,5.22,0.1533,,,False,,24,4,0
f47d0f30-7ac2-4e66-8646-d783422e048d,Small Merchant,94938.68,0.465,22,137657.28,0.5439,0.5407,12.59,,,2.31,0.2336,,,False,,11,4,1
956258cf-114f-4ef4-a30f-1a6743126098,Gig Worker,31820.17,0.4295,22,,,,,2.32,0.5725,,,19.05,-0.0197,False,,15,3,1
656582ed-6b8c-479b-8acb-530cad85414f,Informal/Rural Worker,27928.0,0.3752,17,,,0.739,1.53,2.72,0.8333,,,,,False,,16,3,0
369941aa-c394-49fc-81cf-9c3b3df72537,Gig Worker,33718.49,0.466,20,,,0.5818,11.04,1.96,0.6373,,,19.22,-0.0038,False,,21,4,0
246812a6-9c6c-441d-b13f-08f3c86522e9,Informal/Rural Worker,19782.83,0.5608,10,,,0.5409,12.54,2.23,0.563,,,,,False,,14,3,0
98f43193-698c-4856-ae61-d96f52728b8d,Informal/Rural Worker,21615.32,0.3667,16,,,0.6043,8.04,2.37,0.7129,,,,,False,,21,3,0
c7c6d0db-0438-4fb8-bfc0-ae76c7922ca3,First-time Borrower,76666.34,0.1027,21,,,0.7288,2.62,,,4.97,0.0844,,,True,750.0,20,3,0
ed4c7290-82d7-411e-92af-9c4e4e8a3034,Small Merchant,69950.95,0.4166,23,96887.69,0.5743,0.5673,12.49,1.59,0.5264,4.1,0.227,,,False,,10,5,1
cf6fa18c-c7df-46f8-830f-3fb7bdb076a9,Gig Worker,25565.75,0.433,19,,,0.5937,10.65,2.69,0.5734,,,19.31,0.0532,False,,12,4,1
42166182-48df-4b5a-80cc-f935067b6ce8,Small Merchant,162124.0,0.2669,29,262202.58,0.7965,0.7338,5.09,,,7.5,0.1077,,,False,,21,4,0
b2710705-ac0e-45e9-9935-ce37ce9686cd,Informal/Rural Worker,10180.04,0.5443,9,,,0.4975,13.1,1.91,0.5172,,,,,True,531.0,15,3,0
fb88aad9-b269-48ea-aeed-90f5e676a580,Gig Worker,33286.66,0.3122,23,,,,,2.81,0.6305,,,18.76,0.0752,False,,20,3,1
f003fb8f-d2ec-4f08-ac21-3ed42430b794,Informal/Rural Worker,30596.27,0.4074,22,,,0.9406,0.0,3.64,0.9694,,,,,False,,32,3,0
a8ec060c-8fe4-4258-a3e5-84da6b0f5562,Informal/Rural Worker,28761.47,0.3716,22,,,0.9294,0.61,3.9,1.0,,,,,False,,33,3,0
daf18549-5909-4245-bba5-ea2cddaf558a,First-time Borrower,63040.82,0.1987,20,,,0.8795,11.78,3.05,0.7037,6.14,0.1121,,,True,691.0,26,4,0
19ecee46-176e-4595-b222-7e7fdce6cca6,Small Merchant,92506.5,0.2852,22,270854.72,0.6539,0.6139,7.15,,,5.42,0.1663,20.48,0.0274,True,627.0,19,5,0
48f96996-9e93-490f-af2b-c8012f55cf4d,Informal/Rural Worker,26530.07,0.456,19,,,0.7816,1.35,3.11,0.8593,,,,,False,,24,3,0
4235cf57-3acf-4273-90ed-57b408d0ccf8,Informal/Rural Worker,19282.29,0.5666,12,,,0.6584,8.46,2.61,0.635,,,,,False,,18,3,0
176614c0-3071-4a5d-b37b-003c14102d5b,Informal/Rural Worker,24429.07,0.358,16,,,0.7034,5.02,2.83,0.7821,,,,,False,,26,3,0
37f1183f-f10a-4b8f-ad9c-fead42241b43,Informal/Rural Worker,7215.4,0.6835,6,,,0.4502,14.62,1.06,0.4137,,,,,False,,6,3,0
f21a0d9c-f882-4d5e-8f5a-467f4120033d,Small Merchant,176387.79,0.2187,28,366206.35,0.8703,0.875,2.97,,,9.39,0.1144,,,False,,30,4,0
8ebce98b-984e-4d17-844b-dc7f162a4772,First-time Borrower,45546.64,0.2233,20,,,0.6988,10.03,2.4,0.5076,5.28,0.1859,,,True,617.0,18,4,0
d8323f68-2acb-45e6-9e22-b2c94074ba92,First-time Borrower,72142.1,0.1628,23,,,1.0,2.62,,,6.56,0.0841,,,True,801.0,26,3,0
a34f7ae3-6c12-48a8-92c6-cca31c21237b,Informal/Rural Worker,16132.01,0.4773,10,,,0.5295,13.98,1.58,0.6327,,,,,False,,18,3,0
5cee0d45-666d-4a4c-8404-74f96a57abad,Small Merchant,131529.05,0.3386,24,242949.33,0.7933,0.7385,8.73,,,5.5,0.1303,,,False,,22,4,0
1ccb9516-aa9e-473c-9931-baf3ad525a35,First-time Borrower,51662.94,0.1816,17,,,0.6468,11.79,,,,,,,True,614.0,22,2,0
17c7558e-ecea-435a-a2fe-ccb535f173dc,First-time Borrower,47091.15,0.2896,15,,,0.6236,9.85,1.77,0.5253,,,16.58,0.0985,True,559.0,14,4,0
33946d6c-0c39-4f02-af18-6a5b75a3a105,Small Merchant,112902.64,0.4206,25,264195.32,0.7453,0.6687,7.9,2.29,0.5064,7.14,0.1437,,,False,,22,5,0
eb652a39-4be6-4262-81cb-bb1ca25b1a09,First-time Borrower,73237.08,0.1627,26,,,0.8887,3.95,,,,,,,True,720.0,27,2,0
fcf81150-231f-4106-94e5-274149eefa1d,Small Merchant,40316.84,0.4305,22,117643.52,0.6432,0.5408,16.02,,,,,,,False,,10,3,0
d4aea088-a889-49cc-b5c9-73db49260b9f,Gig Worker,40489.28,0.5157,21,,,,,2.34,0.579,6.02,0.1685,20.66,0.0864,False,,14,4,0
ee8c6615-387a-4012-b450-3abfba9c6bbf,Gig Worker,38953.04,0.3127,21,,,0.6775,6.86,2.32,0.7504,,,20.16,0.1477,False,,24,4,0
f9387e44-1385-4ffd-9235-1ea4a3710f70,First-time Borrower,61085.88,0.2116,20,,,0.6933,7.09,2.44,0.6618,,,,,True,665.0,20,3,0
653394a0-8396-4c04-9f11-cdbc06da7e38,Small Merchant,74329.33,0.308,22,191334.89,0.6608,0.5837,13.16,1.97,0.6157,3.97,0.1399,,,False,,13,5,0
2297e603-a903-48a0-a752-5a00b9ffac06,Gig Worker,27369.38,0.444,28,,,,,2.67,0.8099,6.76,0.1106,18.73,-0.0207,False,,24,4,0
9837322b-fdbb-44f4-a639-fafa7a00aa6b,Small Merchant,90870.78,0.3434,23,161410.16,0.5993,0.5878,9.79,,,4.32,0.1934,12.83,0.0176,False,,18,5,0
bcfa7757-7005-4d6d-a796-10a0b0695293,Small Merchant,78268.77,0.4842,21,160298.24,0.5555,0.4756,15.32,,,3.2,0.2437,,,False,,13,4,0
ad95d94e-dc54-4d40-a032-e27c25449d49,Informal/Rural Worker,32048.81,0.3578,18,,,0.8832,0.0,3.21,0.8662,,,,,False,,30,3,0
5e041a70-05b3-4d07-8f79-24304ba839f8,Gig Worker,38938.49,0.3329,25,,,0.7014,4.98,,,,,24.77,0.0371,False,,23,3,0
7bc8b45b-15ec-4a6e-a5ef-cd30767eaedf,Informal/Rural Worker,10313.1,0.6409,11,,,0.5924,18.73,1.17,0.6748,,,,,False,,9,3,0
59e59847-a513-444b-823e-d36ab346e6ce,Gig Worker,29194.91,0.4838,20,,,,,1.31,0.5867,,,15.27,-0.1199,False,,8,3,0
6ec0a8cb-90cc-4b2e-aec0-48323c3f4e41,First-time Borrower,58348.62,0.3131,18,,,0.6945,8.53,2.08,0.6071,,,,,False,,21,3,0
a52e1c32-03f9-4f80-b2fb-523f5b4a9212,Informal/Rural Worker,22690.53,0.5125,16,,,0.5847,8.22,2.41,0.6849,,,,,False,,23,3,1
b43212ca-b631-4957-98db-4f3f9956b224,Gig Worker,23978.45,0.4586,16,,,,,1.51,0.438,,,12.78,-0.0694,True,470.0,10,3,1
7aadc7d1-3e1c-4d9a-910e-9a52bc04f5d3,Gig Worker,43099.87,0.297,27,,,,,2.7,0.9442,,,28.11,0.245,False,,26,3,0
c81e8c4d-a082-403f-bcc8-d6609098070a,Gig Worker,17386.98,0.4763,20,,,,,1.38,0.5791,4.36,0.2145,13.63,-0.1244,False,,15,4,0
3965b872-a8a9-4ac0-8da3-766b4f67a994,First-time Borrower,44387.82,0.2771,16,,,0.5666,11.66,1.82,0.46,,,,,False,,13,3,0
f274f564-3c55-4bd2-abd7-6dffca92dd8a,Gig Worker,31881.76,0.3075,22,,,0.7328,6.76,1.66,0.6467,,,17.19,-0.0196,False,,19,4,0
263370b1-264f-419b-84ed-b1e1838ad6e7,Small Merchant,110747.56,0.3549,25,239382.56,0.6678,0.599,8.35,2.03,0.6469,4.99,0.2202,,,True,589.0,17,5,0
9accc4e4-39bc-4b11-a7bf-4b6d4cf74680,Gig Worker,45851.18,0.2207,28,,,,,2.68,0.7347,,,18.32,0.124,False,,24,3,0
41e573c6-3d46-4a90-85a6-8378d05e8488,Informal/Rural Worker,22358.96,0.5302,16,,,0.7222,7.36,3.2,0.7387,,,,,False,,26,3,0
45223d98-43c8-479a-a2af-08bcede17166,Gig Worker,39082.86,0.241,24,,,,,2.84,0.7536,,,24.5,0.1542,False,,29,3,0
4456f194-b1bc-4f1e-8ec4-da818f84d35f,First-time Borrower,45109.43,0.3041,18,,,0.7224,12.45,,,,,,,True,568.0,19,2,0
bffe0703-8f7c-4e34-877e-42f8a62b968c,Informal/Rural Worker,21434.54,0.4836,13,,,0.7343,10.02,2.61,0.6088,,,,,False,,22,3,0
5550b909-3e19-41e2-8faf-cb1ee48cd79f,First-time Borrower,52915.26,0.1975,18,,,0.6499,12.09,,,,,,,True,596.0,20,2,0
fa86df0a-bdbb-4ed6-96d4-4ea0787f1cdb,Small Merchant,96877.75,0.3854,20,185893.56,0.6818,0.6327,7.4,,,,,,,False,,16,3,1
eb5c794d-9c7b-49e4-a46c-cee4b27d497a,Gig Worker,28221.14,0.4633,18,,,,,2.04,0.5274,,,18.76,-0.112,False,,10,3,0
a9faba97-138e-4360-8a28-12c8af7133a4,Gig Worker,17869.27,0.5744,20,,,,,1.56,0.4838,2.0,0.2554,10.17,-0.1088,False,,9,4,1
05072d25-ae4a-4e68-a7c5-1e690c686e6f,Gig Worker,37884.47,0.2276,27,,,,,3.18,0.9363,,,23.85,0.1712,False,,32,3,0
feaadb9f-419a-4447-af5c-1230ffff1675,Small Merchant,72359.2,0.3591,21,205872.69,0.5997,0.5936,12.49,,,4.09,0.1796,,,False,,10,4,0
7274cb61-33d2-47e8-ab38-24c133c3d13e,Gig Worker,35382.35,0.4537,24,,,,,2.53,0.6522,,,20.87,-0.023,False,,24,3,0
2304a4ae-4c99-4f9a-8917-e3e6e2a7dcbe,Informal/Rural Worker,21880.19,0.5575,12,,,0.7366,11.18,2.22,0.7072,,,,,False,,21,3,1
47dde58e-8684-4c40-b59c-f4346b41d35f,Informal/Rural Worker,16855.8,0.3319,15,,,0.717,8.0,2.51,0.6627,,,,,False,,14,3,0
a2e0f4e0-f51f-43e6-9d40-47f6a4ad1bfb,Small Merchant,135490.9,0.3609,24,208054.41,0.6772,0.6639,10.18,,,4.62,0.2242,,,False,,14,4,0
8cda507c-8034-4799-88f3-9f15ad4bd328,Informal/Rural Worker,19164.19,0.4183,17,,,0.7547,10.45,2.65,0.7845,,,,,False,,17,3,0
1835be40-48a7-442b-9751-8dc0765302d8,Small Merchant,168542.65,0.2403,28,402744.4,0.9134,0.795,4.32,,,8.7,0.1463,,,False,,30,4,0
fd090f00-6640-4dae-aea8-754b0195a07e,Informal/Rural Worker,30462.68,0.2945,19,,,0.838,2.15,3.51,0.8457,,,,,False,,21,3,0
422c765e-811d-4b26-9274-d4c9fae8d24e,Small Merchant,137801.3,0.2726,24,301688.71,0.7933,0.8328,3.8,,,6.62,0.1148,,,True,729.0,23,4,0
484ce26f-cf62-4c97-9c6b-8a862064482f,Gig Worker,28709.97,0.39,19,,,,,1.54,0.4723,2.16,0.237,17.46,-0.0772,False,,12,4,1
20ddedab-c2d7-4128-a9f9-f0c8d0e7faa5,Gig Worker,48786.59,0.2725,27,,,0.8885,0.73,2.66,0.7884,,,23.52,0.1595,False,,22,4,0
ca528d56-5876-485a-b156-fd2b51ec7f71,Informal/Rural Worker,21126.75,0.5183,15,,,0.7477,11.2,2.4,0.6412,,,,,False,,26,3,1
b321962e-0032-4581-bb7e-ff28ae0064e3,First-time Borrower,61388.66,0.1958,24,,,0.7985,7.55,3.09,0.6912,7.33,0.1367,,,True,723.0,22,4,0
8f2a4c1d-d18f-4ab8-9584-de706051e256,First-time Borrower,52210.92,0.2098,19,,,0.6115,9.5,,,5.07,0.1451,,,False,,17,3,0
51bae02e-ea3c-4fa3-9dec-52c8eb08cba5,Small Merchant,190553.59,0.1816,27,415257.08,1.0,0.8611,4.31,,,9.11,0.1136,,,False,,32,4,0
e3c10300-d960-4dd5-b912-1af4a947a6b4,First-time Borrower,63167.48,0.2024,21,,,0.6804,8.96,,,5.71,0.124,,,True,698.0,20,3,0
9b6d6203-fdba-4481-810f-49539bd428a7,First-time Borrower,44218.16,0.2239,17,,,0.5248,13.55,,,4.03,0.1904,,,True,604.0,9,3,1
8cf309c1-93be-4be3-8a88-3fdffe7111f7,Small Merchant,59337.3,0.4829,21,89459.85,0.6005,0.5274,14.79,,,4.46,0.2128,,,False,,11,4,1
6a425416-4dc0-4d1e-adb2-13cdb5485ab7,First-time Borrower,33249.46,0.2769,14,,,0.6465,14.76,,,1.28,0.2066,,,True,497.0,9,3,0
040863c0-fa35-4a3c-9327-ba7534078ba4,Small Merchant,115061.95,0.3385,24,301614.96,0.8257,0.7549,9.05,,,,,,,True,734.0,22,3,0
5f0e7da0-60d9-41db-98ee-fd5d3a192bd6,Informal/Rural Worker,16425.08,0.5509,12,,,0.6919,5.65,2.15,0.6419,,,,,False,,20,3,0
f7fdd34f-481c-43c2-8b59-7508d5798834,Small Merchant,177506.58,0.3058,26,342926.81,0.8649,0.8347,1.96,2.72,0.8338,,,,,False,,22,4,0
29fabf01-9862-4837-9158-b28697b6f9de,Informal/Rural Worker,26035.36,0.3905,19,,,0.8466,4.33,2.98,0.7072,,,,,False,,21,3,0
466cf702-e010-4495-8e8e-721f03307f2c,Informal/Rural Worker,16507.59,0.5597,16,,,0.6377,9.43,1.88,0.648,,,,,False,,16,3,0
d2acb518-9d2c-4896-87f1-11a24ee6cf46,First-time Borrower,34309.24,0.2696,14,,,0.5911,11.84,,,,,15.82,0.0349,True,504.0,8,3,1
664440ab-1a43-4d66-95b1-1ac1bf951886,Gig Worker,46132.65,0.3136,25,,,,,3.1,0.9352,8.64,0.0998,24.55,0.2303,False,,23,4,0
931323f9-20ae-4eaa-abd1-d9fab88c08e9,Gig Worker,32492.63,0.3154,21,,,,,1.89,0.7398,,,20.39,-0.0001,False,,16,3,0
bdda2335-b36c-4358-9558-0a5a6c484f9c,First-time Borrower,67033.07,0.1884,24,,,0.8247,4.11,2.2,0.7889,,,,,True,691.0,24,3,0
2da9be8f-1aaf-4278-a14c-500b08f09f72,Gig Worker,26664.59,0.4163,20,,,,,,,,,12.94,-0.0032,False,,17,2,1
59ea4231-cd2c-40f3-9618-84da22318a2e,Informal/Rural Worker,12430.08,0.5619,10,,,0.495,16.15,,,,,,,False,,13,2,1
96a67c68-66cb-43a2-ba18-107ce5f4c02b,Informal/Rural Worker,20058.38,0.5078,15,,,,,2.42,0.6887,,,,,False,,20,2,0
35528dbc-cebb-4de8-965a-09cf990fc75a,First-time Borrower,52145.71,0.2161,20,,,0.68,9.86,1.66,0.6535,4.87,0.1805,,,True,654.0,16,4,0
cb826add-be40-49e1-bf75-16e547dc45d3,Informal/Rural Worker,26872.73,0.507,15,,,0.6431,8.53,2.22,0.7399,,,,,False,,17,3,0
1082664b-dfa6-4e80-9319-28a6323e4dd0,First-time Borrower,40258.45,0.2441,18,,,0.585,14.76,,,,,,,True,492.0,10,2,0
c976791c-0177-4811-8456-09f84bd237b2,Small Merchant,111354.72,0.3154,26,221395.65,0.6998,0.7356,10.11,1.67,0.5992,4.17,0.1144,,,False,,21,5,0
e0f68344-4e7d-4bfe-b5bd-ef635b5bc9a1,Informal/Rural Worker,29757.24,0.3516,20,,,0.8794,0.98,3.59,0.8439,,,,,False,,28,3,0
f62641ee-fd38-4fda-9985-51a1a1b02a8d,First-time Borrower,82395.01,0.1349,24,,,0.8992,0.68,,,,,,,True,798.0,25,2,0
a7afcd49-5fc0-492d-98b2-151632e53604,Small Merchant,115105.0,0.3076,24,269498.83,0.677,0.7069,7.21,,,6.45,0.1987,,,False,,20,4,0
bfbb1b7d-9a3d-4659-bc5e-3997e982d082,Small Merchant,60584.19,0.4596,19,159634.95,0.5435,0.6455,13.63,0.89,0.5202,3.55,0.2781,13.8,-0.0399,False,,12,6,0
33ef1bab-93c9-4631-b8f3-272a7e617120,Gig Worker,47359.09,0.5164,25,,,0.6307,8.53,2.2,0.7455,,,20.53,-0.0032,False,,17,4,0
4034b7b4-c3b5-49e9-8187-d25ce90ce824,Informal/Rural Worker,27854.82,0.5109,15,,,0.7287,8.11,2.33,0.7675,,,,,False,,28,3,0
f4b4aaf1-502e-413a-9389-48a787f8c5e1,First-time Borrower,75379.78,0.1736,26,,,0.7874,3.51,2.41,0.8799,,,,,False,,23,3,0
afb806eb-a780-4a39-8e9c-b6072cd2d96b,Informal/Rural Worker,19578.22,0.3521,11,,,0.5812,8.65,2.29,0.5561,,,,,False,,20,3,1
414b43e7-3531-4279-ae13-bce01f8570d5,Informal/Rural Worker,23286.17,0.4585,16,,,0.6849,6.29,2.69,0.8165,,,,,False,,19,3,0
8d18c382-4f6b-42de-a4f2-f5f9a225f5ad,First-time Borrower,47765.01,0.1828,20,,,0.73,9.29,,,5.58,0.1913,,,True,586.0,13,3,1
a9e7ccbf-dcac-4772-a55b-bcfe198ac35a,First-time Borrower,44722.42,0.2537,15,,,0.6098,16.25,,,,,,,True,564.0,16,2,0
61579fc1-662d-49f1-bcbf-49ea6a2fe5e1,Informal/Rural Worker,24799.07,0.363,21,,,0.7973,4.92,2.86,0.8074,,,,,False,,27,3,0
bc397832-a8a4-4ffa-b2dc-6d32dc965f3c,Gig Worker,51305.89,0.2538,29,,,0.8627,2.95,,,,,30.0,0.1924,False,,28,3,0
cd18fb81-38db-4c24-b590-b1bae82199ed,Gig Worker,49463.04,0.2227,27,,,,,3.42,0.8792,10.99,0.0463,26.64,0.1532,False,,29,4,0
deefd643-2b14-4c53-8def-bc6a361b3d16,Gig Worker,33787.47,0.3769,19,,,,,2.05,0.675,,,17.54,0.1349,False,,15,3,0
e167232c-bfe0-4ef3-9a5e-efecd3269780,Gig Worker,46330.82,0.4612,21,,,0.89,6.29,2.6,0.7845,,,20.12,0.0936,False,,25,4,0
9ef391be-6833-410c-9c2b-d30987279ae2,First-time Borrower,33965.08,0.2421,13,,,0.4294,15.91,,,1.7,0.211,,,False,,14,3,1
0782c205-250b-46b4-a369-69fe29adfaca,Small Merchant,116334.98,0.3693,25,250727.06,0.7323,0.6107,8.48,,,,,,,True,661.0,15,3,1
d8d06565-e011-4289-854e-2f9ab03abe71,First-time Borrower,37375.3,0.14,17,,,0.5745,7.12,,,,,,,True,509.0,18,2,1
4b35a6f2-c48b-420b-a1e3-aff43a87f1db,First-time Borrower,69232.17,0.215,24,,,0.9662,8.66,2.5,0.6982,7.47,0.1229,,,True,714.0,23,4,0
23298f18-34ce-4991-8f60-aca275ca19fc,First-time Borrower,53285.22,0.2494,21,,,0.6185,12.94,,,5.23,0.1303,,,True,578.0,14,3,0
e5f629fe-b863-4d78-9ad5-fd2d0f6d39ce,First-time Borrower,44567.44,0.2265,19,,,0.771,8.85,2.24,0.6132,6.67,0.1374,,,True,630.0,16,4,0
afe1aea9-7f18-4683-9311-25c642f73315,First-time Borrower,57623.17,0.2938,23,,,0.8661,11.0,2.28,0.6796,5.28,0.158,,,False,,26,4,0
b52c5813-56fd-487b-b5f1-1363e5b72f28,Gig Worker,26765.52,0.5178,21,,,0.4853,15.37,1.63,0.5874,4.22,0.2364,12.92,-0.0721,False,,12,5,1
7cf08d34-49b7-457c-8bfd-880e821a1eb6,First-time Borrower,51571.55,0.1965,19,,,0.7579,11.3,2.35,0.7172,,,,,True,627.0,17,3,0
17ab6b19-4232-47aa-86aa-7e57150d4628,First-time Borrower,32297.71,0.2973,15,,,0.5621,16.94,1.56,0.5064,3.44,0.2097,,,True,504.0,13,4,0
64684494-8b47-4ea1-8a72-20f406c1b86f,First-time Borrower,49616.62,0.208,24,,,0.5733,9.3,,,4.41,0.2089,16.65,-0.014,False,,16,4,1
173988ef-7ab5-4f79-a129-55df47f31148,Gig Worker,38525.22,0.3708,24,,,,,2.9,0.7641,,,23.71,0.1199,False,,25,3,0
cfde7cc5-5733-4e38-87e8-6a0aa89d5321,Informal/Rural Worker,18937.67,0.4652,12,,,0.5389,12.01,2.16,0.6114,,,,,False,,19,3,0
007bd767-0e4f-4e21-b0b4-83c7176ed716,Informal/Rural Worker,18311.99,0.4933,18,,,0.7487,7.67,2.53,0.808,,,,,False,,16,3,0
c77cadf7-79ed-4a59-80b4-5576851c9cbe,First-time Borrower,53520.55,0.213,18,,,0.5604,10.55,,,4.05,0.1804,,,True,539.0,14,3,1
10cd86b3-4ae8-41d6-9e35-cefed4ca024e,Small Merchant,51151.31,0.4297,22,112601.41,0.5836,0.6197,16.97,,,3.62,0.2583,,,False,,12,4,1
a29d7d9f-5b3c-4cab-8f7d-5ec7bfdac649,First-time Borrower,61674.91,0.131,22,,,0.7446,11.42,,,,,,,True,638.0,25,2,0
cf6060f7-7156-4c3d-be22-c8b5feac8ae2,First-time Borrower,44656.84,0.246,17,,,0.6803,13.61,2.35,0.6286,,,15.75,0.0149,False,,17,4,0
334ac421-7581-4c89-99fe-a6fac540f425,Gig Worker,30327.23,0.5609,21,,,0.5221,13.43,2.02,0.5149,,,15.8,-0.0993,False,,9,4,0
fee9d0cd-c398-49d6-8115-bc43bc8c06b5,First-time Borrower,31448.74,0.2931,14,,,0.5184,11.53,,,,,,,True,535.0,9,2,1
8718c1fc-496e-4a63-bd8c-6314c1288242,Informal/Rural Worker,18361.33,0.5859,10,,,0.803,11.37,2.25,0.7038,,,,,False,,15,3,0
83159af0-1d17-48eb-b05c-53d75204d094,Informal/Rural Worker,29454.87,0.3086,16,,,,,3.03,0.8869,,,,,False,,29,2,0
89916346-cf09-439e-9312-44dc47683cd2,Informal/Rural Worker,34084.29,0.2808,20,,,0.8555,5.46,3.65,0.9354,,,,,False,,34,3,0
a8fc760f-ba06-4eb6-96a1-c4f392061620,Informal/Rural Worker,14545.8,0.5387,10,,,0.6073,9.51,2.09,0.6513,,,,,False,,13,3,0
e622d69a-c819-4d9e-8a44-6685b82f7bc0,First-time Borrower,44945.94,0.3071,16,,,0.6874,16.15,,,,,,,True,511.0,15,2,0
3fe1b4fd-e9bb-4ca6-be9b-bf061ccb9c84,Small Merchant,131478.26,0.3725,24,308093.51,0.74,0.8115,5.71,,,,,,,True,688.0,21,3,0
a2c42e83-072a-4145-bf4d-37bcd6614b92,Informal/Rural Worker,20580.64,0.4739,17,,,0.8136,8.03,2.49,0.7367,,,,,False,,24,3,0
7072bd1c-257f-48c6-a7c6-d40344895cde,First-time Borrower,61974.1,0.2289,21,,,0.7092,5.44,,,,,,,True,691.0,23,2,0
4ca47e9d-c3d0-47fe-add8-8856f1652139,Informal/Rural Worker,35284.02,0.3889,21,,,0.8552,0.97,3.48,0.9214,,,,,False,,34,3,0
bd99577b-38ce-4bce-8b24-4f9fa3f3f971,First-time Borrower,70913.79,0.1583,22,,,0.8909,5.1,,,,,,,False,,21,2,0
ab86dc62-f5ef-49c9-96de-ec36abc69108,Informal/Rural Worker,22826.76,0.4574,16,,,0.6196,5.46,,,,,,,False,,17,2,0
1fae133d-f01a-4835-b8ae-f72f9a68234f,Small Merchant,109666.02,0.4049,25,227365.37,0.7019,0.7112,15.5,,,,,,,False,,19,3,0
0f4f4bb7-565c-483f-92f7-6022240b1166,Gig Worker,26823.96,0.5179,20,,,,,2.14,0.6661,3.77,0.1927,16.35,-0.0245,False,,13,4,0
20dde0f8-98f8-47f0-8d3f-390159c22e03,Small Merchant,94584.69,0.4271,20,172023.77,0.5907,0.526,13.15,,,5.32,0.2206,,,True,566.0,15,4,0
486ab94d-5b8f-4125-a135-7dcd4d4d4c26,Informal/Rural Worker,27832.46,0.3262,17,,,0.8932,3.15,3.36,0.9138,,,,,False,,29,3,0
568e1017-1506-4f39-93c3-85960e78752a,Gig Worker,32390.06,0.4311,25,,,,,2.29,0.6537,7.1,0.1106,17.73,-0.0383,True,664.0,15,4,0
723d674a-5a3a-4680-ac11-26f7c02c9add,First-time Borrower,54513.09,0.1441,21,,,0.7053,10.29,,,7.58,0.1611,,,True,606.0,18,3,1
f82b0f38-7cc2-4d4a-b305-2b1258f9a44b,Small Merchant,110591.36,0.3525,23,267225.71,0.7059,0.7572,11.9,,,4.17,0.1444,,,False,,18,4,0
63241e9d-84b9-4084-8b21-44609430dd04,Gig Worker,43351.46,0.2924,25,,,,,,,,,19.58,0.0077,False,,24,2,0
71cf65e7-e824-4a63-a30c-3ceadf1032bc,First-time Borrower,54512.51,0.1954,20,,,0.7652,13.58,,,6.58,0.2428,,,True,534.0,16,3,1
759188cb-bc77-4d6b-8f09-ef20ac197c39,First-time Borrower,41682.9,0.24,19,,,0.6063,17.86,,,,,,,False,,17,2,1
d9f676a8-67a8-4d95-b5e0-9917aec08fdc,Small Merchant,46225.77,0.3831,21,123513.03,0.5585,0.5872,17.78,,,3.81,0.1954,,,False,,9,4,0
42387606-08b4-4778-9dbb-7a3218f7592c,Gig Worker,28631.79,0.4614,23,,,,,1.97,0.5337,,,17.21,0.0038,False,,10,3,1
3b60947e-fe76-4e53-b00a-7b734eee03f2,First-time Borrower,52526.48,0.1634,14,,,0.6328,16.52,,,,,14.75,0.0286,True,539.0,15,3,0
952aa8c6-079d-4553-83ff-fd85d098ee5f,First-time Borrower,64524.88,0.1706,21,,,0.7833,4.11,2.34,0.816,,,,,True,623.0,22,3,1
a647a443-43a5-4674-9f48-c423dad3483c,Gig Worker,35774.44,0.4881,22,,,,,2.49,0.8055,,,22.32,0.0749,False,,22,3,0
a19ad891-1990-4cbc-9c75-c2acc4978dfc,First-time Borrower,97859.46,0.1636,23,,,0.8351,0.79,3.73,0.8368,,,,,True,803.0,27,3,0
600a8236-b016-491e-8bb9-bfa1a6e72691,Gig Worker,40837.58,0.3388,25,,,,,2.92,0.7506,,,23.17,0.0838,False,,26,3,0
ead236dc-d96f-4820-9bb3-003e410e7269,Informal/Rural Worker,18381.52,0.6722,8,,,,,1.95,0.6557,,,,,False,,15,2,0
de8dc6d1-a9e5-4232-9daf-4bf326fe551c,Gig Worker,35947.23,0.3267,25,,,,,,,,,22.85,0.1703,False,,22,2,0
1419beef-5e68-43ac-a12e-252404843cfd,Informal/Rural Worker,26136.33,0.4398,16,,,0.9103,7.51,3.04,0.8296,,,,,False,,27,3,0
296c870c-1b67-4863-8fff-00badb4f0e58,Gig Worker,38058.15,0.3538,23,,,0.7022,9.16,2.87,0.7675,,,20.93,0.1221,False,,21,4,0
28c1cd61-832b-4749-b4eb-7f2d8fec3895,Informal/Rural Worker,17835.77,0.567,13,,,0.7017,8.63,2.6,0.7536,,,,,False,,16,3,0
59807372-6eff-46cf-896e-ed8a22297983,Informal/Rural Worker,19981.68,0.4852,16,,,0.7391,7.61,2.44,0.614,,,,,False,,17,3,0
d5ad6929-e4ea-4b40-a9c2-b009e3fb67f9,First-time Borrower,38675.56,0.2159,15,,,0.5856,12.3,,,2.66,0.1393,15.49,-0.0745,True,533.0,11,4,0
6c5d24c8-f2b1-4045-8bc4-c2744299e78f,Small Merchant,83144.3,0.392,23,139775.44,0.606,0.5274,12.24,1.13,0.4289,4.0,0.1935,,,True,524.0,12,5,1
15688f3e-90c8-4620-aea7-87f446ea5e5b,Informal/Rural Worker,23616.42,0.5585,13,,,0.6924,9.91,2.1,0.6997,,,,,False,,12,3,0
527c51c2-60b4-46a2-a83f-14678cd6a19d,Gig Worker,30641.69,0.4895,21,,,,,1.9,0.48,,,19.21,-0.0614,True,572.0,16,3,1
9b92d945-cc6a-4540-8949-adbaec1fdec6,Gig Worker,22970.36,0.4488,18,,,,,1.68,0.4876,,,16.32,-0.046,False,,10,3,0
370a6fb9-a257-4eb3-895d-4de202ecc14d,Gig Worker,29218.09,0.5616,20,,,0.6089,12.65,1.82,0.6977,,,11.74,-0.0492,True,528.0,17,4,0
e2925c03-0be5-4746-977a-2ea1fb8aec98,Gig Worker,32284.26,0.4377,21,,,,,2.36,0.6009,,,16.88,0.0341,False,,15,3,0
069e2048-380c-4ec7-bb9c-80f93f237d1f,Gig Worker,18902.31,0.4581,21,,,,,1.5,0.4419,,,12.01,-0.0767,False,,6,3,0
69a85a06-af8f-44b1-8013-c97cffa062ab,Small Merchant,114025.04,0.4385,21,223728.72,0.6404,0.6692,8.69,,,3.77,0.1644,,,False,,11,4,1
6387f7b5-0f59-450a-a3cf-52c06596cc2c,First-time Borrower,60090.48,0.1866,16,,,0.6298,8.57,2.84,0.7001,,,,,True,599.0,17,3,0
212c11a2-8d58-43fc-9dfa-dc7870137f59,Informal/Rural Worker,18394.68,0.611,9,,,0.5239,12.85,1.9,0.6737,,,,,False,,13,3,0
0d68d0e8-c8c2-4b6a-a697-a693a63d5a33,Small Merchant,190020.45,0.2675,26,381137.84,0.8413,0.8591,8.42,,,7.95,0.098,19.46,0.2161,True,697.0,20,5,0
f2cb6d85-cb42-4112-82f5-6bdb217c1a9c,Informal/Rural Worker,14192.17,0.3721,11,,,0.5401,10.59,2.0,0.587,,,,,False,,17,3,0
d76e7571-1c13-42bf-844f-9e9bfe26506b,First-time Borrower,73958.41,0.1594,26,,,0.7395,5.52,2.71,0.8795,,,,,False,,21,3,0
c05c3a54-247c-4511-b4f6-5036274dfe66,First-time Borrower,51019.77,0.2709,17,,,0.5952,13.48,,,,,,,False,,17,2,1
0fb4d875-c287-4ffe-bb0b-0656dada267b,Informal/Rural Worker,26396.64,0.3994,15,,,0.7478,2.24,2.75,0.8028,,,,,False,,25,3,0
58e2a809-8292-4b17-891f-987c821e1a59,Small Merchant,142721.0,0.316,24,324603.89,0.8398,0.6839,5.06,,,6.5,0.1247,,,True,678.0,19,4,0
4a14ffa7-1d58-49d7-a51c-500df65e592a,Gig Worker,17428.07,0.5716,20,,,0.4982,14.79,1.62,0.4925,,,15.77,-0.0296,False,,9,4,1
2cc33b91-5548-4819-8382-5e4fbf6719b5,First-time Borrower,57647.96,0.1871,16,,,0.6942,7.15,2.38,0.7428,6.28,0.1542,,,True,651.0,21,4,0
26c8700a-1dbf-4a9e-8b9d-cd181a1c55c2,Gig Worker,41611.53,0.4006,21,,,,,2.0,0.646,5.79,0.1858,18.5,0.1825,False,,23,4,0
f8c260b7-8ab4-4b0d-96d4-048a957ebd78,Small Merchant,155360.58,0.3333,25,312403.42,0.9256,0.7851,5.84,2.85,0.8056,,,,,False,,23,4,0
8ea8b5f4-1fac-490a-a75e-7cae30d8408b,Small Merchant,119949.72,0.3454,23,317149.48,0.7874,0.6402,3.69,2.36,0.7146,7.81,0.1512,,,True,656.0,21,5,0
c1136bf6-54e2-40bc-81d8-fd4875fee01b,First-time Borrower,68260.43,0.1167,25,,,0.8719,5.32,,,,,,,True,703.0,25,2,0
c49e1d95-88a8-46d9-aecd-028f67e79a94,Gig Worker,48956.05,0.2942,25,,,,,,,,,25.75,0.1417,True,660.0,25,2,0
99730b86-3a29-4e5f-becf-bce57556ab2a,First-time Borrower,55526.26,0.2473,20,,,0.6458,6.66,2.1,0.6359,6.07,0.1717,,,True,618.0,14,4,0
4bda1787-3748-46de-bbc9-7d43cba4216c,Informal/Rural Worker,18328.61,0.4189,13,,,0.5568,5.42,1.5,0.6548,,,,,False,,22,3,0
c2f1b3b3-a37a-4320-9a1a-cd43cbf564b9,Small Merchant,62288.84,0.4666,21,,,0.6041,17.54,,,1.51,0.2683,,,False,,11,3,0
cfef5615-937b-4760-9a15-b196e009b8d9,Small Merchant,140109.27,0.326,23,234258.93,0.734,0.6373,7.48,,,7.64,0.1787,,,False,,20,4,0
e1a63123-356c-4788-87e0-d6b6712f9e65,First-time Borrower,83346.32,0.1087,23,,,0.7882,1.49,,,,,,,True,804.0,29,2,0
ccaa2d70-15d4-4875-bd31-bfddfcc9779d,First-time Borrower,80087.67,0.0825,23,,,0.8082,3.45,3.13,0.7814,,,,,True,808.0,23,3,0
2ea99c67-2c98-4802-a0fc-6c652f10f0d0,Informal/Rural Worker,17341.16,0.5748,13,,,0.6682,12.65,2.55,0.6468,,,,,False,,17,3,0
e4bcc96d-8b1f-4864-aaaf-b6b68f56aef8,Informal/Rural Worker,25348.99,0.3437,18,,,0.8413,6.66,2.77,0.8453,,,,,False,,27,3,0
2aedb927-d278-41f1-9ec0-5f57698d2c96,Informal/Rural Worker,22883.1,0.4415,11,,,0.7487,6.11,2.16,0.6639,,,,,False,,22,3,0
10d19344-18e2-4405-aa3e-51632478fbe1,First-time Borrower,43991.29,0.3196,13,,,0.6451,9.34,1.83,0.5728,3.88,0.211,12.98,0.0141,False,,14,5,0
76fe62e9-a42c-4d60-9b66-9ea12afe76c5,Gig Worker,31456.01,0.5368,22,,,,,1.36,0.5594,,,18.02,-0.1247,False,,14,3,1
2466d680-923d-4acf-bcb3-0621eaf7deee,Informal/Rural Worker,25410.79,0.3125,21,,,0.8701,4.94,2.84,0.9475,,,,,False,,27,3,0
b3268693-498a-4927-99df-79cc50a3d6ed,First-time Borrower,35572.89,0.3206,14,,,0.5796,13.89,0.91,0.3959,1.47,0.2586,,,True,472.0,13,4,1
41e9665c-967c-4377-b9dc-22e72474018a,Informal/Rural Worker,31848.7,0.3872,19,,,0.7849,2.85,3.14,0.8873,,,,,False,,21,3,0
b4c6f959-71b2-41a4-a3a6-13296feb5257,Gig Worker,36747.62,0.3929,24,,,,,2.09,0.7417,,,22.42,-0.0515,True,606.0,23,3,1
b1c9e5d3-0e68-4a17-8574-ca9088bf6aae,Gig Worker,35141.24,0.3943,21,,,0.6029,13.2,2.37,0.4928,4.96,0.2066,13.81,-0.1124,False,,18,5,0
43c54c84-74a3-4a63-bf0b-faecfe5cfbce,Gig Worker,51103.87,0.2651,29,,,,,3.74,1.0,,,29.88,0.2031,True,769.0,36,3,0
880025d3-2e65-4418-b1f8-23fe2b126781,First-time Borrower,54676.54,0.1716,20,,,0.8076,6.53,,,6.8,0.1707,,,False,,25,3,0
17a610b1-e0ba-4d60-bf35-6194535ed4b5,Informal/Rural Worker,15294.2,0.536,18,,,,,1.86,0.6454,,,,,False,,21,2,0
9150f189-179d-4292-a244-225b538ffdfd,Informal/Rural Worker,21412.73,0.3365,14,,,0.7037,12.94,2.37,0.508,,,,,False,,14,3,1
f27b512e-dbe7-495f-8394-3bd3a0faaa79,Small Merchant,132608.53,0.3028,26,347057.37,0.7757,0.7037,12.84,,,7.27,0.1342,,,False,,23,4,0
86b6b201-5800-4419-8794-4ae3e7ffd9fd,First-time Borrower,76436.54,0.1316,24,,,0.8259,0.0,,,,,,,False,,29,2,0
4eb13143-8358-4535-8255-493d124731ea,First-time Borrower,43382.77,0.2292,17,,,0.562,8.73,,,,,,,False,,8,2,1
9fcbce01-a0e1-4c18-bbca-285ccbaa8efa,Informal/Rural Worker,22195.2,0.4888,16,,,0.6626,11.83,2.57,0.7446,,,,,False,,16,3,0
ea1ebc16-e12f-4655-9826-3e2f3e5e1a54,First-time Borrower,54281.51,0.2023,22,,,0.7562,6.33,2.99,0.7384,,,,,True,656.0,20,3,0
700c35b0-c8d0-4633-812c-536a06d96829,First-time Borrower,35072.76,0.2766,17,,,0.5998,14.11,1.69,0.4937,4.96,0.2354,17.78,-0.0385,False,,7,5,1
ac17cd02-a898-457f-b12b-1f51e25477be,Small Merchant,160491.55,0.3135,24,308452.08,0.8336,0.8465,5.85,2.59,0.6411,6.68,0.1699,,,True,740.0,18,5,1
1fa99101-323d-4e0c-867c-49eada77a86e,Informal/Rural Worker,13148.86,0.4645,11,,,0.6695,10.33,1.54,0.6379,,,,,False,,17,3,0
5e0648dc-c247-4c1b-8a7c-705af99430b2,Small Merchant,93535.11,0.3588,23,252177.33,0.6896,0.6631,9.25,,,6.86,0.2097,,,False,,13,4,0
2e058e3d-2920-4538-af03-5f1bc0341359,Gig Worker,47657.45,0.2956,26,,,,,3.37,0.8797,,,21.77,0.1832,False,,25,3,0
694187b4-ee68-424b-81f4-d41e269b10a0,Small Merchant,135140.57,0.2721,27,355879.04,0.7505,0.795,6.79,,,8.47,0.1625,,,False,,23,4,0
ea1067ab-6ad5-4f68-bc72-2342b47b51bb,First-time Borrower,57374.76,0.2506,20,,,0.6981,8.71,,,,,,,True,625.0,22,2,0
0625b3ba-912f-4299-9f54-ab64f45d3481,Informal/Rural Worker,15015.18,0.5631,13,,,0.6346,12.47,2.26,0.5698,,,,,True,536.0,15,3,0
61f60723-8447-4c00-8e65-0247c9d4f184,Gig Worker,31689.46,0.428,21,,,,,2.24,0.6541,,,17.47,-0.0141,False,,20,3,0
b8b0a7b0-880c-4c3c-8718-62af559eba4e,First-time Borrower,28885.29,0.3193,14,,,0.4754,16.34,,,2.59,0.2333,,,True,487.0,10,3,1
46c8e598-bd95-441c-9451-c0522d464e31,Small Merchant,178967.38,0.2867,24,368292.18,0.8207,0.7737,7.64,,,9.13,0.1051,,,False,,24,4,0
583da0a2-49c2-44b5-9d38-ce0ad94cce65,Informal/Rural Worker,14647.62,0.5062,11,,,0.5151,6.65,1.65,0.5777,,,,,False,,13,3,0
618db19a-1272-44bd-bf31-02c83fdf4cc5,Gig Worker,38753.32,0.4019,21,,,,,1.94,0.7051,7.22,0.1743,18.0,0.0188,False,,17,4,0
a4c66123-cb20-48a2-8106-05d1259f898e,Gig Worker,42194.39,0.4605,22,,,0.6924,9.81,2.24,0.7093,4.88,0.1045,15.71,-0.0245,False,,23,5,0
9b78aee7-1b3c-40d1-9d7a-82f5c1c8daf2,Small Merchant,163927.23,0.332,25,396552.09,0.9721,0.8912,3.28,,,7.73,0.0781,,,False,,29,4,0
749db007-f5c3-4c65-aace-47e55803c014,Small Merchant,135724.89,0.3287,26,,,0.7654,6.78,,,6.93,0.1349,21.77,0.1183,False,,21,4,0
e2f13d10-270b-4648-85f1-216143d9ea9e,Informal/Rural Worker,19923.82,0.4533,13,,,,,2.57,0.7568,,,,,False,,24,2,0
6b91628c-b6c7-49bb-8e40-c2382efc4f7b,Informal/Rural Worker,24940.32,0.345,18,,,0.8603,3.18,,,,,,,False,,27,2,0
ac303658-cda0-49e6-8e4c-77e8acb5cbd2,Informal/Rural Worker,18334.49,0.4356,8,,,0.6669,11.61,1.53,0.5614,,,,,False,,20,3,0
5fffd12c-f071-4b17-9968-ee891de82eb5,Gig Worker,36921.08,0.407,19,,,0.7466,8.01,2.94,0.6374,6.29,0.1323,21.41,0.1081,False,,13,5,0
983bb5d3-b0b6-4fcb-9bf8-b83dcaa6f357,Small Merchant,101221.21,0.4024,20,206912.66,0.5795,0.5445,11.45,,,5.18,0.1571,,,False,,14,4,0
0af660ef-70e0-46b5-a684-e8fade1ff237,Informal/Rural Worker,10836.74,0.4457,10,,,0.5942,9.24,2.21,0.7156,,,,,False,,16,3,0
c6171e44-0a1a-4aa7-87a9-1679772f60fa,Gig Worker,34397.08,0.3205,27,,,,,2.47,0.6018,,,20.36,0.0806,False,,20,3,1
897edf02-3bed-4d9f-bc5a-f4f5bc064588,Gig Worker,31701.06,0.5414,19,,,,,1.64,0.6321,6.14,0.1526,21.62,-0.0637,False,,20,4,0
37d22523-c333-460f-81b1-846db8650ec3,Small Merchant,162957.82,0.2588,24,296592.61,0.6401,0.6852,5.53,,,8.21,0.1457,,,False,,17,4,0
134e34ac-cfe7-401a-8e54-8aa68045f1e8,First-time Borrower,63005.35,0.2391,22,,,0.7859,7.33,2.63,0.6957,5.81,0.1201,,,True,641.0,21,4,0
aa020ea7-01dd-4942-96dd-6104802d4b90,First-time Borrower,66630.99,0.213,22,,,0.6636,10.93,,,,,16.66,-0.0836,True,646.0,18,3,0
4d6df3bb-cb97-45df-8e3c-fabeeadd4277,Small Merchant,84043.8,0.3805,21,233227.73,0.7242,0.5582,11.78,,,4.52,0.2029,,,False,,12,4,0
c1069d8b-ab92-4732-98da-3abbac15dfa8,Informal/Rural Worker,16377.76,0.5442,10,,,0.553,13.42,1.53,0.5136,,,,,True,510.0,13,3,0
791a2700-988c-464e-a408-8d2a154040f9,Informal/Rural Worker,17585.97,0.5836,16,,,0.648,12.37,1.68,0.6116,,,,,False,,14,3,0
6b9a0113-0165-4284-a1e7-1850132016ed,Gig Worker,22054.71,0.5724,22,,,0.5326,16.53,1.29,0.5128,,,14.09,-0.1593,False,,9,4,0
7c7d1f34-a64b-47f2-9ad2-a22f81856a0a,Small Merchant,123883.55,0.3151,23,252633.35,0.5612,0.5953,7.77,,,5.82,0.1198,,,False,,18,4,0
fd07696b-bbd6-437f-8704-a69f80473b86,Small Merchant,104218.67,0.3084,22,212478.93,0.6208,0.6474,8.6,2.29,0.6662,4.4,0.1444,,,False,,19,5,0
af541d8b-e5a2-4b4e-9de9-3fd6f215fa8b,Gig Worker,27575.48,0.4794,20,,,,,1.28,0.4739,,,19.68,-0.0279,True,568.0,21,3,1
7546d064-510d-4113-848c-62682782db70,Informal/Rural Worker,17062.51,0.4524,16,,,0.595,8.17,1.5,0.5414,,,,,False,,8,3,0
110dbe02-cd75-47ce-8826-9dc2477d523c,Informal/Rural Worker,12686.43,0.6052,14,,,0.6889,9.66,1.73,0.6434,,,,,False,,15,3,0
31f32c9a-d219-4622-aca4-3420f20bdbab,First-time Borrower,64522.34,0.2281,17,,,0.7087,6.87,,,,,,,True,579.0,19,2,0
3c0a1031-32a6-4feb-a69f-d02b24686fa6,Small Merchant,75778.98,0.3779,22,212049.3,0.6332,0.5503,15.2,,,3.8,0.273,,,False,,17,4,0
e8e05368-e012-4a13-87c2-ba09cef5a423,First-time Borrower,51948.27,0.2562,17,,,0.8067,10.6,2.45,0.6932,,,,,False,,24,3,1
db8356c7-650c-4afd-8d0b-7251536ed144,Informal/Rural Worker,22100.44,0.3017,14,,,0.7186,7.14,3.17,0.6185,,,,,False,,20,3,0
7fa92feb-18cc-4a68-81ad-8845ca0ab98d,Small Merchant,87446.69,0.3393,20,265464.69,0.6797,0.7959,10.26,,,4.37,0.2225,,,False,,18,4,0
8e5ac95d-5a10-4a4c-b23b-c5eb626505bb,Gig Worker,45096.72,0.4153,24,,,,,2.76,0.7109,,,23.05,0.1808,False,,28,3,0
b063202b-be18-4297-b8e7-7dd8e1d4dd7c,Small Merchant,168345.41,0.2214,24,387525.67,0.8794,0.8512,2.97,3.48,0.8974,,,,,True,836.0,31,4,0
d491c526-abba-4b7c-96ae-d57eae258933,First-time Borrower,35463.99,0.3059,16,,,0.5205,15.0,1.4,0.5268,,,,,True,520.0,10,3,1
bcd5bddf-3eed-4309-8cc6-e528334d6d1b,Informal/Rural Worker,29238.31,0.3517,16,,,0.8112,3.78,3.74,0.8342,,,,,False,,26,3,0
9e049609-c4b1-4149-a3df-473d99fcf1cf,First-time Borrower,40086.31,0.2441,13,,,0.5868,10.49,,,5.29,0.1999,,,True,539.0,9,3,0
e0c91a43-737d-443e-9831-3768c835d316,Gig Worker,42135.71,0.4173,23,,,,,2.79,0.6847,,,22.95,0.1316,False,,20,3,0
03c968be-bdad-46d0-8d82-450ce1f2d1a2,Informal/Rural Worker,16818.27,0.583,9,,,0.6114,11.93,1.18,0.5469,,,,,False,,9,3,0
18926692-45ea-48f9-9bfa-aab98329d7e7,Small Merchant,62964.7,0.3664,19,199772.91,0.6564,0.5415,13.39,,,4.96,0.1846,15.31,0.0078,False,,15,5,0
b8b6a3ce-3547-439c-997e-71f770d0f79c,Informal/Rural Worker,16805.65,0.4094,18,,,0.8019,10.34,2.58,0.7295,,,,,False,,23,3,0
f3ff4ad3-dfab-4472-8235-6b1a75d847a9,Small Merchant,185048.71,0.3376,28,324837.27,0.8535,0.7958,6.61,,,7.0,0.1281,,,False,,22,4,0
08abff2c-e0bb-4582-b77f-77b8deb6b5df,Informal/Rural Worker,17187.48,0.6014,16,,,0.7631,8.66,2.17,0.6283,,,,,False,,19,3,0
19a73436-1310-40e5-801e-3c3fdbe111c9,Small Merchant,50322.65,0.3998,20,177803.31,0.6414,0.6214,11.84,1.02,0.607,4.77,0.2751,,,False,,11,5,0
155763d9-0b33-4fa7-a9f8-2b76a7582596,First-time Borrower,55364.07,0.2354,17,,,0.6338,6.34,2.19,0.7602,,,,,True,700.0,22,3,0
fd559865-ed83-431b-a682-25781feb5d05,Small Merchant,207415.33,0.2138,29,353415.08,1.0,0.8733,1.57,2.81,0.9488,9.8,0.0693,,,False,,30,5,0
d000b641-14b2-42fd-8d5d-6816e85f6b0e,Gig Worker,29826.09,0.4096,23,,,,,2.02,0.6119,4.82,0.1525,,,True,596.0,18,3,0
e38d29fa-d33a-44b9-96fc-bc4a5c43ba1c,Small Merchant,142798.26,0.2886,24,233671.57,0.6869,0.6719,7.63,,,6.52,0.2267,,,False,,25,4,0
87e61583-b894-42f1-8f1d-040f500b7dff,First-time Borrower,67584.33,0.1524,20,,,0.8585,5.38,,,7.48,0.139,26.49,0.2167,False,,26,4,0
1f053226-5cc5-40f9-9943-261af4578143,Informal/Rural Worker,16902.9,0.6864,9,,,,,1.77,0.5649,,,,,False,,9,2,0
01fc160d-7b57-4d71-8caa-a6a66b015223,Small Merchant,174345.94,0.2722,27,384207.27,0.8874,0.8525,0.47,,,7.57,0.1013,,,False,,31,4,0
1dd85404-8d62-4821-8c6b-f57425bb7983,Gig Worker,20719.99,0.4017,21,,,,,1.99,0.5858,,,20.47,-0.0328,False,,20,3,1
a6113caa-9b21-42f2-a342-f45cd7eb2a96,Gig Worker,21965.9,0.4635,17,,,,,1.23,0.361,2.36,0.2556,11.88,-0.0734,False,,9,4,1
d8ac7226-b6f1-4c57-a2b6-2f397fac4430,Small Merchant,120457.55,0.3696,23,253721.33,0.7822,0.649,4.21,,,6.91,0.214,,,False,,20,4,0
066b5327-8950-4f0b-8ec0-9e4b2610b50d,Gig Worker,34339.72,0.4179,26,,,,,2.75,0.8406,,,22.92,0.0639,False,,22,3,0
28c5335b-9e11-4a0f-99e7-8a65271d70cf,Gig Worker,36985.92,0.3574,29,,,,,2.4,0.8237,,,19.08,0.066,False,,25,3,0
33261c39-0d87-4815-89ab-f43b1dad236d,Gig Worker,50271.34,0.3035,28,,,,,3.25,0.9781,8.28,0.0844,23.31,0.1718,False,,30,4,0
590aafa3-f263-46a0-a0c4-e605f97c5ced,First-time Borrower,74771.72,0.1405,26,,,0.7586,4.28,2.68,0.7949,,,,,True,672.0,27,3,0
a7e60271-2265-4150-921c-dfed43a9642f,First-time Borrower,73027.46,0.249,19,,,0.7369,3.16,,,7.29,0.1467,,,True,710.0,24,3,0
7474edc2-4551-44fc-9d47-3955af29d56e,First-time Borrower,65878.97,0.1278,21,,,,,,,,,,,False,,18,1,0
3bd66a8c-79a7-45d4-b40b-60fb6d794690,Gig Worker,33707.14,0.5285,18,,,0.6874,10.97,1.52,0.6188,3.56,0.2176,15.08,-0.0661,False,,14,5,0
220761b7-ec70-41db-9c1c-f29647d001c9,Informal/Rural Worker,24287.23,0.3736,18,,,0.9482,3.19,,,,,,,False,,25,2,0
25fe2a8f-d101-488c-80bb-ede44ba56c5e,First-time Borrower,84244.53,0.1839,20,,,0.8629,6.88,,,,,,,True,670.0,25,2,0
90a6dd31-b9d6-4eb9-a382-24943957988f,First-time Borrower,50492.03,0.2193,16,,,0.5473,10.37,1.73,0.5889,4.27,0.2159,,,False,,10,4,0
bb92a459-d807-49b7-bdbf-da777940e4a7,Gig Worker,24860.16,0.4615,23,,,0.5433,11.8,1.44,0.4957,,,,,True,476.0,11,3,1
23f2370a-efb7-4fee-9838-10cbf015487f,First-time Borrower,66632.97,0.1548,22,,,0.7201,7.98,,,6.01,0.1404,,,True,730.0,26,3,0
c7a12d2f-cf7f-4cfb-855e-0d903d787676,Informal/Rural Worker,16295.28,0.4903,14,,,0.6921,9.87,2.69,0.6305,,,,,False,,19,3,0
add75eec-9e1f-48e8-bbed-e84187c939ac,Gig Worker,39790.93,0.2264,26,,,0.7293,4.58,2.93,0.8756,,,24.29,0.1498,True,707.0,27,4,1
423fe653-b060-4009-b61b-f767dd319b3d,Informal/Rural Worker,29900.82,0.2708,18,,,0.8914,3.59,3.34,0.901,,,,,False,,32,3,0
1053428b-b7e7-4d71-98a1-e83a72639d74,Informal/Rural Worker,16460.64,0.5589,15,,,0.6567,8.36,2.24,0.5567,,,,,False,,17,3,0
23050abd-0d84-409e-a146-34a13ae78720,First-time Borrower,51372.3,0.1696,18,,,0.5601,12.97,,,3.74,0.2058,,,False,,14,3,1
ccdedd17-674e-48a2-8c80-7682588c13a1,First-time Borrower,41477.15,0.1974,17,,,0.6603,11.82,,,3.49,0.1543,,,False,,19,3,0
21031c5c-1c2b-401b-a18f-c259fa8016a5,First-time Borrower,58628.72,0.1862,24,,,0.784,4.59,2.88,0.8865,,,,,True,701.0,22,3,0
d194abfb-45b0-4892-bb58-cd672af5465d,Informal/Rural Worker,19130.37,0.3995,15,,,0.6941,11.06,1.89,0.7101,,,,,False,,22,3,0
17a62306-888f-4632-bcbd-dc5a0677209d,Gig Worker,28407.78,0.344,19,,,,,1.72,0.4953,,,15.92,-0.0356,False,,10,3,0
d5ad7d99-43c5-4d54-83a5-1c87535eab3a,Informal/Rural Worker,18151.07,0.5833,12,,,0.5848,13.83,2.17,0.4205,,,,,False,,13,3,1
becfbb13-9bd1-474a-882f-0e2bf30cf688,First-time Borrower,53043.17,0.2651,18,,,,,,,,,,,True,576.0,13,1,0
9422f5c4-17b2-4d2b-a885-da0148de320e,First-time Borrower,93317.18,0.1184,27,,,0.8887,1.9,2.94,0.8717,9.59,0.0913,,,False,,31,4,0
fe2f043b-556e-4f2a-9a59-10fb667eac3c,First-time Borrower,79078.68,0.1854,27,,,0.8949,2.42,,,,,,,True,752.0,28,2,0
90fed7a7-1dfa-4eb2-abed-da3ec1b25f25,Small Merchant,99248.86,0.4671,23,230430.67,0.6942,0.6721,11.57,2.07,0.6527,4.96,0.1766,,,False,,20,5,1
1ec8aa31-8cf4-4fe1-991b-a16a96f0e701,Informal/Rural Worker,25118.78,0.4919,18,,,0.738,5.98,,,,,,,False,,25,2,0
61ec43a5-4208-4c6d-b582-c92b8f50a029,Small Merchant,80143.2,0.5202,23,130660.2,0.5686,0.5139,15.63,,,3.03,0.2239,,,False,,10,4,1
375779bf-0372-4a50-8d07-bc0a608c25c4,Small Merchant,103270.28,0.2961,21,216638.26,0.6259,0.5382,8.93,,,,,,,True,623.0,13,3,0
6abca931-2c95-4eff-bd4a-1c97daf8ae8c,First-time Borrower,26570.54,0.2551,16,,,0.5581,14.5,1.42,0.4649,,,,,True,504.0,7,3,1
f5a5c8b4-4dae-4638-ac37-16acff857e2d,Informal/Rural Worker,15943.25,0.4671,15,,,0.5762,12.05,1.71,0.674,,,,,False,,16,3,0
b1350643-213d-4992-a4f8-af621751e7e6,Gig Worker,29727.41,0.4788,17,,,,,1.66,0.5213,,,13.65,-0.1502,True,477.0,13,3,1
a827a209-60f4-4019-b0d8-1e0010b001e8,Informal/Rural Worker,32571.99,0.2355,21,,,0.8506,2.72,3.02,0.9041,,,,,False,,31,3,0
87a89e6a-0c57-47e1-af3f-198bf34550dc,First-time Borrower,32925.54,0.3686,16,,,0.58,12.88,1.51,0.3715,3.38,0.2652,,,False,,7,4,1
084035d2-e8a6-4019-bb47-71f603b8e382,First-time Borrower,66796.63,0.2195,25,,,0.8252,9.88,2.89,0.7211,,,,,True,693.0,20,3,0
b79f6199-092a-443e-859f-09d140553015,Gig Worker,50202.93,0.3381,24,,,,,2.44,0.7761,6.09,0.1403,23.09,0.0759,False,,18,4,0
65ee6621-9864-4e3a-bdeb-10d1a204d3d0,First-time Borrower,26102.82,0.3151,14,,,0.4842,16.3,,,,,,,True,440.0,5,2,1
b653de40-4389-4e8c-bebf-e56873db898c,Informal/Rural Worker,12140.07,0.4977,14,,,0.4999,18.66,1.52,0.4706,,,,,False,,15,3,0
11887505-9568-416f-a7b4-d1772fe2af03,Gig Worker,31393.26,0.4341,23,,,,,2.62,0.6151,,,18.72,0.0329,False,,20,3,0
5d57bba6-cb8b-4f62-90cf-86402b2545c9,Small Merchant,146653.6,0.2895,23,270860.04,0.6698,0.7702,9.28,,,3.3,0.1583,,,False,,17,4,0
932f05cf-1cf3-4740-8d17-1bedb3b80204,Gig Worker,32635.86,0.3677,22,,,0.708,6.48,2.99,0.8861,,,18.92,0.1428,False,,17,4,0
10081892-2f4f-47b5-ab94-7a3e39b2d15d,Gig Worker,28452.22,0.3885,22,,,0.6157,8.22,1.93,0.6235,,,16.78,0.0937,False,,16,4,1
42c48cb4-bbae-485c-934e-6b4b16ece8a5,Small Merchant,58194.42,0.3602,22,186572.09,0.6361,,,,,5.37,0.159,,,True,501.0,15,3,0
68bbac29-1391-4a8f-9648-0249f6d59d51,Small Merchant,102005.1,0.4114,26,194666.33,0.7226,,,,,4.5,0.2039,,,False,,15,3,1
adf96270-20ae-4fbb-af9e-c639d89906ac,Informal/Rural Worker,18537.12,0.4925,15,,,,,1.87,0.6301,,,,,False,,16,2,0
10f95656-35b6-41e3-9871-476596ac476b,Gig Worker,33342.17,0.4121,22,,,0.6844,10.48,1.93,0.6705,,,19.17,0.0744,False,,16,4,0
38c4fcc0-278c-430b-b19b-8edb7af35455,Gig Worker,30950.82,0.4127,21,,,,,2.24,0.629,,,16.14,-0.0139,False,,17,3,1
dab32cd3-9c73-4b5e-a9ed-763143005f1b,First-time Borrower,33238.26,0.355,13,,,0.4051,18.26,1.15,0.4138,1.7,0.2723,,,False,,4,4,1
9a134ccf-68c7-4206-a11e-faa3d499c29a,Small Merchant,146769.48,0.3694,23,296116.86,0.7556,0.68,8.52,,,6.03,0.1511,21.55,-0.0084,False,,19,5,1
6954e03c-1bc5-45c1-8ade-4160de70c7cb,Gig Worker,39478.15,0.3308,25,,,0.7187,6.0,2.32,0.649,,,16.48,0.0377,False,,18,4,0
497d7258-46ee-48c7-8fc9-656f84f78875,Gig Worker,25177.54,0.3508,20,,,0.5759,11.71,2.52,0.725,5.93,0.1755,19.25,-0.0057,False,,18,5,0
e1b347d8-8a02-4a19-ad15-5f69d5d2230b,Small Merchant,150823.15,0.2155,27,331212.42,0.8113,0.7822,9.3,,,,,,,False,,24,3,0
446efe0d-b49d-4b22-8ccf-c1bc3079dac8,Small Merchant,104206.12,0.296,24,190292.38,0.6408,0.6207,11.78,,,4.48,0.201,14.5,-0.0591,False,,16,5,0
f97a7ac9-d5ae-44fe-8902-8192b20dcd32,Gig Worker,47741.63,0.2058,26,,,,,3.48,0.802,,,24.33,0.0575,False,,21,3,0
42f8a179-8785-458d-a89a-a8c55177fa79,Informal/Rural Worker,22298.07,0.5149,18,,,0.8011,3.79,3.13,0.8665,,,,,False,,19,3,0
5e0ca705-0f99-4fd6-a810-8e95d472a71b,Gig Worker,40712.02,0.3774,23,,,0.8076,7.73,2.29,0.7508,,,23.59,0.1792,False,,20,4,0
3f3bb2f3-fec6-4173-9de9-56cb78ff68ba,Small Merchant,149035.68,0.3709,25,250552.76,0.8298,0.7623,5.45,,,6.93,0.1394,,,False,,36,4,0
db978846-f83d-4de5-9a5b-edeac3acdbf0,Small Merchant,179413.96,0.2093,27,416293.57,0.9795,0.9682,0.0,,,,,,,False,,28,3,0
47b2d433-c494-4623-91fd-038c9c75183f,Informal/Rural Worker,31270.08,0.4272,17,,,0.8229,8.31,2.58,0.9112,,,,,False,,27,3,0
42a1ff9f-448a-41ac-b5a4-b6082c5f34c3,First-time Borrower,42919.5,0.2524,17,,,0.5735,17.3,,,6.06,0.2099,,,False,,13,3,1
ba069320-ab18-4692-a02f-5a8b7316da04,First-time Borrower,58605.99,0.2119,24,,,0.6704,8.08,,,,,,,True,702.0,22,2,0
31a44f2e-e553-4c8a-8452-4d6b2a597879,Gig Worker,46881.1,0.4163,23,,,0.8087,2.53,3.21,0.844,,,28.26,0.1699,False,,25,4,0
0d66afb4-b652-48b0-a1d8-17a0b7a97fbc,Gig Worker,26537.15,0.4029,20,,,,,1.77,0.6214,,,16.25,-0.0947,False,,10,3,0
9e71cedf-2ba5-4d36-9eed-d1ebb4854d78,Small Merchant,50527.63,0.4229,21,139805.34,0.5437,0.5041,18.41,,,,,,,False,,9,3,1
367435ed-533a-4ba3-a7b6-736448db3d0b,First-time Borrower,51021.09,0.2559,18,,,0.687,10.92,,,5.08,0.1618,,,False,,20,3,0
7f4f361f-596e-439f-9bdd-caaa1050ff22,Small Merchant,143530.69,0.3575,24,,,0.5845,9.83,2.07,0.6826,,,19.94,-0.0332,False,,18,4,0
4a1a44eb-1247-4554-a77b-eec41f30f5c5,Informal/Rural Worker,23510.7,0.4336,16,,,0.6999,13.6,2.02,0.6689,,,,,False,,17,3,0
bd2270b2-6dc2-42ea-88f0-76cd235b102a,Small Merchant,156874.96,0.3082,26,271231.17,0.8348,0.7699,7.71,2.63,0.775,5.41,0.1227,,,True,680.0,26,5,0
35a0e968-e72e-4f92-807a-7380450f0086,Gig Worker,31204.96,0.3265,21,,,0.7409,9.97,1.95,0.6285,5.09,0.1503,19.75,-0.0188,True,653.0,16,5,0
09632b33-accb-4bf8-a53b-eaabbf240fce,Small Merchant,200551.72,0.2325,27,416983.34,0.8493,0.9086,3.11,,,9.58,0.1759,,,False,,28,4,0
99231559-73c3-4eaa-966b-7844ce815397,First-time Borrower,21077.27,0.3159,12,,,0.5362,14.1,1.26,0.5007,4.25,0.2262,,,False,,10,4,1
cd552c40-285b-4bee-a701-be82491ee07d,Informal/Rural Worker,19279.32,0.57,12,,,0.6819,7.34,2.09,0.7179,,,,,False,,16,3,1
9fc03b8a-27d5-4e3a-b588-84d365d7e448,First-time Borrower,61079.16,0.1633,25,,,0.7447,7.57,,,,,,,False,,23,2,0
95b594ea-bb82-41d5-9068-244fd72d168e,Gig Worker,43039.14,0.3921,25,,,,,3.97,0.9416,8.15,0.0857,23.87,0.2961,False,,34,4,0
d675f254-19da-4f23-ba27-fc47ba0da2de,Gig Worker,33244.48,0.4132,24,,,0.6358,8.11,1.82,0.6251,,,16.8,0.0179,False,,12,4,0
6e7b534d-e23f-4eed-971a-7ebae5c16872,Gig Worker,29231.45,0.3313,26,,,,,2.2,0.6184,,,20.93,-0.0101,True,651.0,17,3,0
6a980ca1-ac23-4fe1-91f3-ec13d9f53dcd,First-time Borrower,45420.05,0.2477,20,,,0.5802,7.37,,,,,,,True,610.0,23,2,0
abb89192-fd06-41fa-8c8f-04d944ae3be5,First-time Borrower,80230.63,0.1193,24,,,0.9147,2.82,3.05,1.0,9.46,0.0989,,,True,721.0,29,4,0
af26690f-db2c-4974-850c-cde7319d6345,Gig Worker,32272.53,0.4564,24,,,,,2.65,0.6474,,,19.73,0.1096,False,,19,3,0
93b7bd41-b463-49aa-8131-e85322139c96,Gig Worker,33187.24,0.3368,20,,,,,1.84,0.702,,,18.71,0.0549,False,,16,3,0
11804566-ea1d-4c73-afb1-6c24e35d67d5,Informal/Rural Worker,20713.62,0.4716,14,,,0.6578,9.4,2.15,0.5648,,,,,False,,15,3,0
f94d3519-b61e-422b-939c-993dc5555846,First-time Borrower,82265.38,0.0916,24,,,0.8761,2.37,3.17,0.9361,,,,,True,742.0,27,3,0
1b456101-64d9-45f5-81c5-c6938d364a7d,Small Merchant,133154.15,0.2635,24,313856.03,0.7355,0.6871,6.37,,,5.45,0.0803,23.36,0.0971,False,,22,5,0
f3006d22-abf3-4ea2-a5bd-e517ac33d045,Gig Worker,30392.51,0.3746,21,,,,,1.94,0.512,,,14.28,-0.0447,False,,20,3,0
aaf42f90-c528-47fb-9831-b697ad7d697a,Gig Worker,43997.5,0.3798,23,,,,,2.69,0.7664,,,21.73,0.0645,False,,23,3,0
a98deea8-0e91-44bb-b06d-f7806a70d256,Gig Worker,26497.01,0.4487,20,,,,,2.17,0.5317,,,16.05,-0.009,False,,20,3,0
f4fd62e2-91a1-414e-97d7-f61ff811d34a,Small Merchant,159945.09,0.3616,26,323497.42,0.8371,0.7835,9.9,,,7.66,0.1079,,,True,746.0,26,4,0
16524ac9-0e05-4913-857b-4469de6b6b0a,Informal/Rural Worker,30067.93,0.3833,16,,,0.8146,6.96,2.99,0.869,,,,,False,,28,3,0
dae748e7-eb2a-4554-902e-0a3c59f379b1,Small Merchant,141405.75,0.2989,26,331013.84,0.8398,0.7333,6.38,,,8.45,0.1175,21.42,0.1615,True,713.0,21,5,0
37e99ff2-2ecb-410d-b516-ffdd59987764,Gig Worker,23143.17,0.411,20,,,,,1.55,0.5731,,,16.19,0.0033,True,550.0,23,3,0
d4e2542c-ef4b-4312-97d3-566f3ed8d33d,First-time Borrower,79349.05,0.1569,25,,,0.8048,2.88,2.89,0.8537,8.29,0.102,,,True,696.0,23,4,0
80363a3e-77c9-492f-af08-5d2454f039c9,Small Merchant,143499.4,0.4026,23,287035.21,0.7833,0.7406,7.6,,,8.74,0.1613,,,True,666.0,16,4,0
0f2d5563-3ab0-4ecd-825d-008989d32814,Small Merchant,113011.61,0.3837,22,263609.87,0.6725,0.7327,11.71,,,4.12,0.1287,,,False,,18,4,0
4ae7cd66-6ce0-4416-8aec-e9543900c5d2,Small Merchant,133428.55,0.4548,24,280707.28,0.787,0.7335,6.48,2.44,0.6903,5.0,0.1719,,,False,,26,5,0
5413f053-a4b8-4f3c-8e5c-3929b6ab0022,Gig Worker,9290.81,0.5224,16,,,,,0.88,0.4842,,,9.57,-0.1485,False,,6,3,1
71e20539-78b5-44e8-bb05-8887059b6bc8,Small Merchant,209257.63,0.2783,26,347667.89,0.8401,0.9344,2.11,2.42,0.7723,8.25,0.1372,,,False,,20,5,0
0b80b828-f12e-4d9b-b033-59d488d995c6,First-time Borrower,45499.61,0.2466,14,,,0.6129,13.74,1.44,0.5048,,,,,True,557.0,16,3,0
946075bc-152b-41c0-ac86-25fdc0141363,Small Merchant,145245.68,0.2746,27,333930.63,0.7808,0.7632,10.83,2.87,0.8275,7.46,0.1017,,,False,,22,5,0
3bef1551-c2e1-4c18-be6f-b12e3fb56567,Informal/Rural Worker,24779.8,0.4183,22,,,0.8658,3.02,3.43,0.8282,,,,,False,,26,3,0
6e115513-c7d8-4cc1-98bf-9659335ac752,Gig Worker,36282.67,0.3342,21,,,,,2.17,0.7345,,,20.0,0.0755,False,,21,3,0
0606c3eb-4b06-4c0f-bc9b-58973eb25699,Gig Worker,37555.37,0.4174,21,,,,,2.16,0.5783,,,18.77,0.0675,False,,16,3,0
f7ef62f5-04a4-4468-8eeb-fce9e1460cad,Informal/Rural Worker,16351.37,0.6176,11,,,0.616,14.71,1.6,0.5533,,,,,False,,17,3,0
87bf3661-a0ea-4687-9d9c-1b70ccf7379a,Informal/Rural Worker,19396.25,0.5279,11,,,0.5325,10.49,2.16,0.6277,,,,,False,,12,3,0
ef96a24c-ac14-4a54-b4cc-edbd2f5740fb,Small Merchant,98370.31,0.4153,22,230278.74,0.6765,0.5875,9.14,,,4.13,0.1716,,,False,,19,4,1
